-- MySQL dump 10.16  Distrib 10.1.16-MariaDB, for Win32 (AMD64)
--
-- Host: localhost    Database: travelsmart
-- ------------------------------------------------------
-- Server version	10.1.16-MariaDB

/*!40101 SET @OLD_CHARACTER_SET_CLIENT=@@CHARACTER_SET_CLIENT */;
/*!40101 SET @OLD_CHARACTER_SET_RESULTS=@@CHARACTER_SET_RESULTS */;
/*!40101 SET @OLD_COLLATION_CONNECTION=@@COLLATION_CONNECTION */;
/*!40101 SET NAMES utf8 */;
/*!40103 SET @OLD_TIME_ZONE=@@TIME_ZONE */;
/*!40103 SET TIME_ZONE='+00:00' */;
/*!40014 SET @OLD_UNIQUE_CHECKS=@@UNIQUE_CHECKS, UNIQUE_CHECKS=0 */;
/*!40014 SET @OLD_FOREIGN_KEY_CHECKS=@@FOREIGN_KEY_CHECKS, FOREIGN_KEY_CHECKS=0 */;
/*!40101 SET @OLD_SQL_MODE=@@SQL_MODE, SQL_MODE='NO_AUTO_VALUE_ON_ZERO' */;
/*!40111 SET @OLD_SQL_NOTES=@@SQL_NOTES, SQL_NOTES=0 */;

--
-- Table structure for table `admin_details`
--

DROP TABLE IF EXISTS `admin_details`;
/*!40101 SET @saved_cs_client     = @@character_set_client */;
/*!40101 SET character_set_client = utf8 */;
CREATE TABLE `admin_details` (
  `admin_id` int(8) NOT NULL AUTO_INCREMENT,
  `agent_id` varchar(64) NOT NULL,
  `admin_account_number` varchar(6) NOT NULL,
  `note_info` text NOT NULL,
  `admin_name` varchar(32) NOT NULL,
  `admin_email` varchar(32) NOT NULL,
  `admin_mobile` int(12) NOT NULL,
  `admin_profile_pic` varchar(124) NOT NULL,
  `admin_status` enum('INACTIVE','ACTIVE','BLOCK') NOT NULL,
  `created_timestamp` timestamp NOT NULL DEFAULT CURRENT_TIMESTAMP,
  PRIMARY KEY (`admin_id`)
) ENGINE=InnoDB AUTO_INCREMENT=2 DEFAULT CHARSET=utf8;
/*!40101 SET character_set_client = @saved_cs_client */;

--
-- Dumping data for table `admin_details`
--

LOCK TABLES `admin_details` WRITE;
/*!40000 ALTER TABLE `admin_details` DISABLE KEYS */;
INSERT INTO `admin_details` VALUES (1,'53879457d7da2b0200e43111','SA_001','Test','Jochum','ruby.refundme16@gmail.com',12345123,'employee/profile_pic_D1611171933091479407589.png','ACTIVE','2016-11-17 18:18:03');
/*!40000 ALTER TABLE `admin_details` ENABLE KEYS */;
UNLOCK TABLES;

--
-- Table structure for table `admin_login`
--

DROP TABLE IF EXISTS `admin_login`;
/*!40101 SET @saved_cs_client     = @@character_set_client */;
/*!40101 SET character_set_client = utf8 */;
CREATE TABLE `admin_login` (
  `admin_login_id` int(8) NOT NULL AUTO_INCREMENT,
  `admin_id` int(8) NOT NULL,
  `user_name` varchar(32) NOT NULL,
  `password` varchar(32) NOT NULL,
  `created_timestamp` timestamp NOT NULL DEFAULT CURRENT_TIMESTAMP,
  PRIMARY KEY (`admin_login_id`),
  KEY `admin_login_admin_id_fkey` (`admin_id`),
  CONSTRAINT `admin_login_admin_id_fkey` FOREIGN KEY (`admin_id`) REFERENCES `admin_details` (`admin_id`)
) ENGINE=InnoDB AUTO_INCREMENT=3 DEFAULT CHARSET=utf8;
/*!40101 SET character_set_client = @saved_cs_client */;

--
-- Dumping data for table `admin_login`
--

LOCK TABLES `admin_login` WRITE;
/*!40000 ALTER TABLE `admin_login` DISABLE KEYS */;
INSERT INTO `admin_login` VALUES (2,1,'admin','12345','2016-11-17 18:18:35');
/*!40000 ALTER TABLE `admin_login` ENABLE KEYS */;
UNLOCK TABLES;

--
-- Table structure for table `admin_login_tracking`
--

DROP TABLE IF EXISTS `admin_login_tracking`;
/*!40101 SET @saved_cs_client     = @@character_set_client */;
/*!40101 SET character_set_client = utf8 */;
CREATE TABLE `admin_login_tracking` (
  `admin_login_tracking_id` int(8) NOT NULL AUTO_INCREMENT,
  `user_id` int(124) NOT NULL,
  `user_type` varchar(12) NOT NULL,
  `user_name` varchar(64) NOT NULL,
  `user_pic` text NOT NULL,
  `ip_address` varchar(32) NOT NULL,
  `browser_info` varchar(64) NOT NULL,
  `login_type` enum('URL','FAIL','WRONG_PASSWORD','WRONG_EMAIL','WRONG_USERNAME') NOT NULL,
  `user_agent_info` varchar(128) NOT NULL,
  `created_timestamp` timestamp NOT NULL DEFAULT CURRENT_TIMESTAMP,
  PRIMARY KEY (`admin_login_tracking_id`)
) ENGINE=InnoDB AUTO_INCREMENT=104 DEFAULT CHARSET=utf8;
/*!40101 SET character_set_client = @saved_cs_client */;

--
-- Dumping data for table `admin_login_tracking`
--

LOCK TABLES `admin_login_tracking` WRITE;
/*!40000 ALTER TABLE `admin_login_tracking` DISABLE KEYS */;
INSERT INTO `admin_login_tracking` VALUES (1,0,'','','','::1','Chrome 58.0.3029.110-Windows 7','URL','Mozilla/5.0 (Windows NT 6.1; Win64; x64) AppleWebKit/537.36 (KHTML, like Gecko) Chrome/58.0.3029.110 Safari/537.36','2017-05-15 09:15:07'),(2,0,'','','','::1','Chrome 58.0.3029.110-Windows 7','URL','Mozilla/5.0 (Windows NT 6.1; Win64; x64) AppleWebKit/537.36 (KHTML, like Gecko) Chrome/58.0.3029.110 Safari/537.36','2017-05-15 09:18:10'),(3,0,'','','','::1','Chrome 58.0.3029.110-Windows 7','URL','Mozilla/5.0 (Windows NT 6.1; Win64; x64) AppleWebKit/537.36 (KHTML, like Gecko) Chrome/58.0.3029.110 Safari/537.36','2017-05-15 09:24:19'),(4,0,'','','','::1','Chrome 58.0.3029.110-Windows 7','URL','Mozilla/5.0 (Windows NT 6.1; Win64; x64) AppleWebKit/537.36 (KHTML, like Gecko) Chrome/58.0.3029.110 Safari/537.36','2017-05-15 09:24:20'),(5,1,'ADMIN','Jochum','http://localhost/travelsmart/admin/data-file/employee/profile_pic_D1611171933091479407589.png','::1','Chrome 58.0.3029.110-Windows 7','','Mozilla/5.0 (Windows NT 6.1; Win64; x64) AppleWebKit/537.36 (KHTML, like Gecko) Chrome/58.0.3029.110 Safari/537.36','2017-05-15 09:24:21'),(6,0,'','','','::1','Chrome 58.0.3029.110-Windows 7','URL','Mozilla/5.0 (Windows NT 6.1; Win64; x64) AppleWebKit/537.36 (KHTML, like Gecko) Chrome/58.0.3029.110 Safari/537.36','2017-05-15 09:24:32'),(7,0,'','','','::1','Chrome 58.0.3029.110-Windows 7','URL','Mozilla/5.0 (Windows NT 6.1; Win64; x64) AppleWebKit/537.36 (KHTML, like Gecko) Chrome/58.0.3029.110 Safari/537.36','2017-05-15 09:24:34'),(8,1,'ADMIN','Jochum','http://localhost/travelsmart/admin/data-file/employee/profile_pic_D1611171933091479407589.png','::1','Chrome 58.0.3029.110-Windows 7','','Mozilla/5.0 (Windows NT 6.1; Win64; x64) AppleWebKit/537.36 (KHTML, like Gecko) Chrome/58.0.3029.110 Safari/537.36','2017-05-15 09:24:34'),(9,0,'','','','::1','Chrome 58.0.3029.110-Windows 7','URL','Mozilla/5.0 (Windows NT 6.1; Win64; x64) AppleWebKit/537.36 (KHTML, like Gecko) Chrome/58.0.3029.110 Safari/537.36','2017-05-16 09:37:12'),(10,0,'','','','::1','Chrome 58.0.3029.110-Windows 7','URL','Mozilla/5.0 (Windows NT 6.1; Win64; x64) AppleWebKit/537.36 (KHTML, like Gecko) Chrome/58.0.3029.110 Safari/537.36','2017-05-16 09:40:18'),(11,1,'ADMIN','Jochum','http://localhost/travelsmart/admin/data-file/employee/profile_pic_D1611171933091479407589.png','::1','Chrome 58.0.3029.110-Windows 7','','Mozilla/5.0 (Windows NT 6.1; Win64; x64) AppleWebKit/537.36 (KHTML, like Gecko) Chrome/58.0.3029.110 Safari/537.36','2017-05-16 09:40:18'),(12,0,'','','','192.168.1.9','Chrome 58.0.3029.96-Windows 10','URL','Mozilla/5.0 (Windows NT 10.0; Win64; x64) AppleWebKit/537.36 (KHTML, like Gecko) Chrome/58.0.3029.96 Safari/537.36','2017-05-17 06:47:26'),(13,0,'','','','192.168.1.9','Chrome 58.0.3029.96-Windows 10','URL','Mozilla/5.0 (Windows NT 10.0; Win64; x64) AppleWebKit/537.36 (KHTML, like Gecko) Chrome/58.0.3029.96 Safari/537.36','2017-05-17 06:47:33'),(14,1,'ADMIN','Jochum','http://192.168.1.11/travelsmart/admin/data-file/employee/profile_pic_D1611171933091479407589.png','192.168.1.9','Chrome 58.0.3029.96-Windows 10','','Mozilla/5.0 (Windows NT 10.0; Win64; x64) AppleWebKit/537.36 (KHTML, like Gecko) Chrome/58.0.3029.96 Safari/537.36','2017-05-17 06:47:33'),(15,0,'','','','192.168.1.8','Chrome 58.0.3029.110-Windows 8.1','URL','Mozilla/5.0 (Windows NT 6.3; Win64; x64) AppleWebKit/537.36 (KHTML, like Gecko) Chrome/58.0.3029.110 Safari/537.36','2017-05-17 06:50:47'),(16,0,'','','','192.168.1.8','Chrome 58.0.3029.110-Windows 8.1','URL','Mozilla/5.0 (Windows NT 6.3; Win64; x64) AppleWebKit/537.36 (KHTML, like Gecko) Chrome/58.0.3029.110 Safari/537.36','2017-05-17 06:51:08'),(17,1,'ADMIN','Jochum','http://192.168.1.11/travelsmart/admin/data-file/employee/profile_pic_D1611171933091479407589.png','192.168.1.8','Chrome 58.0.3029.110-Windows 8.1','','Mozilla/5.0 (Windows NT 6.3; Win64; x64) AppleWebKit/537.36 (KHTML, like Gecko) Chrome/58.0.3029.110 Safari/537.36','2017-05-17 06:51:08'),(18,0,'','','','192.168.1.8','Chrome 58.0.3029.110-Windows 8.1','URL','Mozilla/5.0 (Windows NT 6.3; Win64; x64) AppleWebKit/537.36 (KHTML, like Gecko) Chrome/58.0.3029.110 Safari/537.36','2017-05-17 10:10:14'),(19,0,'','','','192.168.1.8','Chrome 58.0.3029.110-Windows 8.1','URL','Mozilla/5.0 (Windows NT 6.3; Win64; x64) AppleWebKit/537.36 (KHTML, like Gecko) Chrome/58.0.3029.110 Safari/537.36','2017-05-17 10:10:23'),(20,1,'ADMIN','Jochum','http://192.168.1.11/travelsmart/admin/data-file/employee/profile_pic_D1611171933091479407589.png','192.168.1.8','Chrome 58.0.3029.110-Windows 8.1','','Mozilla/5.0 (Windows NT 6.3; Win64; x64) AppleWebKit/537.36 (KHTML, like Gecko) Chrome/58.0.3029.110 Safari/537.36','2017-05-17 10:10:23'),(21,0,'','','','192.168.1.9','Chrome 58.0.3029.96-Windows 10','URL','Mozilla/5.0 (Windows NT 10.0; Win64; x64) AppleWebKit/537.36 (KHTML, like Gecko) Chrome/58.0.3029.96 Safari/537.36','2017-05-17 11:48:26'),(22,0,'','','','192.168.1.9','Chrome 58.0.3029.96-Windows 10','URL','Mozilla/5.0 (Windows NT 10.0; Win64; x64) AppleWebKit/537.36 (KHTML, like Gecko) Chrome/58.0.3029.96 Safari/537.36','2017-05-17 11:48:50'),(23,0,'','','','192.168.1.9','Chrome 58.0.3029.96-Windows 10','URL','Mozilla/5.0 (Windows NT 10.0; Win64; x64) AppleWebKit/537.36 (KHTML, like Gecko) Chrome/58.0.3029.96 Safari/537.36','2017-05-17 11:48:56'),(24,1,'ADMIN','Jochum','http://192.168.1.11/travelsmart/admin/data-file/employee/profile_pic_D1611171933091479407589.png','192.168.1.9','Chrome 58.0.3029.96-Windows 10','','Mozilla/5.0 (Windows NT 10.0; Win64; x64) AppleWebKit/537.36 (KHTML, like Gecko) Chrome/58.0.3029.96 Safari/537.36','2017-05-17 11:48:56'),(25,0,'','','','192.168.1.8','Chrome 58.0.3029.110-Windows 8.1','URL','Mozilla/5.0 (Windows NT 6.3; Win64; x64) AppleWebKit/537.36 (KHTML, like Gecko) Chrome/58.0.3029.110 Safari/537.36','2017-05-18 04:23:55'),(26,0,'','','','192.168.1.8','Chrome 58.0.3029.110-Windows 8.1','URL','Mozilla/5.0 (Windows NT 6.3; Win64; x64) AppleWebKit/537.36 (KHTML, like Gecko) Chrome/58.0.3029.110 Safari/537.36','2017-05-18 04:24:03'),(27,1,'ADMIN','Jochum','http://192.168.1.11/travelsmart/admin/data-file/employee/profile_pic_D1611171933091479407589.png','192.168.1.8','Chrome 58.0.3029.110-Windows 8.1','','Mozilla/5.0 (Windows NT 6.3; Win64; x64) AppleWebKit/537.36 (KHTML, like Gecko) Chrome/58.0.3029.110 Safari/537.36','2017-05-18 04:24:03'),(28,0,'','','','192.168.1.8','Chrome 58.0.3029.110-Windows 8.1','URL','Mozilla/5.0 (Windows NT 6.3; Win64; x64) AppleWebKit/537.36 (KHTML, like Gecko) Chrome/58.0.3029.110 Safari/537.36','2017-05-18 11:11:23'),(29,0,'','','','192.168.1.8','Chrome 58.0.3029.110-Windows 8.1','URL','Mozilla/5.0 (Windows NT 6.3; Win64; x64) AppleWebKit/537.36 (KHTML, like Gecko) Chrome/58.0.3029.110 Safari/537.36','2017-05-18 11:11:30'),(30,1,'ADMIN','Jochum','http://192.168.1.11/travelsmart/admin/data-file/employee/profile_pic_D1611171933091479407589.png','192.168.1.8','Chrome 58.0.3029.110-Windows 8.1','','Mozilla/5.0 (Windows NT 6.3; Win64; x64) AppleWebKit/537.36 (KHTML, like Gecko) Chrome/58.0.3029.110 Safari/537.36','2017-05-18 11:11:30'),(31,0,'','','','::1','Chrome 58.0.3029.110-Windows 7','URL','Mozilla/5.0 (Windows NT 6.1; Win64; x64) AppleWebKit/537.36 (KHTML, like Gecko) Chrome/58.0.3029.110 Safari/537.36','2017-05-26 18:44:28'),(32,0,'','','','::1','Chrome 58.0.3029.110-Windows 7','URL','Mozilla/5.0 (Windows NT 6.1; Win64; x64) AppleWebKit/537.36 (KHTML, like Gecko) Chrome/58.0.3029.110 Safari/537.36','2017-05-26 18:46:30'),(33,0,'','','','::1','Chrome 58.0.3029.110-Windows 7','URL','Mozilla/5.0 (Windows NT 6.1; Win64; x64) AppleWebKit/537.36 (KHTML, like Gecko) Chrome/58.0.3029.110 Safari/537.36','2017-05-26 18:47:14'),(34,0,'','','','::1','Chrome 58.0.3029.110-Windows 7','URL','Mozilla/5.0 (Windows NT 6.1; Win64; x64) AppleWebKit/537.36 (KHTML, like Gecko) Chrome/58.0.3029.110 Safari/537.36','2017-05-26 18:47:15'),(35,0,'','','','::1','Chrome 58.0.3029.110-Windows 7','URL','Mozilla/5.0 (Windows NT 6.1; Win64; x64) AppleWebKit/537.36 (KHTML, like Gecko) Chrome/58.0.3029.110 Safari/537.36','2017-05-26 18:47:16'),(36,0,'','','','::1','Chrome 58.0.3029.110-Windows 7','URL','Mozilla/5.0 (Windows NT 6.1; Win64; x64) AppleWebKit/537.36 (KHTML, like Gecko) Chrome/58.0.3029.110 Safari/537.36','2017-05-26 18:49:29'),(37,0,'','','','::1','Chrome 58.0.3029.110-Windows 7','URL','Mozilla/5.0 (Windows NT 6.1; Win64; x64) AppleWebKit/537.36 (KHTML, like Gecko) Chrome/58.0.3029.110 Safari/537.36','2017-05-26 18:49:31'),(38,0,'','','','::1','Chrome 58.0.3029.110-Windows 7','URL','Mozilla/5.0 (Windows NT 6.1; Win64; x64) AppleWebKit/537.36 (KHTML, like Gecko) Chrome/58.0.3029.110 Safari/537.36','2017-05-26 18:49:32'),(39,0,'','','','::1','Chrome 58.0.3029.110-Windows 7','URL','Mozilla/5.0 (Windows NT 6.1; Win64; x64) AppleWebKit/537.36 (KHTML, like Gecko) Chrome/58.0.3029.110 Safari/537.36','2017-05-26 18:49:32'),(40,0,'','','','::1','Chrome 58.0.3029.110-Windows 7','URL','Mozilla/5.0 (Windows NT 6.1; Win64; x64) AppleWebKit/537.36 (KHTML, like Gecko) Chrome/58.0.3029.110 Safari/537.36','2017-05-26 18:49:32'),(41,0,'','','','::1','Chrome 58.0.3029.110-Windows 7','URL','Mozilla/5.0 (Windows NT 6.1; Win64; x64) AppleWebKit/537.36 (KHTML, like Gecko) Chrome/58.0.3029.110 Safari/537.36','2017-05-26 18:49:41'),(42,0,'','','','::1','Chrome 58.0.3029.110-Windows 7','URL','Mozilla/5.0 (Windows NT 6.1; Win64; x64) AppleWebKit/537.36 (KHTML, like Gecko) Chrome/58.0.3029.110 Safari/537.36','2017-05-26 18:49:43'),(43,0,'','','','::1','Chrome 58.0.3029.110-Windows 7','URL','Mozilla/5.0 (Windows NT 6.1; Win64; x64) AppleWebKit/537.36 (KHTML, like Gecko) Chrome/58.0.3029.110 Safari/537.36','2017-05-26 18:49:43'),(44,0,'','','','::1','Chrome 58.0.3029.110-Windows 7','URL','Mozilla/5.0 (Windows NT 6.1; Win64; x64) AppleWebKit/537.36 (KHTML, like Gecko) Chrome/58.0.3029.110 Safari/537.36','2017-05-26 18:49:43'),(45,0,'','','','::1','Chrome 58.0.3029.110-Windows 7','URL','Mozilla/5.0 (Windows NT 6.1; Win64; x64) AppleWebKit/537.36 (KHTML, like Gecko) Chrome/58.0.3029.110 Safari/537.36','2017-05-26 18:49:43'),(46,0,'','','','::1','Chrome 58.0.3029.110-Windows 7','URL','Mozilla/5.0 (Windows NT 6.1; Win64; x64) AppleWebKit/537.36 (KHTML, like Gecko) Chrome/58.0.3029.110 Safari/537.36','2017-05-26 18:49:44'),(47,0,'','','','::1','Chrome 58.0.3029.110-Windows 7','URL','Mozilla/5.0 (Windows NT 6.1; Win64; x64) AppleWebKit/537.36 (KHTML, like Gecko) Chrome/58.0.3029.110 Safari/537.36','2017-05-26 18:49:45'),(48,0,'','','','::1','Chrome 58.0.3029.110-Windows 7','URL','Mozilla/5.0 (Windows NT 6.1; Win64; x64) AppleWebKit/537.36 (KHTML, like Gecko) Chrome/58.0.3029.110 Safari/537.36','2017-05-26 18:49:47'),(49,0,'','','','::1','Chrome 58.0.3029.110-Windows 7','URL','Mozilla/5.0 (Windows NT 6.1; Win64; x64) AppleWebKit/537.36 (KHTML, like Gecko) Chrome/58.0.3029.110 Safari/537.36','2017-05-26 18:49:49'),(50,0,'','','','::1','Chrome 58.0.3029.110-Windows 7','URL','Mozilla/5.0 (Windows NT 6.1; Win64; x64) AppleWebKit/537.36 (KHTML, like Gecko) Chrome/58.0.3029.110 Safari/537.36','2017-05-26 18:49:49'),(51,0,'','','','::1','Chrome 58.0.3029.110-Windows 7','URL','Mozilla/5.0 (Windows NT 6.1; Win64; x64) AppleWebKit/537.36 (KHTML, like Gecko) Chrome/58.0.3029.110 Safari/537.36','2017-05-26 18:49:49'),(52,0,'','','','::1','Chrome 58.0.3029.110-Windows 7','URL','Mozilla/5.0 (Windows NT 6.1; Win64; x64) AppleWebKit/537.36 (KHTML, like Gecko) Chrome/58.0.3029.110 Safari/537.36','2017-05-26 18:50:24'),(53,1,'ADMIN','Jochum','http://localhost/travelsmart/admin/data-file/employee/profile_pic_D1611171933091479407589.png','::1','Chrome 58.0.3029.110-Windows 7','','Mozilla/5.0 (Windows NT 6.1; Win64; x64) AppleWebKit/537.36 (KHTML, like Gecko) Chrome/58.0.3029.110 Safari/537.36','2017-05-26 18:50:24'),(54,0,'','','','::1','Chrome 58.0.3029.110-Windows 7','URL','Mozilla/5.0 (Windows NT 6.1; Win64; x64) AppleWebKit/537.36 (KHTML, like Gecko) Chrome/58.0.3029.110 Safari/537.36','2017-05-27 12:40:45'),(55,0,'','','','::1','Chrome 58.0.3029.110-Windows 7','URL','Mozilla/5.0 (Windows NT 6.1; Win64; x64) AppleWebKit/537.36 (KHTML, like Gecko) Chrome/58.0.3029.110 Safari/537.36','2017-05-27 12:40:56'),(56,1,'ADMIN','Jochum','http://localhost/travelsmart/admin/data-file/employee/profile_pic_D1611171933091479407589.png','::1','Chrome 58.0.3029.110-Windows 7','','Mozilla/5.0 (Windows NT 6.1; Win64; x64) AppleWebKit/537.36 (KHTML, like Gecko) Chrome/58.0.3029.110 Safari/537.36','2017-05-27 12:40:56'),(57,0,'','','','::1','Chrome 58.0.3029.110-Windows 7','URL','Mozilla/5.0 (Windows NT 6.1; Win64; x64) AppleWebKit/537.36 (KHTML, like Gecko) Chrome/58.0.3029.110 Safari/537.36','2017-05-27 17:12:53'),(58,0,'','','','::1','Chrome 58.0.3029.110-Windows 7','URL','Mozilla/5.0 (Windows NT 6.1; Win64; x64) AppleWebKit/537.36 (KHTML, like Gecko) Chrome/58.0.3029.110 Safari/537.36','2017-05-27 17:12:56'),(59,1,'ADMIN','Jochum','http://localhost/travelsmart/admin/data-file/employee/profile_pic_D1611171933091479407589.png','::1','Chrome 58.0.3029.110-Windows 7','','Mozilla/5.0 (Windows NT 6.1; Win64; x64) AppleWebKit/537.36 (KHTML, like Gecko) Chrome/58.0.3029.110 Safari/537.36','2017-05-27 17:12:56'),(60,0,'','','','::1','Chrome 58.0.3029.110-Windows 7','URL','Mozilla/5.0 (Windows NT 6.1; Win64; x64) AppleWebKit/537.36 (KHTML, like Gecko) Chrome/58.0.3029.110 Safari/537.36','2017-05-29 04:44:20'),(61,0,'','','','::1','Chrome 58.0.3029.110-Windows 7','URL','Mozilla/5.0 (Windows NT 6.1; Win64; x64) AppleWebKit/537.36 (KHTML, like Gecko) Chrome/58.0.3029.110 Safari/537.36','2017-05-29 04:44:21'),(62,1,'ADMIN','Jochum','http://localhost/travelsmart/admin/data-file/employee/profile_pic_D1611171933091479407589.png','::1','Chrome 58.0.3029.110-Windows 7','','Mozilla/5.0 (Windows NT 6.1; Win64; x64) AppleWebKit/537.36 (KHTML, like Gecko) Chrome/58.0.3029.110 Safari/537.36','2017-05-29 04:44:21'),(63,0,'','','','192.168.1.9','Chrome 58.0.3029.110-Windows 10','URL','Mozilla/5.0 (Windows NT 10.0; Win64; x64) AppleWebKit/537.36 (KHTML, like Gecko) Chrome/58.0.3029.110 Safari/537.36','2017-05-29 10:40:18'),(64,0,'','','','192.168.1.9','Chrome 58.0.3029.110-Windows 10','URL','Mozilla/5.0 (Windows NT 10.0; Win64; x64) AppleWebKit/537.36 (KHTML, like Gecko) Chrome/58.0.3029.110 Safari/537.36','2017-05-29 10:40:26'),(65,1,'ADMIN','Jochum','http://192.168.1.8/travelsmart/admin/data-file/employee/profile_pic_D1611171933091479407589.png','192.168.1.9','Chrome 58.0.3029.110-Windows 10','','Mozilla/5.0 (Windows NT 10.0; Win64; x64) AppleWebKit/537.36 (KHTML, like Gecko) Chrome/58.0.3029.110 Safari/537.36','2017-05-29 10:40:26'),(66,0,'','','','192.168.1.8','Chrome 58.0.3029.110-Windows 7','URL','Mozilla/5.0 (Windows NT 6.1; Win64; x64) AppleWebKit/537.36 (KHTML, like Gecko) Chrome/58.0.3029.110 Safari/537.36','2017-05-29 12:48:20'),(67,0,'','','','::1','Chrome 58.0.3029.110-Windows 7','URL','Mozilla/5.0 (Windows NT 6.1; Win64; x64) AppleWebKit/537.36 (KHTML, like Gecko) Chrome/58.0.3029.110 Safari/537.36','2017-05-29 17:01:21'),(68,0,'','','','::1','Chrome 58.0.3029.110-Windows 7','URL','Mozilla/5.0 (Windows NT 6.1; Win64; x64) AppleWebKit/537.36 (KHTML, like Gecko) Chrome/58.0.3029.110 Safari/537.36','2017-05-29 17:01:23'),(69,1,'ADMIN','Jochum','http://localhost/travelsmart/admin/data-file/employee/profile_pic_D1611171933091479407589.png','::1','Chrome 58.0.3029.110-Windows 7','','Mozilla/5.0 (Windows NT 6.1; Win64; x64) AppleWebKit/537.36 (KHTML, like Gecko) Chrome/58.0.3029.110 Safari/537.36','2017-05-29 17:01:23'),(70,0,'','','','::1','Chrome 58.0.3029.110-Windows 7','URL','Mozilla/5.0 (Windows NT 6.1; Win64; x64) AppleWebKit/537.36 (KHTML, like Gecko) Chrome/58.0.3029.110 Safari/537.36','2017-05-30 05:09:26'),(71,0,'','','','::1','Chrome 58.0.3029.110-Windows 7','URL','Mozilla/5.0 (Windows NT 6.1; Win64; x64) AppleWebKit/537.36 (KHTML, like Gecko) Chrome/58.0.3029.110 Safari/537.36','2017-05-30 05:09:28'),(72,1,'ADMIN','Jochum','http://localhost/travelsmart/admin/data-file/employee/profile_pic_D1611171933091479407589.png','::1','Chrome 58.0.3029.110-Windows 7','','Mozilla/5.0 (Windows NT 6.1; Win64; x64) AppleWebKit/537.36 (KHTML, like Gecko) Chrome/58.0.3029.110 Safari/537.36','2017-05-30 05:09:28'),(73,0,'','','','192.168.1.9','Chrome 58.0.3029.110-Windows 10','URL','Mozilla/5.0 (Windows NT 10.0; Win64; x64) AppleWebKit/537.36 (KHTML, like Gecko) Chrome/58.0.3029.110 Safari/537.36','2017-05-30 05:35:37'),(74,0,'','','','192.168.1.9','Chrome 58.0.3029.110-Windows 10','URL','Mozilla/5.0 (Windows NT 10.0; Win64; x64) AppleWebKit/537.36 (KHTML, like Gecko) Chrome/58.0.3029.110 Safari/537.36','2017-05-30 05:35:45'),(75,1,'ADMIN','Jochum','http://192.168.1.8/travelsmart/admin/data-file/employee/profile_pic_D1611171933091479407589.png','192.168.1.9','Chrome 58.0.3029.110-Windows 10','','Mozilla/5.0 (Windows NT 10.0; Win64; x64) AppleWebKit/537.36 (KHTML, like Gecko) Chrome/58.0.3029.110 Safari/537.36','2017-05-30 05:35:45'),(76,0,'','','','::1','Chrome 51.0.2684.0-Windows 7','URL','Mozilla/5.0 (Windows NT 6.1; WOW64) AppleWebKit/537.36 (KHTML, like Gecko) Chrome/51.0.2684.0 Safari/537.36','2017-05-30 08:00:27'),(77,0,'','','','::1','Chrome 51.0.2684.0-Windows 7','URL','Mozilla/5.0 (Windows NT 6.1; WOW64) AppleWebKit/537.36 (KHTML, like Gecko) Chrome/51.0.2684.0 Safari/537.36','2017-05-30 08:00:33'),(78,1,'ADMIN','Jochum','http://localhost/travelsmart/admin/data-file/employee/profile_pic_D1611171933091479407589.png','::1','Chrome 51.0.2684.0-Windows 7','','Mozilla/5.0 (Windows NT 6.1; WOW64) AppleWebKit/537.36 (KHTML, like Gecko) Chrome/51.0.2684.0 Safari/537.36','2017-05-30 08:00:33'),(79,0,'','','','::1','Chrome 51.0.2684.0-Windows 7','URL','Mozilla/5.0 (Windows NT 6.1; WOW64) AppleWebKit/537.36 (KHTML, like Gecko) Chrome/51.0.2684.0 Safari/537.36','2017-05-30 11:02:15'),(80,0,'','','','::1','Chrome 51.0.2684.0-Windows 7','URL','Mozilla/5.0 (Windows NT 6.1; WOW64) AppleWebKit/537.36 (KHTML, like Gecko) Chrome/51.0.2684.0 Safari/537.36','2017-05-30 12:37:16'),(81,0,'','','','::1','Chrome 51.0.2684.0-Windows 7','URL','Mozilla/5.0 (Windows NT 6.1; WOW64) AppleWebKit/537.36 (KHTML, like Gecko) Chrome/51.0.2684.0 Safari/537.36','2017-05-30 12:37:21'),(82,1,'ADMIN','Jochum','http://localhost/travelsmart/admin/data-file/employee/profile_pic_D1611171933091479407589.png','::1','Chrome 51.0.2684.0-Windows 7','','Mozilla/5.0 (Windows NT 6.1; WOW64) AppleWebKit/537.36 (KHTML, like Gecko) Chrome/51.0.2684.0 Safari/537.36','2017-05-30 12:37:21'),(83,0,'','','','::1','Chrome 58.0.3029.110-Windows 7','URL','Mozilla/5.0 (Windows NT 6.1; Win64; x64) AppleWebKit/537.36 (KHTML, like Gecko) Chrome/58.0.3029.110 Safari/537.36','2017-05-31 04:29:08'),(84,0,'','','','::1','Chrome 58.0.3029.110-Windows 7','URL','Mozilla/5.0 (Windows NT 6.1; Win64; x64) AppleWebKit/537.36 (KHTML, like Gecko) Chrome/58.0.3029.110 Safari/537.36','2017-05-31 04:29:10'),(85,1,'ADMIN','Jochum','http://localhost/travelsmart/admin/data-file/employee/profile_pic_D1611171933091479407589.png','::1','Chrome 58.0.3029.110-Windows 7','','Mozilla/5.0 (Windows NT 6.1; Win64; x64) AppleWebKit/537.36 (KHTML, like Gecko) Chrome/58.0.3029.110 Safari/537.36','2017-05-31 04:29:11'),(86,0,'','','','192.168.1.9','Chrome 58.0.3029.110-Windows 10','URL','Mozilla/5.0 (Windows NT 10.0; Win64; x64) AppleWebKit/537.36 (KHTML, like Gecko) Chrome/58.0.3029.110 Safari/537.36','2017-06-01 09:44:41'),(87,0,'','','','192.168.1.9','Chrome 58.0.3029.110-Windows 10','URL','Mozilla/5.0 (Windows NT 10.0; Win64; x64) AppleWebKit/537.36 (KHTML, like Gecko) Chrome/58.0.3029.110 Safari/537.36','2017-06-01 09:44:43'),(88,1,'ADMIN','Jochum','http://192.168.1.8/travelsmart/admin/data-file/employee/profile_pic_D1611171933091479407589.png','192.168.1.9','Chrome 58.0.3029.110-Windows 10','','Mozilla/5.0 (Windows NT 10.0; Win64; x64) AppleWebKit/537.36 (KHTML, like Gecko) Chrome/58.0.3029.110 Safari/537.36','2017-06-01 09:44:43'),(89,0,'','','','192.168.1.13','Firefox 53.0-Mac OS X','URL','Mozilla/5.0 (Macintosh; Intel Mac OS X 10.11; rv:53.0) Gecko/20100101 Firefox/53.0','2017-06-01 11:18:25'),(90,0,'','','','192.168.1.13','Firefox 53.0-Mac OS X','URL','Mozilla/5.0 (Macintosh; Intel Mac OS X 10.11; rv:53.0) Gecko/20100101 Firefox/53.0','2017-06-01 11:18:35'),(91,1,'ADMIN','Jochum','http://192.168.1.8/travelsmart/admin/data-file/employee/profile_pic_D1611171933091479407589.png','192.168.1.13','Firefox 53.0-Mac OS X','','Mozilla/5.0 (Macintosh; Intel Mac OS X 10.11; rv:53.0) Gecko/20100101 Firefox/53.0','2017-06-01 11:18:35'),(92,0,'','','','::1','Chrome 58.0.3029.110-Windows 7','URL','Mozilla/5.0 (Windows NT 6.1; Win64; x64) AppleWebKit/537.36 (KHTML, like Gecko) Chrome/58.0.3029.110 Safari/537.36','2017-06-07 07:28:57'),(93,0,'','','','::1','Chrome 58.0.3029.110-Windows 7','URL','Mozilla/5.0 (Windows NT 6.1; Win64; x64) AppleWebKit/537.36 (KHTML, like Gecko) Chrome/58.0.3029.110 Safari/537.36','2017-06-07 07:28:59'),(94,1,'ADMIN','Jochum','http://localhost/travelsmart/admin/data-file/employee/profile_pic_D1611171933091479407589.png','::1','Chrome 58.0.3029.110-Windows 7','','Mozilla/5.0 (Windows NT 6.1; Win64; x64) AppleWebKit/537.36 (KHTML, like Gecko) Chrome/58.0.3029.110 Safari/537.36','2017-06-07 07:28:59'),(95,0,'','','','::1','Chrome 51.0.2684.0-Windows 7','URL','Mozilla/5.0 (Windows NT 6.1; WOW64) AppleWebKit/537.36 (KHTML, like Gecko) Chrome/51.0.2684.0 Safari/537.36','2017-06-19 07:47:47'),(96,0,'','','','::1','Chrome 51.0.2684.0-Windows 7','URL','Mozilla/5.0 (Windows NT 6.1; WOW64) AppleWebKit/537.36 (KHTML, like Gecko) Chrome/51.0.2684.0 Safari/537.36','2017-06-19 07:48:58'),(97,1,'ADMIN','Jochum','http://localhost/travelsmart/admin/data-file/employee/profile_pic_D1611171933091479407589.png','::1','Chrome 51.0.2684.0-Windows 7','','Mozilla/5.0 (Windows NT 6.1; WOW64) AppleWebKit/537.36 (KHTML, like Gecko) Chrome/51.0.2684.0 Safari/537.36','2017-06-19 07:48:58'),(98,0,'','','','::1','Chrome 59.0.3071.115-Windows 7','URL','Mozilla/5.0 (Windows NT 6.1; Win64; x64) AppleWebKit/537.36 (KHTML, like Gecko) Chrome/59.0.3071.115 Safari/537.36','2017-07-16 08:40:54'),(99,0,'','','','::1','Chrome 59.0.3071.115-Windows 7','URL','Mozilla/5.0 (Windows NT 6.1; Win64; x64) AppleWebKit/537.36 (KHTML, like Gecko) Chrome/59.0.3071.115 Safari/537.36','2017-07-16 08:41:00'),(100,1,'ADMIN','Jochum','http://localhost/travelsmart/admin/data-file/employee/profile_pic_D1611171933091479407589.png','::1','Chrome 59.0.3071.115-Windows 7','','Mozilla/5.0 (Windows NT 6.1; Win64; x64) AppleWebKit/537.36 (KHTML, like Gecko) Chrome/59.0.3071.115 Safari/537.36','2017-07-16 08:41:00'),(101,0,'','','','::1','Chrome 59.0.3071.115-Windows 7','URL','Mozilla/5.0 (Windows NT 6.1; Win64; x64) AppleWebKit/537.36 (KHTML, like Gecko) Chrome/59.0.3071.115 Safari/537.36','2017-07-16 12:40:51'),(102,0,'','','','::1','Chrome 59.0.3071.115-Windows 7','URL','Mozilla/5.0 (Windows NT 6.1; Win64; x64) AppleWebKit/537.36 (KHTML, like Gecko) Chrome/59.0.3071.115 Safari/537.36','2017-07-16 12:41:26'),(103,0,'','','','::1','Chrome 59.0.3071.115-Windows 7','URL','Mozilla/5.0 (Windows NT 6.1; Win64; x64) AppleWebKit/537.36 (KHTML, like Gecko) Chrome/59.0.3071.115 Safari/537.36','2017-07-16 12:41:53');
/*!40000 ALTER TABLE `admin_login_tracking` ENABLE KEYS */;
UNLOCK TABLES;

--
-- Table structure for table `api`
--

DROP TABLE IF EXISTS `api`;
/*!40101 SET @saved_cs_client     = @@character_set_client */;
/*!40101 SET character_set_client = utf8 */;
CREATE TABLE `api` (
  `api_id` int(12) NOT NULL AUTO_INCREMENT,
  `api_name` varchar(25) NOT NULL,
  `token_id` text NOT NULL,
  `service_url` text NOT NULL,
  `status` enum('ACTIVE','INACTIVE') NOT NULL,
  `created_timestamp` timestamp NOT NULL DEFAULT CURRENT_TIMESTAMP,
  PRIMARY KEY (`api_id`)
) ENGINE=InnoDB AUTO_INCREMENT=2 DEFAULT CHARSET=latin1;
/*!40101 SET character_set_client = @saved_cs_client */;

--
-- Dumping data for table `api`
--

LOCK TABLES `api` WRITE;
/*!40000 ALTER TABLE `api` DISABLE KEYS */;
INSERT INTO `api` VALUES (1,'FLIGHTSAYER','c8c920dea7dd44f089fa75a8a67c78ae','https://api.flightsayer.com/flights/v1/','ACTIVE','2017-05-31 12:24:32');
/*!40000 ALTER TABLE `api` ENABLE KEYS */;
UNLOCK TABLES;

--
-- Table structure for table `api_tracking`
--

DROP TABLE IF EXISTS `api_tracking`;
/*!40101 SET @saved_cs_client     = @@character_set_client */;
/*!40101 SET character_set_client = utf8 */;
CREATE TABLE `api_tracking` (
  `api_tracking_id` bigint(255) NOT NULL AUTO_INCREMENT,
  `api_name` int(11) NOT NULL,
  `service` enum('SEARCH','DETAIL','REGISTER') NOT NULL,
  `ip_address` varchar(32) NOT NULL,
  `request_url` text NOT NULL,
  `response` longtext NOT NULL,
  `status` enum('SUCCESS','FAILURE') NOT NULL,
  `created_timestamp` timestamp NOT NULL DEFAULT CURRENT_TIMESTAMP ON UPDATE CURRENT_TIMESTAMP,
  PRIMARY KEY (`api_tracking_id`)
) ENGINE=InnoDB DEFAULT CHARSET=latin1;
/*!40101 SET character_set_client = @saved_cs_client */;

--
-- Dumping data for table `api_tracking`
--

LOCK TABLES `api_tracking` WRITE;
/*!40000 ALTER TABLE `api_tracking` DISABLE KEYS */;
/*!40000 ALTER TABLE `api_tracking` ENABLE KEYS */;
UNLOCK TABLES;

--
-- Table structure for table `bugs_tracking`
--

DROP TABLE IF EXISTS `bugs_tracking`;
/*!40101 SET @saved_cs_client     = @@character_set_client */;
/*!40101 SET character_set_client = utf8 */;
CREATE TABLE `bugs_tracking` (
  `bugs_tracking_id` int(8) NOT NULL AUTO_INCREMENT,
  `page_url` text NOT NULL,
  `bugs_type` varchar(32) NOT NULL,
  `image_path` text NOT NULL,
  `created_timestamp` timestamp NOT NULL DEFAULT CURRENT_TIMESTAMP,
  PRIMARY KEY (`bugs_tracking_id`)
) ENGINE=InnoDB AUTO_INCREMENT=2 DEFAULT CHARSET=utf8;
/*!40101 SET character_set_client = @saved_cs_client */;

--
-- Dumping data for table `bugs_tracking`
--

LOCK TABLES `bugs_tracking` WRITE;
/*!40000 ALTER TABLE `bugs_tracking` DISABLE KEYS */;
INSERT INTO `bugs_tracking` VALUES (1,'http://192.168.1.8/travelsmart/admin/credit_points_distribution/history','404 Error','data:image/png;base64,iVBORw0KGgoAAAANSUhEUgAABaAAAAMaCAYAAABwIeHhAAAgAElEQVR4nOzda49jd57Ydz+xd+ANnIthxM7MrvPENgwEQd5E7MB5B4EdIIgfZJF9YMTODXGcOHbixLERrzeBncx6d2dGM9JoR7Nz2RmNRrO6tNRqqdWtVquv0xKHVcW6skhWsVgki1Ukf3kgkHvI4p08PFWtzx/4YC5Nsg4PT/WDL//9O38sl8sFAAAAAACs2h/L+gAAAAAAAHg+CdAAAAAAAKRCgAYAAAAAIBUCNAAAAAAAqRCgAQAAAABIhQANAAAAAEAqBGgAAAAAAFIhQAMAAAAAkAoBGgAAAACAVAjQAAAAAACkQoAGAAAAACAVAjQAAAAAAKkQoAEAAAAASIUADQAAAABAKgRoAAAAAABSIUADAAAAAJAKARoAAAAAgFQI0AAAAAAApEKABgAAAAAgFQI0AAAAAACpEKABAAAAAEiFAA0AAAAAQCoEaAAAAAAAUiFAAwAAAACQCgEaAAAAAIBUCNAAAAAAAKRCgAYAAAAAIBUCNAAAAAAAqRCgAQAAAABIhQANAAAAAEAqBGgAAAAAAFIhQAMAAAAAkAoBGgAAAACAVAjQAAAAAACkQoAGAAAAACAVAjQAAAAAAKkQoAEAAAAASIUADQAAAABAKgRoAAAAAABSIUADAAAAAJAKARoAAAAAgFQI0AAAAAAApEKABgAAAAAgFQI0AAAAAACpEKABAAAAAEiFAA0AAAAAQCoEaAAAAAAAUiFAAwAAAACQCgEaAAAAAIBUCNAAAAAAAKRCgAYAAAAAIBUCNAAAAAAAqRCgAQAAAABIhQANAAAAAEAqBGgAAAAAAFIhQAMAAAAAkAoBGgAAAACAVAjQAAAAAACkQoAGAAAAACAVAjQAAAAAAKkQoAEAAAAASIUADQAAAABAKgRoAAAAAABSIUADAAAAAJAKARoAAAAAgFQI0AAAAAAApEKABgAAAAAgFQI0AAAAAACpEKABAAAAAEiFAA0AAAAAQCoEaAAAAAAAUiFAAwAAAACQCgEaAAAAAIBUCNAAAAAAAKRCgAYAAAAAIBUCNAAAAAAAqRCgAQAAAABIhQANAAAAAEAqBGgAAAAAAFIhQAMAAAAAkAoBGgAAAACAVAjQAAAAAACkQoAGAAAAACAVAjQAAAAAAKkQoAEAAAAASIUADQAAAABAKgRoAAAAAABSIUADAAAAAJAKARoAAAAAgFQI0AAAAAAApEKABgAAAAAgFQI0AAAAAACpEKABAAAAAEiFAA0AAAAAQCoEaAAAAAAAUiFAAwAAAACQCgEaAAAAAIBUCNAAAAAAAKRCgAYAAAAAIBUCNJn57LPP4rPPPotPP/00nj17Fj//+c/DWv16++2345133ombN2/GrVu34oMPPoi7d+/GvXv34pNPPomHDx/G48eP4+nTp/Hs2bN49uxZfPrpp/3PJ+vrBAAAAIDrS4AmMwL0epYADQAAAEBWBGgyI0CvZwnQAAAAAGRFgCYzAvR6lgANAAAAQFYEaDIjQK9nCdAAAAAAZEWAJjMC9HqWAA0AAABAVgRoMiNAr2cJ0AAAAABkRYAmMwL0epYADQAAAEBWBGgyI0CvZwnQAAAAAGRFgCYzAvR6lgANAAAAQFYEaDIjQK9nCdAAAAAAZEWAJjMC9HqWAA0AAABAVgRoMiNAr2cJ0AAAAABkRYAmMwL0epYADQAAAEBWBGgyI0CvZwnQAAAAAGRFgCYzAvR6lgANAAAAQFYEaDIjQK9nCdAAAAAAZEWAJjMC9HqWAA0AAABAVgRoMiNAr2cJ0AAAAABkRYAmMwL0epYADQAAAEBWBGgyI0CvZwnQAAAAAGRFgCYzAvR61ioD9MHBQZyenk60t7c39jMvFApRr9ejXq/H0dFRlMvlSw4PD0c+d29vb+Tje0b93Hw+H+VyOfL5/MRrcWdnZ+xj8vn8xD8HAAAAYDwBmsysKkDXW+14elCPG784ipc/OYi//bNc/MatQtwpnKw45V7PtcoAfXp6Gu12e6qDg4ORn3m5XI5OpzPVqOfO8rxCoTDwnFqtFt1uN2q12tjr8PDwMLrdbpyeno7889PT0+h2u9Futy+9/qjHjQrhm5ub0el0pn5WjUZj4s/I5/NxcXERZ2dnMwXxYrEYjUZj7JcChUIhKpXKRJO+UAAAAACYRoAmM6sM0P/5Tz6NX3rpk/jjL34Sv/TiJ/Glb30Sv/TN+/EXXn4Y/+y9QtzZ+uLG6DQC9PHxcezs7FzSbDb7EXpUSO0F6FarNXIXc7VajaOjo5HXSy8yN5vN/i7qpFqtdinKNhqN6Ha70Wg0xl6H5XJ54mN6rzEtQvceV6lULv3Zzs7OzJ/XqJDeUyqV+o+bFqGLxWL/uM/Pz6e+t0mOj48z//sCAAAAuJ4EaDKzyhEc9VY7/uarn14K0F/65v34ky/cj19+4X78xZcexD97dyue7J0u/HOu40ojQJfL5ZGfaT6f7wfoUY/pBeh6vT739dIL0Ds7OzM/Z9UBelKEnjVAJ4P97u5uXzIudzqdkXG5UqkMfLbjdm0XCoVot9sDxz3t/Iza/Xx2djZxdzgAAADANAI0mVn1DOh6qx3/4Mbm2AD9y9+4H//aNz6OP/X1j+OvfOdx/NYHO7FZPlvqZ16HJUCvJkD3Ymzvv4/bbT0tQE863mKx2H9cqVS69Oe9AJ0c53FycjLwmFHxeVqAHnXMvc/T/GsAAABgGQI0mUnrJoS/cWt7aoD+U1/7OP71r30c/8bXPo6/9vKj+OqtndgoNVfy86/aSiNAV6vVqSM4Njc3L33ms8yAHjdzeNQIjuSNDEeF6VUG6EqlEsfHx2Mj9CoCdC6X6z9u1Ov0AnSj0YiTkz8aK9OL1cn43BuV0vvv095b1n8fAAAAAM8nAZrMpBWgIyJ+41Zh5gD9b/3OvfjTv3Mv/sxv34v/+NuP4qvvbUfxpLWyY8l6XbebEB4eHo587rTnjdpV3Qus43Zs945plgDdC9wnJycDEXr4cesK0L3PIyKi2+1GqVTq79LujQmpVCpzjRcZlnx/AAAAAIsQoMlMmgE6IuLb9w/mDtB/5rc/ij/7rz6KP/tbH8V/+p2n8cP7xWsfo9MI0GdnZ3F6ehr1ej3Ozs764bnVak0ckdEL0M1mc+QO6knP7YXmarXa3/V8dHTU3w09KnrPEqCnRdpe1E0eWzJC90ZgZBGg8/n8wGiQnt6M6mUD9Lid0wAAAACzEqDJzLwB+p/f3om/9L3H8aWXH8SXXn4Qf+eNfGweTZ7h/HbuaOEA/ee++lF8+at348v/3934Gy8/iR98XIxi9XzuAHzabMfD/Ek8yJ/EN94qxNffLMTX39iKr7+xFf/olWfxa//qfvwXv3U/fu2rH8dv/iAXv/vaRvzuT/Jx834pcoXlb5i4ygB9fn5+ab5zPp8fGL0xbvdzLpfdDOhJN9HrjakYF2l7MXb45ybD78nJSSYBunf+z8/P+8dSLBYHHj9LgD45ORn5ZcCoMSoAAAAA8xCgycy8Afpv/vSz+NLvPegH6D/x7QfxF777eKYIvWyA/pX/92786r+8E3/+X9yJv/7So/jBRwdRP2sP/JxitRUPN0/ihXd34h//KBe//q1H8R/8xu34yv/5Xnzl/7gZX/7f341f+Ufvxlf+t3fiV//Xd+JX/sGN+NX/5Ub8yt9/O77yP78VX/l7b8a/8/fejD/3d9+If/t/+MP4M//9z+JP/7c/i7/yD9+Jmx+X5u3Of/T+Vxigx91gcNYIPcsO6N7u3WGLBOjeeI3kTuWkg4OD/p+Pm4M8LkCP2n08LhzPGqCTc5339/cv/fmoAJ3LfT77udFoDMTn3uNnnW+d9d8HAAAAwPNJgCYz8wbo33tUvBSgZ43QT/br8RdferCSAP3v/osP48//P5/79e88jb/+zYfxlX/+QXzlNz6IL/+z9+PL/9f78eV/eiu+8k9uxZf/yXtLB+g//d+8Hv/mf/3TRfvzWgJ0LjcYoTudzsiQPMsM6IuLi5HXyyIBetyIilGzjpM3FEwaF6CHX7+3pgXoRqPR12w24/T0NCqVSn+ec0SMjOW53PgAPc6yO6APDw+j2+1O3NUOAAAAMIkATWbmDdBbx2cjA/Sf+PaD+I9+8DTqrfbE52+Wm/GXXnyw0gD9q//37fiV37ydeoD+9/7uG4u054hYbYA+ODiIWq02Ntb2IvTFxcXI8Q17e3v9mc1JzWazH5ibzebI1570upPk8/mJs44bjcbY95PLfR7dxwXoXC4Xm5ub0W7/0bU36nHJAD1tjYvPuVx6AXqaWq2W+d8XAAAAwPUkQJOZRW5C+Nf+4OnIAP0nXvok/s4f/mLq8zfLzfjLLz64VgH63/8f31xqFvQqA/R1VigUZh73kbS5uTl113VvBMbx8fHYx5RKpahUKhMNj9AY93OmPW748aVSaeSfVyqVgR3ZyVnSPdVqdWKgBwAAAJhEgCYziwTof357e2yA/qWXPomXPzmY+hqHtfP4z37w8ysfoP/Df3QzfufVfJw2Ju/sFqABAAAAuKoEaDKzSIC+u3MyMUD/8Rc/iSf7p1FvtePJ/mnc2TqJb98/iH/14W78rddy8VdeeXwlR3D81X/6fvzaVz+O3/xBLn56+yBy24vveBagAQAAALgqBGgys0iAjoipAfqXXvwkvvStT+KXvnk/vvTN+/EnX7gfv/zC/fjlb9xf+U0I5w3Q/8lXP47/7qUn8fU3tuKnHxXjQa66stA8bq0yQBcKhajVav2bEfZMu7FgUrPZHHlTu4ODg5HzocfpjY2oVqsLzYUulUoD4yeSKpXKzGMn9vf3o1KpzDTOY9ju7m7s7u5OfExvBMi87xEAAADgKhCgycyiAfofvrt15QP0f/nio/jHf5CLF25sx8ONk/jFXiPlzDx+rSpAFwqFOD8/vxSf5w3QPdVqdeB6mOe5o26UNypqj1IoFPo3Fpyk3W5Pjcr7+/v989zpdOaKxMfHx/3njrvxYLFY7D9mlpsFJk26meHJyUl0u904Ozsz3xkAAABIlQBNZhYN0DfyR1ciQP/Vr92PX//O0/iXb27F9+/sx6OtWpw2l5vXnMZaVYCu1+sri889yZv7LRugZ4nQs8bnWSN0pVIZONfTblaY1GgMfikx6THzxueeUcezs7Mz8JhyuZz53wUAAADA80uAJjOLBuh6q73WAP03fu9J/E+v5uJbt3fjjcfleFSoraYMr2mtKkAPj944PDyMnZ2dvnK5PBCJ6/V6lMvlAc1mc6YA3Wq1Lj23XC5HtVodGJVxfn5+KbqOC8aj4nO73b40fmPUY8a95lUO0O12e+SObAEaAAAAWCcBmswsGqAjIv7ma5+uLED/5Rc+ib/1o0/jb/3o03jx7l68eGcvHu+exkapuXz9vQJrVQE6n89HrVaLer0+dqdxMiKPCpv5fL4foSeN4KjX6zNdQ/l8Ps7OzqaOnhgXn0eF5Xkeu44APbyjuWdvby8qlcpY46K5AA0AAACskwBNZpYJ0D9+Vp4rQP9XP83F338jH9/++CDe/vQonuydxmb5bBV998qvVd6EcJppAXrW584aoHO5zyN0Mqg2Go1LjxmO1NNGa4yK0Ofn55ceNxygp91QMGmRAL2K3zsBGgAAAFgnAZrMLBOgt47PLgXov/jKo/jbP/tF/Pbd3Xj5k4N4sn8ah7XzlUTc67ye9wCdy+UmBujh4DrLzQVzudEReniH86oCdKfTGfsYARoAAAC4zgRoMrNMgI6IePlBMW7kj+PpQX0lofZ5XV/0AF2pVAb+fG9vb+bX3d/f7z8vIqJSqVx67eRaNECP2rXde4wADQAAAFxnAjSZWTZAW7Ot5z1An5ycTJwBPRyg55nT3Iu1vZV1gJ4083mW+c/J9yRAAwAAAOsgQJMZAXo963kN0Pl8/lJ87na7sbm5OfC4ZQN0ck0L0MM/e5JFAvSs2u32xPckQAMAAADrIkCTGQF6Pes6BuieeaPrwcHBpdcdDtClUil2dnZmisXzBuhisTjTe83n83FxcdF/3qoD9KRxHQI0AAAAsE4CNJn5IgfoRqMRpVIpnjx5Evfv34+333or3nzzzXj48OGl6LnsWleAzufzKw3Q8wbXcTubhwP0PIbXcIAuFAqXHjMtQufz+Tg7O5v4uj2LBujhMSRJAjQAAACwTgI0mVlHgD4/P492u73y1511nZycxMHBQTx79iw+vH07bt68Gd/7/d+P7373lfjuK6/EK9/5Tvzeyy/Hyy9/O1566cV46cUX48VvfSu+/73vxcHBwUqOYV0BemdnJ9MAfXZ2Fvl8/tLrLhqgR61Rofjk5OTS48bNgh4Vnzudztjd2PPehLBQKEwdMSJAAwAAAOskQJOZVQboRqMRp6enUS6XY3d3NwqFQjx9+jSePHkSh4eHC7/uLOvi4iIqlUo/On54+3a8/dZb8eqPfxw//tGP4g9++MP44Q9/ED/4/vfj+9/73kwB+pvffCFeeOEbkcvllj6+6xigq9Vq7OzsTLS3txftdvtShB5+3bQDdC43OM854vOoPHwjwHHxedINA+cN0LN+TgI0AAAAsC4CNJlZJkC3Wq3Y39+PQqEwsOu191rPnj3rB+inT59Gs9mcv9wOrbOzszg+Po6NjY347LPP4t69e3Hjxo34w5/9LH72+uvx+uuvx09fey1e+8lP4ievvrqSAP2Nr389crnlIvR1C9DzRNFCoXApQg/PgZ7nJoS9HcQ9pVJp4FyOC9D5fD5ardbAY5NxeZH4nMsNBujz8/OV/N4J0AAAAMA6CdBkZpkAfXZ2FhsbG7GxsTE1QD9+/DiePHkyclTCqFWv16NSqUShUIjPPvssHj58GDfffTfefeeduHHjRtx4++146803480334w33ngj9QD90osvXoqb86zrFKAXiaLDQfX09HTgz+cJ0KNeO7kmPXdUhL64uFg4PudygwF63I0K5zVrgK5Wq9HpdOLi4mKmYwUAAAAYRYAmM+sM0I8ePYqHDx/G06dP4+DgIGq1WtRqtf7ojGfPnsXjx4/jw9u34/bt2/H+++/H+7duxa333oubN29mGqC//rWvxf3795/rAL25ubmyAD0catcVoHO58TuhF4nPudzlHdCVSmWicrncN+5nJM9Xp9OJer3ef05v53cvPvfUarXM/74AAAAAricBmsxkEaAfPHgQn3zySdy/fz8+/vjjuHfvXnx0927cvXs37ty5c2UD9B/88IfPdYBeZizE8HNPTk4G/nyVAXrczQWTRkXoReJzLnd5BvQ82u32yJsb9s7X8E0fJzGmAwAAAFiUAE1mBOjZA/TXvva7Vz5A53J/NLah2WwOfC6zPrcXTueJtL0RF73wure3N/Dne3t7U6PsOIVCYeBcznpcy4zdSFomQI+L7cNfFEyzyGcJAAAA0CNAkxkBevYA/dPXXrsWATor+Xw+dnZ2xgbeQqEQxWJxoVnG+/v7UalUYn9/f67nFQqF/viNReJz7zUajcZUo+Lz8E7w5LlqNptTw/PFxUUcHR2JzwAAAMBSBGgys0yAbrVaz12A/u53X4k33ngjPvroo3j48GEcHBzE6enpwuH5ixSgr6rNzc3Y2dmZa9c1AAAAwPNEgCYzywToiLi2Afr1n/403rlxI548eRKfffZZHB4exvn5+dKhedwSoAEAAADIigBNZpYN0MVi8UoH6Jvvvht3796NZ8+exf7+fpRKpZQS8+SVRoDe3Nzsz3ueZZRDuVyeaZRDb3by2dlZHBwcLH2NlUqlaDQaUSwWF36N3d3dqFQql5RKJTubAQAAAKYQoMnMsgG62WxmHqBv3LgRH929G48fP45cLheVSiUajUZKKXmxteoAPesM4UVuZnd0dDQwx3iZCF0qlQZea94ZzPl8Plqt1tTze3x8PPexnZycLHRTwXnC/MHBQdRqtf6c6Hq9PpdqtbrQ3GoAAACAJAGazCwboCMiSqXSWgL0nTt34sGDB/2ZvsfHx3FxcbFID177WnWAnnXn8yjlcnniNdFuty9F10UiaLFYnPmmfKPMGp97a57XzuVyC8XnWd9LPp+PWq028PhFP69OpxPVajXzvysAAACA60uAJjOrCNCdTif29vb6r7lsgH748GE8e/Ystre3o1KpRLVanfuY0ljzxNDhtcoAvbe3dylQHh0dRblcHuno6GiuAD0qtrbb7bki9Kj43O12o9FozPT8eeNzb80ToZcN0JMidLlcXll87jk8PMz87wsAAADgehKgycwqAnRvVSqVyOVmD9C5XC62trZib2+vP6bgKqyjo6MoFovx8OHDeP/WrXj99dfjpRdfjK997XcXfs1VBuhyuTz3ruaDg4Oo1+tRq9WmjuAYF1vb7fZMM6QLhcLY15glQPdmUCdXp9MZGcBPTk4unetZI/TwWI2dnZ3Y2dmJUqk0ct50pVKJ09PTS+8p+eVL8jNKPqZWq8XR0dHAeI2Li4uBGd3D4zdardZcnzEAAADAOAI0mVllgI6IuLi4iKOjoygUClEoFGJrays2Nzdjf38/yuVynJ6eRrvdXupnrHrV6/V4+623Pg/NL70YL734Yrz4rW/FN7/5QrzwwjfiG1//enz9a1+7MgF6b29vIF72zBKXZzFt/vGkn1EoFEaO8JgnQM8an3tGRejelyGzvs9Zd2b3fl7yuaenp5ce04vo3W537Nzter3e/+zq9frI1+hF6IuLC7OgAQAAgIUJ0GRm1QH6Oq779+/H7738crz88revRYDO5T4PvaMidLPZjM3NzaWuiWRcPT4+vhSUx8XaUfF5ONZOC73FYnHgvE2Lzz3DEbrT6cz1PucJ0Ms+t2dagM7lcv1558t+pgAAAMAXmwBNZr7oAfr8/Dx+8P3vX7sAnct9vkO22WxeitAXFxexs7Oz8DWRjKuVSmVsWB4+lt6O3+Hd0vPE2kqlMnDe5tn1Oxyhp52DrAN08guEcQEaAAAAYBUEaDLzRQ7Q5+fn8cYf/mG88p3vXMsAnct9Hn6r1erIm9YdHBwsdE0MB+hcLhc7OzuXxmkcHx/3j2FcfB5+vXkD9DzHXSqVBp6bVoCeN6qPk/ysBGgAAAAgTQI0mfmiBuhqtRpvvPFGfPeVV651gO4ZdWPCTqcT1Wp17mtiVIDO5T6/keFwhC6VSpfic7vdHhgZ0fv/IyLVAD383DQC9KjYvujNAQVoAAAAYF0EaDLzRQvQ1Wo17t27F9/7/d+P7373lecmQOdy429OOO3GgcPGBehcLhfHx8cTb1LYbrcvjc3oxeeI6QH69PR04LzNcy0nA3S32507QO/s7Ew1KrbPc26TBGgAAABgXQRoMvO8BuhGoxGVSiU+/fTTePLkSbx/61b85NVX4wff/358/3vfey4DdC73+Y0AW63WQNzsdrtxfn4+8zzlSQE6l8tdurFg0qifMU+AbjQaA+et2WxGs9mMRqMx1fn5ef958wboRYyK7fMQoAEAAIB1EaDJzHUP0LVaLUqlUvziF7+Ix48fx507d+Knr70Wr/3kJ/GTV1+NV3/84/jxj34Uf/DDH8YPf/iD5z5A53KDNyccDqZ7e3tTnz8tQI8aQ9HtdqNYLI58veSaN0AvsnrHk3aAXuZGj7mcAA0AAACsjwBNZq5LgK5Wq3FwcBBbW1tx//79uHv3brz15pvx5ptvxhtvvBF/+LOfxc9efz1ef/311AL0T197beHjX2eA7qlWqyPD6aSZxZubm1MDdC53OUKPi8+53GCAPj09nXjMywboeQKxHdAAAADAF4UATWauUoBunZ1FrVaLg4OD2NzcjMePH8eHt2/Hrffei5s3b8bNd9+Nd995J27cuBE33n577QH6yZMnC7+3VQbofD4f5XI5yuXy1PnDh4eHI+PpuMfv7OzMFKBzuc/HfVQqlYnxOZcbDNCTXi+Xy0Wz2Rx4/O7ubl+pVIpKpTJWo9FYOEBPe59mQAMAAADXmQBNZrII0M1mc2BH86effhof3b0bd+/ejTt37sSHt2/H7du34/3334/3b926EgH6u999JVqt1sLveZUBular9cNls9mceNO8XC53Kcy22+2x18M8AXpWyTVvgJ7n51QqlVQCdNKo8SOHh4cLnRcBGgAAAFgXAZrMpBmgO51Of0bzxsZG5HK5ePjwYTx48CA++eSTuH//fnz88cdx7969Kx+gDw4OljoXqwzQ9Xp9IF4OmzY6YtIc6C9KgC4UCgu/z+FztGg8FqABAACAdRGgyUwaAbp1dha7u7vx7NmzePr0aTx58iQeP34cjx49unYB+uWXvx2FQmHpc7LKAH1wcLBwgJ40/zmX++IE6GXe5/Bzp53TcQRoAAAAYF0EaDKz6gBdKpX6r3XdA/T7778fp6enS52P3lr1TQj39vai1WrNFZ+Pjo6mXg/JERPL3mSvp9PpDFwfkx6bPN+dTmeunzMcoCcd+6oCdKfTEaABAACAK0+AJjOrCtCdTid2d3cjl8tdywD9+uuvx3vvvRePHj2KnZ2dOD8/Xzo6J9eqA3RP8gZ5k8xzo7x8Ph87Ozuxubm5kmusd7PCafG597NPT0+j0WjMHb+Tz512Y8RcLhcnJyfR7Xbj7Oxs7hsJnp2dRafTWSrSN5vNfoA+ODjI/O8CAAAA4PklQJOZVQXoZEC7qgH6J6++Gjdv3ox79+7F06dPo1QqRb1eX2loHrfSCtBcX73Qv4pd5gAAAACTCNBkZhUBulqtDuwgzTpA37hxIz68fTs+++yz2NjYiHK5HBcXFylk5dmXAA0AAABAVgRoMrNsgO50OrG1tZVJgL5z5048fPgw8vl87O7uRqVSSSkfL78EaAAAAACyIkCTmWUD9MnJSWxsbKQaoB89ehSffvppbG1tRbVaXdmNAde5BGgAAAAAsiJAk5llA/Tu7u5KAvTDhw/j2bNnUSgU4uDgIE5OTjIfm7HKJUADAAAAkBUBmswsG6A3NjbmCtC5XC42N4xI+fYAACAASURBVDfj4OAgKpVK1Gq1lJLv1VoCNAAAAABZEaDJzDIButVqjQ3QhUIh9vf3o1QqRb1ej2azmWLevfprOEDfvn1bgAYAAABgLQRoMrNsgN7f349KpRLVajUajUZ0Op0UM+71XQI0AAAAAFkRoMnMsiM4rNlWL0C/9957AwH6448/FqABAAAASJUATWYE6PWsGzduxLvvvhvvvfdevP/++wMB+sGDBwI0AAAAAKkRoMmMAJ3+qtcb/fEbvQD94YcfXgrQT548GQjQvc9GgAYAAABgGQI0mRGgV7fq9UYcFg/j6eOnce+jj+PWe+/H22+/PbD7+datW/HBBx/EnTt34qOPPor79+/HgwcP4tGjR/HkyZP4+c9/filAZ32NAAAAAHC9CdBkRoCef52fn8dh8TA++ywXD+4/iPdu3oo33ngz3nrrrQG9+Dy8+zl5A8JxAdr4DQAAAABWRYAmMwL05HVYPIytza14+vhpvHfzVrz5xpvx5puXY3MyOvfC83B87u1+To7fGL4BoQANAAAAwKoJ0GRGgP58VY+rsbOzG08fP43bH3wYb74xOjCPis3Dwfmdd96Jd999tx+eezufk/E5OX5j1PxnARoAAACAVRGgycwXLUAn5zR/dPde3LjxzsyRORmah2NzLzgno3Ny1/Pt27cH4vPw7ufh+c8CNAAAAACrIkCTmec1QCfnNH9096PPx2dMGJ0xbkdzMjRPi8294Hzr1q3+judeeL5z586l+Jyc/Txu97MADQAAAMCyBGgy8zwE6N6c5kk3BFw2NE+Lzb3gnIzOw+H53r17A/F51Oxnu58BAAAAWDUBmsxcpwBdPa5euiHgInOal9nVPC0294JzTzI892Y+J+PzqNEbAjQAAAAAqyRAk5mrGKDr9cbADQHfufFOKuMz5t3VPEts7gXnZHTu7XjuhedHjx7143Ny9IbdzwAAAACkQYAmM1kG6OEbAs4yp3mW2Jx2aB4Xm5PBORmdx4Xn5M5ns58BAAAASIsATWbWEaCTNwS8SnOa5w3NycjcMyo294JzMjonw7P4DAAAAMA6CdBkZjhAP3v2bKnY3LshYG9O81tvvp36jOY0RmckQ/O4yDwcmodjc8+46Dxq5rMADQAAAMCqCdBkZtEAfVKtxsF+MZ49+zTu3rkbb791Y+bQnIzNV2FH8yyxeVxoHhebe8F5VHQWnwEAAABYJwGazEwL0GdnZ3F8XI2trUI8fvQ47ty5G++9917cvHkz3n333XjnnXfixo0blwLzsruae6F5XGweDs2r2tXcC82z7moejs2TgnMyOgvPAAAAAKyLAE1mRgXo7e3tyOVy8fDhw3jw4EF8/PHH8dFHH8WdO3figw8+iFu3bl2K0ONkPae5F5pXvat5WmgeFZxHRWfxGQAAAIC0CdBkZlSA/vnPfx5PnjyJR48exYMHD+L+/ftx7969uHv3bnz44YcDEboXokeZFpp7sXmR0Jz2ruZkaF40Nk8KzqIzAAAAAOsiQJOZZBDtRehegH78+HE8ePAgPvnkk4Fd0L0I/f777w+MyhiWxo7mtOY0LxOZp4Vm0RkAAACALAnQZGpUgH769Gk8fvy4P4ajtwv6o48+irt37/ZDdC8qD0fmWUPzvLuZr0toFpsBAAAAuCoEaDI1aQzHcITu7YROhuRxNwJc1eiMXmied3TGLKF5kdEZQjMAAAAA14kATabGBeinT58OzIJORuheTO7F5aRVzmhOe1fzPKFZbAYAAADgOhKgydSoOdDDozgePXrU3wndC8nJucyjZjRf1znNQjMAAAAAzxMBmsyNCtDjInQvRE8y667mZGi2qxkAAAAAVk+AJnPjdkEPj+PozYXuBelhdjQDAAAAwNUiQHMlTIrQyRDdMy4wC80AAAAAcHUI0FwZwxF6VIjuxehRZgnNqxidkfV5AgAAAIDrQoDmyhgOvclAPGtctqsZAAAAAK4OAZorZVQEHheSpxGaAQAAACBbAjRX0jzxeF5ZvzcAAAAA+KIQoLnSRGYAAAAAuL4EaAAAAAAAUiFAAwAAAACQCgEaAAAAAIBUCNAAAAAAAKRCgAYAAAAAIBUCNAAAAAAAqRCgAQAAAABIhQANAAAAAEAqBGgAAAAAAFIhQAMAAAAAkAoBGgAAAACAVAjQAAAAAACkQoAGAAAAACAVAjQAAAAAAKkQoAEAAAAASIUADQAAAABAKgRoAAAAAABSIUADAAAAAJAKARoAAAAAgFQI0AAAAAAApEKABgAAAAAgFQI0AAAAAACpEKABAAAAAEiFAA0AAAAAQCoEaAAAAAAAUiFAAwAAAACQCgEaAAAAAIBUCNAAAAAAAKRCgAYAAAAAIBUCNAAAAAAAqRCgAQAAAABIhQANAAAAAEAqBGgAAAAAAFIhQAMAAAAAkAoBGgAAAACAVAjQAAAAAACkQoAGAAAAACAVAjQAAAAAAKkQoAEAAAAASIUADQAAAABAKgRoAAAAAABSIUADAAAAAJAKARoAAAAAgFQI0AAAAAAApEKABgAAAAAgFQI0AAAAAACpEKABAAAAAEiFAA0AAAAAQCoEaAAAAAAAUiFAAwAAAACQCgEaAAAAAIBUCNAAAAAAAKRCgAYAAAAAIBUCNAAAAAAAqRCgAQAAAABIhQANAAAAAEAqBGgAAAAAAFIhQAMAAAAAkAoBGgAAAACAVAjQAAAAAACkQoAGAAAAACAVAjQAAAAAAKkQoAEAAAAASIUADQAAAABAKgRoAAAAAABSIUADAAAAAJAKARoAAAAAgFQI0AAAAAAApEKABgAAAAAgFQI0AAAAAACpEKABAAAAAEiFAA0AAAAAQCoEaAAAAAAAUiFAAwAAAACQCgEaAAAAAIBUCNAAAAAAAKRCgAYAAAAAIBUCNAAAAAAAqRCgAQAAAABIhQANAAAAAEAqBGgAAAAAAFIhQAMAAAAAkAoBGgAAAACAVAjQAAAAAACkQoAGAAAAACAVAjQAAAAAAKkQoAEAAAAASIUADQAAAABAKgRoAGBl9vf3o9lsRqPRiGKxmPnxAAAAkC0BGgBYmZOTk+it09PTzI8HAACAbAnQXAtnZ2fRbrej3W5HvV6f+/m9HXmdTieGV6fTiXq9HltbW1f2+CcpFotxdnY2VaPRiFqtFuVyOba3tzP/TL8Ijo+P++e/VCot/Xqnp6f9zzKfz2f+/tZ5/hZVLpczfx9fNNVqVYAGAACgT4DmykvupouIuLi4mOv5jUbjUnQet2q12pU7/nlff9Z1cXGxkijKeK1Wq3++u93uUl9y5PP5/hco3W43CoVC5u9vnedv0SWArp8ADQAAQJIAzZW2v79/KSidn5/P/Pxmsznw3G63G61WK2q1Wpyeno4MXKsMJsse/yySsaf3HkcZtxqNRuaf8/Pq7Oxs4FyfnZ0t/FrDATrNHfuzqlQqcXh4uLbzN+7annTNp/GlEpMJ0AAAACQJ0FxZ+Xw+2u32wgF3eGdws9kcObYgn89fCl2VSiXz45/VrLGnUCjE0dHRyOjearUy/7yfR8PX1TLX1lUL0Ht7exGx+h39485fmqGb1RKgAQAASBKgubKSozOazWY/5s4ScLe3twd2/TabzanPScauVQS+ZY5/HovEnt3d3Tg/Px8Io9VqNfPP/HkzKkAvem1dtQB9fHycyvU87vwJ0NeHAA0AAECSAM2VVCqVLgW7XnybJXidnp72n9/pdGJzc3PqczY2NgZuUnhycpLZ8c9jmdhzcXHRf2673f5C3NhunXoBtdvtDlxbi4ziuGoBul6vC9CMJEADAACQJEBz5QyH4EqlMhDfpgWv4dEX8+zsTYaTRUcLLHv881om9gzPqBb5VqsXUDudThweHg6c63lHcVy1AN3bQS9AM0yABgAAIEmA5spJRqfe6Ix5Au7Ozk7/+d1uN7a3t2f+2VtbWwOjO3Z2dtZ+/PNaNvYkR3GUy+WZn7e7uxvlcjkqlUocHR3F0dFR7O3tLfVeCoVCVCqVqFarUa1W4+joKEql0sp2ZheLxTg6Ouq/fqVSmWl3/LLXcrfbjc3NzYGxLPNG5FUE6N3d3ahUKnF8fBzHx8dRqVTi4OBg7tfZ3t5O7Xoedf7WEaD39/f7197x8XGUy+XY3d1N9WemIZ/PR6lUGrjOj4+Pl/7d7On9DpXL5f7v5/DvkAANAABAkgDNlZIMF8nRGfME3OTNBxfZxZwMsvPORV7F8S9zzhaJPcnIN+n5+Xw+Tk5O4vz8fCDSD692uz337t79/f1LM6mHV7fbHWtSRN3d3Y1msznxmFutVhQKhZVfz8kAvbe3d2l3/DyjOBYN0Pl8Pur1+sDPHXVum83mxODaO4+jXmeRz2XeazONAL27uxtnZ2cTr41OpxOnp6czfwnSaDQWfv+9sN/tdideG72f0W63+9dBtVodGKkzal1cXCx0HovFYrRarYnn6eLiov97L0ADAACQJEBzZezs7AwEjmS8mSfgtlqt/mvU6/W5j6M323aWn5XG8c9rlQH6+Ph45GOSM7VnXbPG1Vqtdum5yYg5yxoX1ZLnZtrqdrtz7QCf99z2jnHRURyLBOjDw8OZz2FvjZt9nvxiZ9a1bDROM0DP+3663W4Ui8VUjzk5EmfS3xPJLza2tramhufhNc/fi6N+PyetRqMR5XK5/78FaAAAAARoroxkRBmOFvME3GWjVTIQzhOLV3X881plgK7VaiMfMxyhzs/Po1arRalUir29vdje3o5KpTIwe3uW4xmOgK1W69Ku0aOjo0uvW6/X+2MAisXiyN2pw6/d7XajXq/HwcFB7O7uxu7ubtRqtUuB9ujoaGWfzbhrcZFRHPMG6EqlEsPr7OwsSqVS//2XSqVoNpuXHjfqOtjd3Y16vR6NRiPq9Xr/vPV2CDcajUuWHWGRVoBOfsmUvDYODw9je3u7P6pk1K78UqmU2jHv7e31nztLgO4de3K1Wq2oVCr938v9/f2R1/ksN1kd/uKp2+32A/Ph4WEUi8U4Pj4e+NKvd531fp4ADQAAgADNlZAMHaPGZswTcJMheJFolYxAs47wWOXxz2vZAD3L+drY2Ih2ux31en1q+ByOq+NGW2xvbw9EsWlBLBlKW63WxMcO7zJutVpjZz1vbGwMnIN554ZPMi5GLjKKY54Avbe3N3BuO53OxN27u7u7lyL/pJ3ZaV7Ps5y/ZRwfHw+8z/Pz84nnslwuD5zLadfHugN0b11cXEwM/vl8fuB5yRFB49738O/QpDEku7u7I8ezCNAAAAAI0GSuWCwOBItRN/6bNXglHxcRM/2T+WHJCDQpoKZx/ItYJkAnQ+Uqw2sy6I4Ly8ldqLME2OFou7+/P/YaSMbUWeNu8jmrimaTYuS8ozjmCdDJHanJOcHTXj+547fdbo8Njtc1QC86gzt508WIP7q56KqPedEAPe0LmXHX+biRO7nc4O/wrK+/ubl5KUIL0AAAAAjQZGo4iIy76d8iAXqeG7UlJeewTnuNVR//IpYJ0MnItMrjSu4yHXdMi4S65FiNcee6VCrN/PmNe16n01no2pn3Pc4zimPWazsZMSMi9vb2Zj7ezc3Ngd2+46L4dQ3Qyeuy0+nMfGPBXG7wC4NJX9ZkEaDnGXWS/B0a97uZ/FJt3i+mhueuC9AAAAAI0GRq1rEK6wzQyQg3bQf0qo9/EYsE6O3t7UtzW8ftKF5EMqSN2i2aDPfzfE6zvNfk+xo303raZ7RIPBxlWoycZ0furNd2MmrPunM1KTlOZty1el0DdPLLollmIA9L7hBf5RcrPYsE6Hk/42m/m7nc4L9OmLTbe5Stra2BLzEEaAAAAARoMpO8Sdq00LvoCI5FRkokX2PSnNQ0jn8RySg7Kbjm8/moVCqXwnPE+N3Ei5oW0hb9nJJxdFTYSsavRUaKJL9QmDSeYFazxMhZR3HMEqCHd+SXy+W5j3l3d3fgHI77OesO0L3jmVXEYJxdxbiZ5A7qce973QF6ni9ZZvkZw7+b0266OMosoR4AAIAvDgGaTMz6T/171rkDOrkrdVxYTuv4F5EM0N1uN9rt9iWjbg4W8Xlgn3bsi5r0fod3QM8aA5MBcFR4S45PmTTDeJbXX0U4mzVGznLjxlkD9LLX/3DEHjXCI6sAPe9K3hB01rg7yc7OTv/3vt1uj/xyat0BetU/YxXXUPJ6FqABAAAQoMlEchfuLP/E+6rNgE7r+BcxPHN1ltXpdBYaQdBTKBSiXC7HyclJnJ6eRqPRiEajEc1mM87OzuLs7Kwf6sa93+Ru41l3YCfP+6jwdnBwMPAeS6VSVCqVmZTL5YFjWmeAnmUUxyzX9vCXJ4vOsZ523FkE6IuLi2i1WjM7Pz8f+AyTO80XPebhz2DUFwXXPUCv4hpa9Rc5AAAAXG8CNGuXDKaTRlwkLTqCY54bsPUkA82oyJTm8a/ifJ6dnV0Kcefn53F2dha1Wi0ODg6W+lnJGxfOssa933lGmORys90kcJEYP26tM0DnctNHccwSoJNfnixznV3FAL3sjPLkzffmHVsx7jN4HgP0Kq6hZW6MCgAAwPNHgGatknNYI2LmGDpPgE6OD1jkxmXJQDMcmNM+/kXMOgN6GcfHx2PHePRiXKfTGRj7MS1i5fP5gZjd6XTGzixOxsOI8fOZr3OAzuUmj+KYJUAnr912u72S4x51jV/HmxAmr41Go7HQawzPhx/1GVz3AL2KUSUCNAAAAEkCNGszHBznCRPJfxaenOs6SjLOFIvFuY8zOcYhGWDWdfzzSjv2jIq6FxcXcXJyMnaH+dbW1kwRa3t7eyDoR3weTpvNZtTr9Tg7O7sUvifFw+HIuLu7GwcHBwuZd370tGtxllA4aRTHvAH6edsBvcoAbQf0+J8hQAMAALBqAjRrs8rdqcOr1Wr1f05yTvCss4WTkrttkwFmXce/zHlddezZ2toaCMStVit2dnamPm+eiLWxsTGwY3rcmuWGicnPbplzuiqLhMJxozhmDdC9z+t5mwG9bIBOziVe9Nr4ogXoRb8sE6ABAABIEqBZm+ExCqtcyVBSq9X6//8ioWncDQbXdfzzSjP21Ov1/mvPM9JhngC9u7s7sOu3N7P64uIiLi4u4uzsLI6Ojmb6uau40dwqLRoKR43imCVAr+ImnMNjbJ6XERyr2Nmb3LE/bv77dQ/Qs0T2aZJ/BwvQAAAACNCsze7ublSr1Tg5OZlLtVqNarU6EH6Oj48HHlMqlfo/Z3iG8zwRbngEQjLurOv455VmgE7G+HmOMXmDwUkhbXNzcyB2LRsZk4FwmR3Aq7JoKBw3iqP3epPe2/n5ef9542ZqT7KzszP1HF7HAL25uTnwvra3t+d+jVmu6+TvzLzHnLzRZlYBOnntLXqekudAgAYAAECA5lqYJ3gN7+CcJ5wmd9Auuvtv2eOfV1oBOnnMEbPfcDGXG9w5Pen9Jo991l3O0yQ/+0VGsKzSMqFweBRHqVSKZrPZvzbHBejT09P+c5IzpGeV3L06bmf+dQzQudxgnD85OVnq+eNmkSf/pcS8x5zc+Z5VgB5+n/POyx7+8kSABgAAQIDmWpg3eM0aQIcld+4tEu9WdfzzSHMHdPKmi7MG6OG50bOEtFXG/mQAbLfbK7mZ4KKWDajJINnpdGbaAZ0MjBERu7u7M/+84Xg47kuB5PU8778yWOf5G5b8Xel0OnNdG8mbk0bE2Fnoi/4+bmxszP17s8h5mSVAJ+dlzzN6J5cb3CU+7zkAAADg+SRAcy3MG3CHI9wsO2GT0SVisfEFqzr+eaQZoJOha9bdxMmIP+39JnfrzrvTcpzkqIWIwTne67ZsQB3ehd5b08aLJH9uu90eOat42vPGzTgedVyz3Jgyi/M37bhnvTaGb5Q56cupZICddA6HJb80m/Z7k3aAHo7hs/69MvyvT+Z5LgAAAM8vAZprYZGAOxx0KpXK2MeWy+WZ48+6jn9WaQboZCDudruxt7c39rG7u7sDO6ZnOZfDYya63W7/JoSjnJ2dRbVanbpzdfiGkefn5zPv0q1UKkvN5E5aRUAdPke98zTp/QzvQu90OhN3Qufz+YGxCxERx8fHEx+f/Kzr9fpKr7tVnr9Rn29ytVqtidfT/v7+pS8BJv0eDEfYaf+SIp/P90erzPp7s44bHSZHsUSMHzky6RqKEKABAAAQoLkmFg24w0G01WpFpVKJ7e3t2N7ejnK5fGnH7irHQSx7/LNIM0AP74SM+Dw27u3t9c/h4eHhpYDWbDb7EW7a+01G7llXt9udGj2T4yuSz0mOEtne3o5isRjHx8dxdnbWf6/jZh/Pa1UBddR7mRbUh0NrxOcRMfn+d3d34/T09NJnPC02Dl93vef0dvv2rotisXglzt+w4S+nut1u1Gq1gZ3c+/v7I8PwLLPKh/81RafTiWq1OnBDv/39/ajX65fOfW9lHaBzucv/mqHdbsfR0VE/2BcKhSgWi5fex/n5ef9/C9AAAAAI0FwLiwbcjY2Nkbtyx61pO0XXffyzSDNA53KXd4dPW7142Tvv497vuB3T3W53pFGr1WpNPPZF4vakY57XqgLq8OiIWb8kGQ6hs6xlxi0Mr1lC+TrO3yjDUX/a6na7c43lGY7cs7z+3t7eTF/cLHNe9vf3+8+d5TpP/qzh4x21er+TvetVgAYAAECA5lpIxq5Fbg44apfncEyp1+up3bBu2eOfJBkZVzVHedj29val3ZDDq91uDwS6XrgaFYmLxeLA59Fut+P4+Hhgh+iw3d3dqFarl6LntNnU+/v70Wq1Jn7+yeM4PT2deBzzSO6gnfUmjuMkR3HMc+O/fD4fjUZj6vtvtVpz71jO5/NjA2XE8gE6ef6W3U096dqYtLrdbjSbzYXeR7lcninSNxqN2NraGvh7YtKXK8tcVzs7O/1rYdoXOD3Hx8dT30en0xkY29I7rycnJyv/3AAAALheBGi+UIrFYlSr1ajValGr1eLk5GTlOyufZ70IfHp62j+HR0dHcwXbjY2Ngd28i0TzZICbZ7fy4eFh//NP/mepVFpZdL7KDg8P4+TkZOD6L5VKS3/xsr+/HycnJ/3r4uTkJMrlcmpf6KxaPp+PSqXSPy+962JV0btYLEatVot6vT7w+st+KbFuhUJh5HmaNBMbAAAABGhgrZI7tmfdgTkseZO9drt9bUInAAAAwBeNAA2sVXJkQ/Kf7M8jOaogjZtGAgAAALAaAjSwVskAPc9N3ZK2t7ftgAYAAAC4BgRoYK2SAXraDQTHOTo6WmgGNAAAAADrJUADa3VyctKPx4vsXt7d3e3vfo6IqFQqmb8nAAAAAEYToIG12t/fHwjIrVYrdnZ2pj4vn89HrVYbeK7dzwAAAABXmwANrF1yF3QyJtdqtSiXy3F4eBiHh4dRqVTi9PQ0zs/PLz2+0+nE9vZ25u8FAAAAgPEEaCAT1Wp1YDfzrKvb7cbp6akbDwIAAABcAwI0kKmTk5O4uLiYGKO73W60Wq04OjrK/HgBAAAAmJ0ADVwZ29vbsb29Hbu7u3FwcBB7e3t2OgMAAABcYwI0AAAAAACpEKABAAAAAEiFAA0AAAAAQCoEaAAAAAAAUiFAAwAAAACQCgEaAAAAAIBUCNAAAAAAAKRCgAYAAAAAIBUCNAAAAAAAqRCgAQAAAABIhQANAAAAAEAqBGgAAAAAAFIhQAMAAAAAkAoBGgAAAACAVAjQAAAAAACkQoAGAAAAACAVAjQAAAAAAKkQoAEAAAAASIUADQAAAABAKgRogOfM/v5+7O3tZX4cAAAAAAI0a5HP56NWq411cnISe3t7ERFRq9UyP16ut7Ozs+h2u7G1tZX5sazT5uZmtNvt6K1ms5nZsVSr1YiIODw8zPy8AAAAANkRoFmLXlwet7rdbhweHkZExOnpaebHSzaKxWKcnZ3F5ubmUq/zPAbojY2NODs7m7izudFo9H+HqtVqFIvFzI5XgAYAAAByOQGaNSsUCrGxsRGdTicuLi4il8vF9vZ25HI5O6CJer0eEbF0OH4eA3TvC5pJUbn3vvP5fGbH2Tvnx8fHAjQAAAAgQLN++Xw+Op1OnJ+fD/z/vQB9cXER3W63vzO6Xq8PPK63y7P358fHxyN/zt7eXnQ6nWg2mwOPPzk56T+mt6u09/MiIhqNRv/PDw8Po9PpDDy/2+1Gp9OJzc3NKBaLA3/earUu7d79/9m7m1/XtTS/7/9TjXsUOIMexEADHgUwMsjACAptZJROgABBgEYCZ2DYGaXhBBk4COIgL0icFwQdB2nH1SnUjevlVt2qe6uuSIp6f6UkShTfnwzOXTyUNrW39tlrcZHS9wE+wDlbe4tci5T2OT8uPXRdV7IskzzPLx5brVZSlmUVuO/3+4v9SNO0CvOCIHgR5s1msxfjqW8zz3M5nU6SZVn1fIPB4M193m63L+ajKAo5HA7VWJIkudje+Xyu5uStbYzHY0nT9GIFfJIkVfhcn+vFYvHmMXddV+I4rh7P87w6h64D6OtVuZ7nSZ7nUhRF9b3L5bI6Lsvlspo/te39fl9tt75fatvT6fTF8Tifz5Jl2cW48zyvxqf2JUmSxm1tt1u5rvpxv54DNadqPPW2HHmeVyH2PcdTvY6iKLo4L65fl2EYXuy72h8CaAAAAAAAnhsBNFr3VgCtwrPD4VCFmEEQyGDweYVsmqYShmH1eFPIVX++OI4lDMMqQNtutzIYfApDVVh2OByqoG673Vb7qQLPw+FQhWtBEFQ/W5alHI/HKui+Htdg8DlA3Ww21dfU969WqypgVEGveizPc3Fdt7GdgRpfU8sSte9qf6MokjAM39zn+pyFYXgRsB6PR3FdV8qyfDFGFeKPRqM3t6H+rvYpTVOJ41iCIKjm/3Q6yfF4FN/33zzmKuhM01T2+331HE0BtJpnNWebzaYanzo2x+Ox+rsK49W+qvNnPB5XK3zVuRrHsWRZ1rjqWu2jCravj6+6YKDO5RmQbgAAIABJREFU1etzf7lcVuH0+XyW0+n0YiV0GIYX87ff76tjob5WD/lns9ldx/O116W6EKDOz6IoZL/fXwTpBNAAAAAAADw3Ami07q0AOo7j6muLxaIKDH3fl7Isq9Yd9Z+5Xo1Zf6x+Izb1taaQuP748XiU+Xz+4rnrrR1UmLder6vHVfCm2orcGpvneVKWpeR5LoPBoFplW/+5emj9pQG0ChHV19/a56agXAWyKoBuOnbvmRf15/rq3+vnUaul3zrmKmCtPz4cDqsA/DoMVo9dh+H18yRN05vtO+rHQV2QaFqB3jQuEblYHZ0kSXV8VDBeP1evx64C76Z5uzV/6lioCziDwWUIf8/xfOt1WQ/P6+evWu1NAA0AAAAAwHMjgEbr3gqg6z2gmwJhkc+tMFTVA8jXnu96267ryvF4lDzPL57zOvB2XbfqXa1aE9RXtV7vTz18VVQgNx6Pq5YaYRjenI/lclnty5cG0E3B4mv73BSgX4eNbwWWb21DjV3k0wrgejuN697Nbx1z9Xi9bcpg8DncbQqR6wGzCqPTNJWiKKoLA2p80+m0akdR3/5qtZLpdFqtBC6KopqfpnO+qSd1/WsqzL4Oa+vjuOemftfbaZqH+hjfE0Dfel2q57h+Dd4aEwAAAAAAeC4E0GjdWwF0PVBtCqCzLJPT6SRRFFWa+kA3Pd/1tlUorNo71Ff7DgaDF32JRT6veFVBa30/VJuD+qpjRQWv+/2++tnxeHyzDYIabxiGVfhYb7vwkQD61j7XWy+on6kH4e8JoF+bl+l0etHeQ/UgvhVA3zrm6vHrOXjtJoT1lcvqeFx/7XA4VKulRT63xai3TVHzXG8LUhTFi9Xvt/bHVgBdP9/eE0Dfel3eeo579hcAAOBerutW7cFWq5VsNhsJgqD6t9zhcJAwDCvqa3X7/V52u51st1tZr9cyn89lPB6L53nWxwcAwCMjgEbrvjSAnkwmL9otvKapBUd91WtTO47rHsEqJA2CQDabzcUKVxVGXvfivaXedqMsy4sbv6mb5tWDXxWGq39Yi8hF0K6+9p4A+q19bnq8vh31vEVRvNiWCizfOy/1sV+3kHjrmDcdw+v9uf4ZtaJbhcuTyaQKstXXZrNZ1fKivvL3OoCuUxcrmh57K4BWvajrx1IF4KpNizoO97TgUNtR+1RvqbJararXxT3H854AWp3T1+MjgAYAdI3jONrYHsujcxxHPM+TyWQi6/VajsfjixtZ66iyLOV8PksQBDKbzWQ4HHJ8oRXvOwBAAA0LvjSAHgwubzingtkkSRpDufrN047Ho2w2m6rX8m63qwLhoiiq56q34BgMPgeOSZJIHMfVTdjqz69uLBcEgZxOp4vA+1p9RbW6EeJg8DlczLJMttuthGFYPbfv+1VAmuf5RSB9PV/3zvGtfVarnV+bE9Wm43Q6yWazqf5+fdO6W9tQf95ut7LdbhvD6zAMZbvdXrQ6uXXM1X9Eoii6aCNyHehfz42ab/U11cdY3RhQBdVpmspms6kuCIh8ClWDIJA0TWW3213MQ1Pw3rSyvB4Wq/YuTeeqCsBVIB7HsWy3W5nNZje3c72CvCw/3UgzCILqeKr5u/d4vva6VOdrmqayXq8vznPVrkS91tTFBQAA2rReryXPc+2CILjZggvv5ziOLJdLOZ1O1b/NbFRRFBJFkaxWK44vvth2u9X+nqP+v0gYDaBvCKDRurfC0Vu9ZtXPqkCyXq8F0CrIU1XvF1wPFUWk6g8chmEVmom87D+snmO73V58XeTyZm239qkpiLtu91EUhczn8+rxesuK+rjq83U9x/VV1spb+6zaQVxvRx2D+XxehaVqbq5XwL62jetxlGUp+/1eBoNPq3PrP6f+0f/aMR+PxxfHuGl/rqnnq8+dmn91bF3XrcLY+hjUftV7Wau67kVd395rK6AHg09tSa7/o1W/AabneRePN114aNpOPXRW81NfSf/W8bzndVmfU1XqwsByuby4KHHrmAAAYMpqtbr4XaezyrK8uMkw3m84HMpisZDD4VD9W7wrpT45eTgcZD6f06oDd2v6/5CuyvO8caENAHQZATR6aTQayWKxaFwFqlwHZ4vForE/r1rlef2YCtTq21DB7nVLiPl8fvP561T7g1tBpdrPevDcNO63tnOP1/ZZbWc6ncpkMhGRl4HnfD6/uZ9vbUPN+a2fV/343nPM1bZ0r1KZTqcynU5vPq/u7U6nU1ksFjdXCs/n8y/6j+5bx+ue43nvvjedU8vlkv+gAwBa5ziO8ZW097Ydw6XhcHjxqa8+VJqmrIrGm9QnbU3Wa/8PBoAuIoDGw3rtJn33UKtf6z1sVeuLppXFb6mvYP1o0NeneQQAALDBcZyqTZTJIoB+3zFZLBaNn27rU5VlKafTSSaTifU5Rbe4rvviE58migAaQN8QQONhqR6+Xxqcrtfrxl/2RVG8ayVnveewyGVbhT746DwCAADYcOvfcrqLAPptjuPIfD6XKIo61WLjo1UUhRwOB4JoVNR9W0wXATSAviGAxsMajUZyOBw+9MvZdV0JgkAOh4McDoeL1dDvsd1u5XA4yHq9tj4vNuYRAACgTaPRyFjf5+sigH6d67ov7nXyiHU4HLgx3JObTCatXWDh/2YA+oYAGgAAAMDDcF23uhluG0UA3cxxHNlut61dCOhC5Xkum82GIPoJXd8w3HQRQAPoGwJoAAAAAA9js9m0FgKJEEA3GY1GrfTB7Wodj8ebN5TGY2qr9YYqAmgAfUMADQAAAOAhTKfT1nsME0C/PAbPtOr5VmVZJuPx2PrxgHnqnjltFgE0gL4hgAYAAADQe67rSpIkrQdBBNCfrVarh7rJ4EerLEuZz+fWjwvMabv1hioCaAB9QwANAAAAoPeOx2PrIZAIAbTSduuTPhUh9GNyHMdaqxkCaAB9QwANAAAAoNdsfAReFQG0vfC/T7VarawfJ+i1Xq+tnU8E0AD6hgAaAAAAQG+NRiPJssxaEPTMAbTjOLLf763Nfd9qsVhYP2bQYzKZWGm9oYoAGkDfEEADAAAA6C3bq2+fOYDe7XZW576PRTuOx3A+n62eRwTQAPqGABoAAABAL9n8CLyqZw2gWfn8ZVWWpUynU+vHD18uCALbpxEBNIDeIYAGAAAA0DuTycR2BiQizxlAL5dL29Pe6yrLUkajkfXjiPebz+e2Tx8RIYAG0D8E0AAAAAB6xfM8iePYdgYkIs8XQM9mM9tT/qLKspSiKCTPc8my7EKe51IUhZRlKWVZ2t7VqpIkkeFwaP144n7D4VDSNLV96ogIATSA/iGABgAAANArXWr/8EwBtOd5Vm+8pirPczkcDrJYLMT3fXFdVxzHeXXfHccRz/NkPB7LarWS4/FoPZCOosj6McX9TqeT1fOlXgTQAPqGABoAAABAb4xGI+vBYb2eJYB2HEeiKLIyx2VZShzHst1uZTqdiu/7bwbO94zH931ZLpcShqFkWWZlbNvt1vqxxdum06mV8+NWEUAD6BsCaAAAAAC94HmetaDwVj1LAL1arazMb5IkslwuPxw4v8V1Xdlut1bOr/F4bP344jbf96UoitbPi9eKABpA3xBAAwAAAOiFMAxt5z4v6hkC6Mlk0nrrjTAMrd2obzKZyPl8bm2s9IPuNlsr/18rAmgAfUMADQAAAKDz1uu17cynsZ4hgG4zjI3jWGazmfEVz29xXVdWq5UkSdLKuMMwtH6c8VIQBK0c//cWATSAviGABgAAANBpnud17iPwqh49gG6z9UYX+yE7jtPayntCxW7xfb9T/ebrxbkCoG8IoAEAAAB0luM4cjqdbOc9N+uRA+jhcNhKAJdlmfi+b328r2ljBX5RFOJ5nvWx4tMK+DZX/r+3CKAB9A0BNAAAAIDO0hn8xXEsaZpqez6Rxw6gt9ut1rlqqiRJrPV6tnku3qourgJ/Rjpbb0RRpP3mlgTQAPqGABoAAABAJ00mE62tN2azmfZQ9VED6NFoZPzGg3me9+7me/P53OicFEUhk8nE+jif2Ww207ryfzwey36/1/Z8IgTQAPqHABoAAABA5ziOo3W18vl8FsdxZLFYaHtOkccNoE33Pe5j+KxsNhujc3M6nayP8Vl5nqf1wsvxeJTBQP/qeQJoAH1DAA0AAACgc3SuVC6KQqbTqQwGn1Y36qxHDKBN3/SxLMvez9tutzM6P30N5/vMcRytK5WzLJPxeCyDgf6beRJAA+gbAmgAAAAAnTKZTLSGNWEYVs+9XC61Pnffg9Qmpns/P0qfY5M3qVMrZ9Ee3Z+O2O121XPrfk0RQAPoGwJoAAAAAJ3heZ4kSaI1rKn31CWAft1wODTa+zmOY3Fd1/o4dXBdV/vN5eqlVs/CPN/3tR7LsizF9/3q+QmgATw7AmgAAAAAnRFFkdagZrfbieM41fPr/ij8owXQuuenXkVRPFxrCZPzVV9BC3Mcx5E4jrUeu81mc7GNIAi0Pj8BNIC+IYAGAAAA0Am6PwJfluWL1ba6VyI+UgDtOI7RthLr9dr6GE3MmakbNmZZdrGKFmbovqlknucXF70Gg4HW3tIiBNAA+ocAGgAAAIB14/FYe+uHIAhebOdwOGjdxiMF0MvlUsqy1Do/qk6n04tQ7lH4vm9s3lgFbdZ0OtV+w82mCy2n00nrNgigAfQNATQAAAAA647Ho9aAJkmSxl7DurfzSAG0ydXP9T7cj0j3KlpVWZY9bHDfBbrP+SiKXhwvE58sIIAG0DcE0AAAAACsMhHezefzxm0RQDfzPE/7SlBVx+PR+vjakKapkfmbTqfWx/aIdrud9mPVdKHFcRztve0JoAH0DQE0AAAAAGvG47H29gWvtXsggG62XC61zouqoiiepo/xer02MoeP3L7Eltlspv04hWHYuC0CaAAggAYAAABgyXA4lDiOtQYzZVnKaDS6uU0C6Jdc1zXWfuNWKPeIPM/Tfj6LfDqnx+Ox9fE9Ct/3ta9WL4pCPM9r3B4BNAAQQAMAAACwJAxDraGMiMh+v391mwTQL02nU61zoqosy6cLykytJN9sNtbH9ih0h8FvHR8CaAAggAYAAABgwWw20956I47jm6sQFQLol0y1jjgej403gnxkpnppn89n62N7BIvFQvuxiaLo1fOcABoACKABAAAAtMxUSLdYLN7cNgH0SyZWoos8b0h2Op20z2VRFNyM8IN839d+0Uuk+caDdQTQAEAADQAAAKBlJgLPMAzvulEbAfQlz/O098MVeb0n7qObTqdGgs632svgNsdxjFwY2O12d22bABrAsyOABgAAANCazWajNYgREcmy7O5WDwTQl1arlZGw9HQ6WR+bTSZuRpimqfVx9dVut9N+PJIkueuiFwE0ABBAAwAAAGjJcDjU3nqjLEuZz+d37wMB9CUTN2Qry/KudiiPzETgWZalDIdD62Prm9FopP0iS1EUb7beUAigAYAAGgAAAEALHMeRJEm0hjAiItvt9l37QQB9eUyyLNM6HyL3rwx9ZPP5XPu8isi7LrbAXIuZ1Wp19z4QQAMAATQAAACAFqxWK60BjIhInufv7jNMAP3ZcDg00n7jcDhYH5ttw+HQyAWX/X7/9OH+ewRBoP0YpGn6rmNAAA0ABNCw5PcDX776eiD//GffAtDsr372rfzNn34jP/rJ17DsX/l/fy1//fvvrb/nAoBt0+lUe+sNEbn7I/B1BNCfmVqlu16vrY+tC0z0O0/TlDYcd1osFtovsJRlKaPR6F37QQANAATQaJnjDuWrXw3km9+PZXfQfxdiiqJE/tFoYT14xWd//qvfWX/vBQCbXNc10uYhCIJ374vjOHI66f03aJ8DaFN9ir/kwsAjmkwm2udXhPDxHib6zYt82cUVz/O035SScwBA3xBAozV/+MNAvvp6IPOV/n/oUhT1uf78+7H10BWf/dkvfmv9/RcAbNrv99p/1x2PR3Fd9937MhqNtLdF6GsA7XmenM9nrXMhIhJF0Rcdm0fkeZ6REHSz2VgfW5c5jqP9kw4in1rLfEn7k8lkov0iHAE0gL4hgEZrvvvel19/N9L6i5eiqJdFAN0t/y4BNIAnNp1Ojfyu+9IWBKvVSnsg2NcAejKZEI4a5jiOkRvghWFofWxdtlwutc95URRffGFlu91qbwVCAA2gbwig0Zqvvx3K7qC39xVFUS+LALpbCKABPCtTN2H7SH9hEzdC7GsAbSKkExGZTqfWx9YlYRhqn+M4jrkR4Q2+72tfbVyWpSwWiy/ep+12q3V/RAigAfQPATRa8f33A/nFbz05x/pXAFAUdVkE0N1CAA3gWenutSzyqb3DR/aJAPqzIAi0z0VZltwg78pyudS++jXPc/ps36C717LIp9YbH9knAmgAIIBGS77/fiC//N1QorP+VTAURV0WAXS3EEADeEYmVtemaSq+739ovwigPzOxMjfPc/o/XzGxIlfky27C+eg2m432eY7jWDzP+9B+EUADAAE0WkIATVHtFQF0txBAA3g2pnoL62jtQAD9ieM4RlaKns9n62ProijS34bwo58GeDTz+Vz7SvOyLGU0Gn143wigAYAAGi0hgKao9ooAulsIoAE8E8dxjIRtH/0IvEIA/cloNJI8z7XPxW63sz62LjocDtrnmtXmnzmOY6TfvK5V5gTQAEAAjZYQQFNUe0UA3S0E0ACeyW630/57LUkSbUEbAfQnJvoSF0XxoRu1PTITAWRZlh9uDfEoTLSTiaJI240eCaABgAAaLSGApqj2igC6WwigATyL8Xhs5CPwOoMWAuhPTNyAUEeP7kdl4rwTES3tIfpuNptpn9eiKLTe5JEAGgAIoNESAmiKaq8IoLuFABrAM/A8z0hP4dVqpXU/CaA/MbFilP7Pt5kISUUIIX3flzRNtc/rfD7Xup8E0ABAAI2WEEBTVHtFAN0tBNAAnoGJHrcmAk0C6E/9ck2EdmEYWh9bV/m+L1mWaZ/z7XZrfWw2nU4n7XN6PB617ycBNAAQQKMlBNAU1V4RQHcLATSAR2ein3CWZUbaCxBAD8R1XSM3INR1w7ZH5HmeHI9H7XOu6+acfbTZbLTPZ5IkMhwOte8rATQAEECjJQTQFNVeEUB3CwE0gEfmOI4URaH9d5nu1hsKAfSnMNTEMVuv19bH1mUmQsjT6fSUNyL0PE/7XIrob71h8tgTQAPoGwJotIIAmqLaKwLobiGABvCoHMcx0ks4DENxHMfIPhNAf2oHoXvFuoi5iwaPwsS5l2WZjMdj62Nrk+u6Rlpv7Pd7Y/tMAA0ABNBoCQE0RbVXBNDdQgAN4FGZ+Ah8lmVGV3QSQA9kPB5rnwMRArG3TKdTI/NuatVuV+33e+1zmCSJsYtegwEBNAAMBgTQaAkBNEW1VwTQ3UIADeARmVhFW5al8VCFAHogk8lE+xyUZfl0K3HfazgcGml90rfz7yNMXDzJ81wmk4nR/SaABgACaLSEAJqi2isC6G4hgAbwaFzXlTRNtf/+2m63xvedANrMHOR5buSmkY/EVO/tZ7n5o+d5Rm6e2cbrlwAaAAig0RICaIpqr3QF0D/+xpV/6xvHeoDbdwTQAB6NidYbSZKI67rG950A2kwYFsexDIdD62PrMtd1jQTQh8PB+tjasNvttM/d+Xw22npDIYAGAAJotIQAmqLaq48G0P/Qm8n56j9IX+2O8qe/dSW/+rh1KSJ/z5nIP558+g99Xpbyb//Oq57rn8zWUorIfzSYyB/99DeySbOLn0+KUv7F9tC4H03fLyLyl+tdtb1SRP6hN7v4uZ/vjyIiEuWF/MnPv6u+/mffDaUoSylE5N//vV99XT3X/7HaVT+v9pkAGgAuzWYzIzewa2v17LMH0I7jGAnDttttK0FenzmOI1n28t81H61nCKCXy6WRlj9tXTQhgAYAAmi0hACaotqrjwTQKvQtReTrw0l+tgvlmBfyT5db+bu/daUoSznmhfzycJJf/+DH37jyT2bravvDc3wzgN5nueRlKT/fH+XXh5OkP/xnYnxOGvdFfb/a3jdhJH/hLy6298vDqfqZP/7qd1V4HheXAfRfbT7ftOb/qYXe6rn+cv0pgP5NGBFAA0ADU6032mwh8OwB9HA4lCiKtM9BG+1T+s5xHEkS/f8XOp1O1sdmkqnWG+v1urUxEEADAAE0WkIATVHt1UcD6DDPJStL+eOvfnfxmAqgnSh+8XMqxFUrpP+ryepmAB0XRfXcf+Nnv5Xgh1XO//V01RhAx0Uhf/TT3zRuT+RypfN/MVo0fl0917ko5JgXEuZ5tQ8E0ABwnzAMtf/OOh6PrY7h2QPoyWTS+zCvz+I41j735/PZ+rhMcRxHTqeT9jnb7/etjoMAGgAIoNESAmiKaq8+GkCvkk+B8CxO5R/U2luoAHqbZvK/LAP5Z+u9/NPlVv7op7+pQtxfH05SlGUV/v430+YAur4y+b+ff+olqgLgphXQf7neyf/5g3/z14Nqe6pFx3/mz+VHP/lavj+dJS9LOeXFxXb+vjsVEZF/uT/KXweHi9YdBNAA8Lb5fK7991VRFK33DX72AHo2m2kfv4jIYrGwPrY+IIB+n/V6/fYEvLPyPG+l33wdATQAEECjJQTQFNVefbQH9I+/cWWXfV4dNY9T+Vu/+K4KoOtVlKX8rV98V4W4/9NiK//fDz2Yf7oL5T8fLd4MoP/3VSAitwPo6/pPnEm1vZ/uQsnLUr49RvKv/ctvJfvhz+s0u9jO14dTFTr/x4OJlCLyu2NEAA0AdxiNRkZab9gIUJ49gDYR6JVlKePx2PrY+uBwOGif/zRNxfM862PTzcRq/bIsZTKZtD4WAmgAIIBGSwigKaq9+mgArfyFv6hWGP/+dK4C6PE5kb/9qz/Ij79x5U9/674Icf/4q99JXBRSiMj/vdm/GUD/D2+sgI6LQn78jSs//saVP/tueLHi+n9ebGV8TiQuCvkff3ie/9SbXWxH7c91xUUh//ov/0AADQBvMPEReFt9a589gN7tdtrH3+bN3PrOxAWAoiishKqmmVgtbuuGjQTQAEAAjZYQQFNUe6UrgP7RT76WP/n5d1KUpfjn5K4e0CrEVW01ROTVHtB//NXv5PDDKuf/cry8GUBf96NW2/tfl4H8d7VtRXkhf+Nnv70IoP/x5FPYsE0z+f3pLN8eI9n+EKz/t7P1zQD63/l2SAAN4OmZCMySJLEWWD57AB0Egfbxl2Upvu9bH1sfbDYbKa8+TfbRKopC5vO59bHpZCKwPZ/P1laKE0ADAAE0WkIATVHt1UcC6L/7W1eSopTvjmf5vzZ7GZw+rT759hhVAfQxL+SXh5P8+gc//sZ9EeL+6Cdfyzz+9HHt6wA6L0v5+f4o34RR1dJjeH4Zate//5eHk3x9OMk3YSR/4S8utvcnP/+uuvnhLw+nFyutvSiWUkT+nvN5RbNqwzE+J40BtMinVd9f/zDGnwbhixshEkADeHTT6dTI76npdGptTATQ+gPooiha76nbV4vFwshNIIMgsD42XUz0my/LUkajkbUxEUADAAE0WkIATVHt1UcC6H/j6+/llF+2q5jFqfyd3zjyp791q6BXlQp21Srj/20ZVM/1H/xhJEVZXgTQqqWHqnNRvGi9UQ+gr79f5FNQfL09FTL/fXcqf/TT38g2zSTKC/kPvx9LXpayz/KLVdQqpC5E5J9t9tXz/ugnX8svDy8/an7dNoQAGsCjc11Xzufzl/0ieqV2u53VcRFA6w+gsywTx3Gsj60PxuOxkX7qURQ9xDHwPM/I/Gw2G6vjIoAGAAJotIQAmqLaKx0tOP7Obxz5977z5W//6g9a2lA8MwJoAH203++1/346n8/Wx0UArT+ATtP0IcLPNjiOY+TCzqME0MfjUfvchGFofVwE0ABAAI2WEEBTVHulswc0CKABPJ/RaGSkT63N1hvKswfQJi4ssAL6faIo0n4MoijqfRsUEy1/siyz2npDIYAGAAJotIQAmqLaKwLobiGABtAnpj4Cv1qtrI9tMCCAPp1etpn6aBFAvw8B9Eu+7xvpjd2VmzMSQAMAATRaQgBNUe0VAXS3EEAD6BMTH4GPosj6uBQCaAJo2wig25mTLrTeUAigAYAAGi0hgKao9ooAulsIoAH0xXq91v47KU1TGQ6H1semEEATQNtGAH3JRF/yOI7F8zzrY1MIoAGAABotIYCmqPaKALpbCKAB9IHrutr7Pot05yPwCgE0AbRtBNCf+b6vfS7KspTJZGJ9bHUE0ABAAI2WEEBTVHtFAN0tBNAAus5xHCOtN4IgsD62awTQBNC2EUB/4rqukblYr9fWx3aNABoACKDREgJoimqvCKC7hQAaQNeZaL2RZVknAzECaP0BdJqmBNDvYCJ0PZ/PnXy9vcZE640kSTp5LhJAAwABNFpCAE1R7RUBdLcQQAPosvF4rL31RlmWMp1OrY+tCQG0/gA6SRLr4+oTEwF0HMedDF5vmU6n2ucgz3MZj8fWx9aEABoACKDREgJoimqvCKC7hQAaQFe5ritZlmn/PdTFj8ArBND6A+jj8Wh9XH1iIoAuiqJTN/t8zXA4lKIotM/BYrGwPrZbCKABgAAaLSGApqj2igC6WwigAXSViVDkdDp1eiUmAbT+AHq321kfV5+YOAYiIr7vWx/bPfb7vfaxHw4H6+N6DQE0ABBAoyXffz+QX/zWk3Ocav/lS1HUZRFAdwsBNIAums1m2ltviEjn+9ASQOsPP/f7vfVx9YmJALYsy14E0MvlUvvYi6KwPq63EEADAAE0WvT1t0PZHfR/5IyiqMsigO4WAmgAXeO6riSJ/k+lbbdb62N7CwE0AbRtJsJIke6vgPY8z0jLn9VqZX1sNo45ATSAviGARmu++96XX3830v7Ll6KoyyKA7hYCaABdczwetf/u6UsfYAJoWnDYttlstB8DkW4H0I7jGOl93ZeLHwTQAEAAjRb94Q9IrIFdAAAgAElEQVQD+errgcxXO+2/gCmK+lwE0N3yZwTQADrERACb53lvboBGAE0AbdszBtAmAtg0TTvf8sfk+AmgAfQNATRa5bhD+epXA/nV73zZHczcgIOinr3+0WhhPXTFZ3/+q99Zf+8FgMFgIOPxWPI81/o7pyxLmUwm1sd2LwJo/f/+DsPQ+rj6xEQAXZZlZy8CzWYzKYpC63iLouh04H6NABoACKBhye8Hvnz19UD++c++BaDZX/3sW/mbP/3GevCKr+Vf/emv5a9//73191wAGAzMhI+Hw8H6uN6DAFr/OdCX9itdYSKALopCPM+zPrYmJvrNB0FgfVzvQQANAATQAAAAwMMzEYDEcdzZ0OsWAmhuQmjbM62A3u30t148nU69ab2hEEADAAE0AAAA8NAmk4n28ENEZDqdWh/bexFA0wPaNlMBdNdaUszncyPjHI1G1sf2XgTQAEAADQAAADwsz/MkjmPt4cdms7E+ti9BAM0KaNueIYAeDoeSpqn2ca5WK+tj+xIE0ABAAA0AAAA8rDAMtQcfp9PJ+ri+FAE0AbRtJgJoEelUAB1Fkfbx9a3ffB0BNAAQQAMAAAAPaTqdSlmWWkOPNE17+RF4hQCaANo2E32RRboTQC8WC+1ji+O4kz2u70UADQAE0AAAAMDDcV1X8jzXHnosFgvrY/sIAmgCaNtMHAORbgTQvu9LURTax9bHfvN1BNAAQAANAAAAPBwTrTfCMLQ+ro8igNYffva5NYINJtpTlGXZiRXCJsb2CBc4CKABgAAaAAAAeCgmesymaSqu61of20cRQOsPoKMosj6uPjER0uZ5Lp7nWR2XidYi5/NZHMexfsw+igAaAAigAQAAgIcxHA61930uy7L3H4FXCKD1B9BZlj1ESNgWEwF0FEVWj8F4PNY+pqIoet1vvo4AGgAIoAEAAICH4DiOkXBrvV5bH5suBNAE0LaZCqBtfULB8zyJ41j7mPreb76OABoACKABAACAh7Ber7WHHI8WLhJA6w+g0zR9qHPEtEcLoIMg0D6eOI6tHyedCKABgAAaAAAA6L3pdCpFUWgNOB7pI/AKATQroG17pAB6sVhob/mTZZn4vm/9OOlEAA0ABNAAAABAr7muK3meaw84Hqn1hvLsAfTxeNQ+fgLo93mUANr3fe3hs8hjtd5QCKABgAAaAAAA6LX9fq893AjD8CFDxWcPoMMw1D5+Auj3eYQA2nEcIxcz9vu99eNjAgE0ABBAAwAAAL01n8+1BxtlWYrnedbHZsKzB9Am+vUSQL/PIwTQJvrN53n+sOcRATQAEEADAAAAveR5niRJoj3YWK1W1sdmCgE0AbRNjuP0PoAeDoeSZZnW/S/LUubzufXjYwoBNAAQQAMAAAC9ZOKGcsfj0fq4TCKAJoC2yfd9IxeNoihq5Rg4jiNxHGvf/91uZ/3YmEQADQAE0AAAAEDvLJdL7YFGkiQyHA6tj80kAmj9AXRRFA/bskW35XIpRVFoPwZtBdAmgtTz+dz6DRTbRgANAATQAAAAQK9MJhPJ81xrmFGWpYzHY+tjM40AWn8AXZblw1+40MVE72QRkSAIjO/7fD6Xsiy17ndRFOL7vvXjYhoBNAAQQAMAAAC9cj6ftYcZbQRYXUAAbSaAfoYQUQcTAXRRFMb7JzuOI2maat/39Xpt/Zi0gQAaAAigAQAAgN4wESC29fH9Lnj2AHqxWGgff1mWMhqNrI+tDw6Hg/b5L4pCJpNJ7/Y7DEPrx6MtBNAAQAANAAAA9MJkMtH+EfiyLI2HV13y7AG0qXOIMOw+URRpnXuRTzeBNNmDez6fa9/nZ2m9oRBAAwABNAAAANB5nudJHMfaQ4w+hac6PHsA7fu+kfNou91aH1sfJEmife7P57PR88VE643pdGr9WLSJABoACKABAACAzgvDUHuAcTqdrI+rbc8eQLuuK/v9XvscPEsv34/qWwBtYsX24XCwfhzaRgANAATQAAAAQKfNZjPtbROSJHmqj8Arzx5ADwZmwrDdbvc0fcS/lKkb+Zm6kLRcLrXv6/l8NtoupKsIoAGAABoAAADoLNd1pSgK7eHFs30EXiGAHshms9E+B1EUPWWw+B6mXssmbuY3HA61X/QSkae9WSUBNAAQQAMAAACd5DiOkdYbu93O+thsMRFALxYL6+N6j9lspn0O8jx/yhX172EqgNbd0sJ1XTmdTtr385n7hJu46EMADaBvCKABAACADgqCQHtokaapuK5rfWy2EEAPZDQaaZ+DsixlPB5bH1uXmVpVrPuC0uFw0L6PcRw/dYsWEyugn/VTLAD6iwAaAAAA6BgTIaGIyGq1sj42m0ysROxbAO37vvY5EBGZTCbWx9ZlJlaei4hsNhtt+zidTo3s43w+tz7/Npm4mEgADaBvCKABAACADnEcR6Io0h5YqIqi6Omcz2dJksTYnJ7PZ6P7vdvtZDgcajm/PM8z0gqib0F82xaLhfY51znvnudJHMdG9rEsSzmdTtbfB2y875i48aSaU9PvO0EQ0NsdgDYE0AAAAECHmFr9TPW7dK10dRxHsizTvn/r9dr6a6fLTKy+L8tS28pzU6ufqX5X326yCqC7CKABAACADhmPx7YzB6qDpavXr+M4RlaDP/NN5t7ieZ5Ekf5PNSRJIqPRSMs+mmoRQvW7dLZ4AfDcCKABAACADiGApppK583mjsej9v07HA7WXztd5fu+5Hmufc5Pp5O2FgkE0FRTEUAD0IUAGgAAAOgQAmiqqXQG0CbaQURRZP2101WTyUT7fIvoPScIoKmmIoAGoAsBNAAAANAhBNBUU+kMG6fTqfYbEaZpKr7vW3/9dNFyudQ616p03viRAJpqKgJoALoQQAMAAAAdQgBNNZXOANrzPO03IiyKQmsg+khMrDgXEZlOp9r2kQCaaioCaAC6EEADAAAAHUIATTWVzgB6MBhIHMed38dHsd/vtc+1iGi7AeFgQABNNRcBNABdCKABAACADiGApppKd7gbhqH2fTydTtZfP110Pp+1z3VRFNpuQDgYEEBTzUUADUAXAmgAAACgQwigqabSHUAHQaB9H9M0FcdxrL+GusREuxMTc00ATTUVATQAXQigAQAAgA4hgKaaSncAbeLGeLpX5T6CxWIhZVlqn+vj8ah1PwmgqaYigAagCwE0AAAA0CEE0FRT6Q6gx+OxFEWhfT/H47H111CXmOj/XJalrFYrrftJAE01FQE0AF0IoAEAAIAOIYCmmkp3AO26rpxOJ+37uVwurb+GusTEzR6zLBPf97XuJwE01VQE0AB0IYAGAAAAOoQAmmoq3QH0YDCQ9XqtfT/DMKQP9A9c1zWyyjyKIu37SgBNNRUBNABdCKABAACADiGApprKRABt4lzLskxGo5H111EXmHotHw4H7ftKAE01FQE0AF0IoAEAAIAOIYCmmspEAO15npEVurTh+MTECnMRkfV6rX1fCaCppiKABqALATQAAADQIQTQVFOZCKAHg4EkSaJ9X/f7vfXXkW2u60oURdrntixLmU6n2veXAJpqKgJoALoQQAMAAAAdQgBNNZWpAHq/32vf1ziOrb+ObJtOp9rnVUQkSRIZDofa95cAmmoqAmgAuhBAAwAAAB3ieZ7keS5lWYrIpxWP+Ji2ytR+Z1lmrK3FbDbT3oajKAojq3T7JAgCrXOqytSFCN/3Jc/zaju2X7OPoI0yud9pmsp8Prf+WgLwGAigAQAAgI6Zz+eyXC5ltVpBk/V6baTdhAqHTe73bDYT13WNnGuu60ocx9rnJQxD668jm0y03xARmc1mRt93bL9OH8lyuZTtditpmmo/D9I0Nf6+M51OxXEc668lAI+BABoAAADAU9hut9qDoO12a31cH7Xb7bTPS57nxkLzrhuNRheriXVVURTieZ718eF+juMYaXOzWq2sjw0A3oMAGgAAAMBTmM/n2oOgR2g1YWJeREQmk4n1sdlgItAX+dT/2fbY8H6r1Ur7uTAajayPCwDegwAaAAAAwFMwEQQtFgvr4/qo6/6/umq/31sfW9scxzEylyIiQRBYHx/eb7PZaD8XHuHCF4DnQgANAAAA4CmYCKBN3RywTY7jyOFw0D43eZ7LeDy2Pr42zWYz7fOo5vJZV5T3nYnWPyZ7gQOACQTQAAAAAJ4CAfRtk8lE+9yIiOx2O+tja4vjOHI8Ho3MYxRF1seHL0MADQAE0AAAAACeBAH067Is0z4/WZY9zc0I5/O5lGWpfQ5FRNbrtfXx4csQQAMAATQAAACAJ0EA/br9fq99fkREttut9bG1IYoiI/NXliU3nesxAmgAIIAGAAAA8CQIoF83Ho+N3ECvKIqHXwU9nU61z5uq4/EojuNYHyO+DAE0ABBAAwAAAHgSBNBvM3EzQpHH7gXtOI6R9iWquPlgvxFAAwABNAAAAIAnQQD9ttlspn2ORD61kVgsFtbH15fzSlWaptbHh48hgAYAAmgAAAAAT4IA+m2u60ocx9rnSeTTDQltj0+38XgsRVEYmS8RkSAIrI8RH0MADQAE0AAAAACeBAH0fUytghZ5rFYcjuMYC+tFPq1+9n3f+jjxMQTQAEAADQAAAOBJEEDfL01T7XOl6lF6GgdBYGyORB4rrH9mBNAAQAANAAAA4EkQQN9vs9lonytVWZb1fmXveDw2Nj+qRqOR9XHi4wigAYAAGgAAAMCTIIC+n+d5cj6ftc+XqiRJxHVd6+P8EqPRyOgKcRGR/X5vfZzQgwAaAAigAQAAADwJAuj3WSwW2uerXsfjsXchtOm+zyIiRVGI53nWxwo9CKABgAAaAAAAwJMggH4fx3EkSRLtc1av4/FofZzvmQ+Tq8JVHQ4H62OFPgTQAEAADQAAAOBJEEC/33g8lrIstc9bvaIo6vxK6OFwKFEUGZ0HkU/9sen9/FgIoAGAABoAAADAkyCA/jLH41H7vF1XFEWdvTHhcDg0vhJc1Xq9tj5e6EUADQAE0AAAAACeBAH0l/F93/hN90REyrKUzWZjfbyK67oShqHxcatK01Qcx7E+buhFAA0ABNAAAAAAngQB9JebTqfa5+5WJUkiy+XSWluO4XAo6/VasixrbcxFUdB640ERQAMAATQAAACAJ0EA/TH7/V77/L1W5/NZZrNZa6uCHceRxWLRymrv69rv99aPL8wggAYAAmgAAAAAT4IA+uPiONY+h29VURRyOBxkPB5rH4/jODKfz+V4PEpRFK2PTUTkdDp1/iaM+HIE0ABAAA0AAADgSRBAf9xkMpE8z7XP4z2V57lEUSTb7VYWi4WMx2MZDod3hbeO44jruuL7vkwmE1ksFrLb7eR8PktZllbGI0LrjWdAAA0ABNAAAAAAngQBtB7z+Vz7PH5pJUkiYRjKZrORxWIh0+lUJpOJTCYTmU6nMpvNZLFYyGazkePxaC08v1Xz+dz68YRZBNAAQAANAAAA4EkQQOuz2Wy0z6WOKsvyQpdrvV5bP44wjwAaAAigAQAAADwJAmi9DoeD9vl8ltrtdtaPH9pBAA0ABNAAAAAAngQBtF6O48jxeNQ+p49ecRxbP3ZoDwE0ABBAAwAAAHgSBND6OY4jURRpn9dHrePxKI7jWD9uaA8BNAAQQAMAAAB4EgTQZriuSwh9R51OJ/E8z/rxQrsIoAGAABoAAADAkyCANsdxHDmfz9rn91HqeDxaP0awgwAaAAigAQAAADwJAmizHMeR0+mkfY77XpvNxvqxgT0E0ABAAA0AAADgSRBAm+c4joRhqH2e+1hlWcpqtbJ+TGAXATQAEEADAAAAeBIE0P2e6z5VlmUyGo2sHwfYRwANAATQAAAAAJ4EAXS7xuPx07XkKMtSdrsdNxtEhQAaAAigAQAAADwJAuj2OY4jQRBIWZba575rlSSJzOdz63OObiGABgACaAAAAABPggDaHs/zZLfbPWQQnec55wFuIoAGAAJoAAAAAE/CRAC9WCysj6tPfN+XIAgkyzLtx6LtiuNYVqsV7TbwKgJoACCABgAAAPAkTATQtFz4Mr7vy36/lzzPtR8T05WmqazXa3Fd1/o8ovs2m43W868sS5lMJtbHBQDvQQANAAAA4CnM53OtLSDyPJfxeGx9XH3mOI5MJhMJw7DT7TlU6DwcDq3PGfpF94WvLMvE933r4wKA9yCABgAAAPA0JpOJ7Pd7CYLgi+12OwmCQEajkfXxPArHcWQ0GslyuZQwDCVNU2uBdFmWkue5RFEkQRDIbDajzQY+ZDqdVu8bH3nf2W63hM8AeokAGgAAAADQKY7jyGKxaC2MLstSsiyT0+kk6/WakA8AAI0IoAEAAAAAneY4jgyHQ5lMJrJcLmW73UoYhhJFkWRZ9iKgLsvyQp7ncj6fJYoiCcNQttutLBYLmUwm4vs+/ZwBADCIABoAAAAA0Duu68pwOJTRaCSTyUSm0+lN4/FYRqMRPZwBALCAABoAAAAAAAAAYAQBNAAAAAAAAADACAJoAAAAAAAAAIARBNAAAAAAAAAAACMIoAEAAAAAAAAARhBAAwAAAAAAAACMIIAGAAAAAAAAABhBAA0AAAAAAAAAMIIAGgAAAAAAAABgBAE0AAAAAAAAAMAIAmgAAAAAAAAAgBEE0AAAAAAAAAAAIwigAQAAAAAAAABGEEADAAAAAAAAAIwggAYAAAAAAAAAGEEADQAAAAAAAAAwggAaAAAAAAAAAGAEATQAAAAAAAAAwAgCaAAAAAAAAACAEQTQAAAAAAAAAAAjCKABAAAAAAAAAEYQQAMAAAAAAAAAjCCABgAAAAAAAAAYQQANAAAAAAAAADCCABoAAAAAAAAAYAQBNAAAAAAAAADACAJoAAAAAAAAAIARBNAAAAAAAAAAACMIoAEAAAAAAAAARhBAAwAAAAAAAACMIIAGAAAAAAAAABhBAA0AAAAAAAAAMIIAGgAAAAAAAABgBAE0AAAAAAAAAMAIAmgAAAAAAAAAgBEE0AAAAAAAAAAAIwigAQAAAAAAAABGEEADAAAAAAAAAIwggAYAAAAAAAAAGEEADQAAAAAAAAAwggAaAAAAAAAAAGAEATQAAAAAAAAAwAgCaAAAAAAAAACAEQTQAAAAAAAAAAAjCKABAAAAAAAAAEYQQAMAAAAAAAAAjCCABgAAAAAAAAAYQQANAAAAAAAAADCCABoAAAAAAAAAYAQBNAAAAAAAAADACAJoAAAAAAAAAIARBNAAAAAAAAAAACMIoAEAAAAAAAAARhBAAwAAAAAAAACMIIAGAAAAAAAAABhBAA0AAAAAAAAAMIIAGgAAAAAAAABgBAE0AAAAAAAAAMAIAmgAAAAAAAAAgBEE0AAAAAAAAAAAIwigAQAAAAAAAABGEEADAAAAAAAAAIwggAYAAAAAAAAAGEEADQAAAAAAAAAwggAaAAAAAAAAAGAEATQAAAAAAAAAwAgCaAAAAAAAAACAEQTQAAAAAAAAAAAjCKABAAAAAAAAAEYQQAMAAAAAAAAAjCCABgAAAAAAAAAYQQANAAAAAAAAADCCABoAAAAAAAAAYAQBNAAAAAAAAADACAJoAAAAAAAAAIARBNAAAAAAAAAAACMIoAEAAAAAAAAARhBAAwAAAAAAAACMIIAGAAAAAAAAABhBAA0AAAAAAAAAMIIAGgAAAAAAAABgBAE0AAAAAAAAAMAIAmgAAAAAAAAAgBEE0AAAAAAAAAAAIwigAQAAAAAAAABGEEADAAAAAAAAAIwggAYAAAAAAAAAGEEADQAAAAAAAAAwggAaAAAAAAAAAGAEATQAAAAAAAAAwAgCaAAAAAAAAACAEQTQAAAAAAAAAAAjCKABAAAAAAAAAEYQQAMAAAAAAAAAjCCABgAAAAAAAAAYQQANAAAAAAAAADCCABoAAAAAAAAAYAQBNAAAAAAAAADACAJoAAAAAAAAAIARBNAAAAAAAAAAACMIoAEAAAAAAAAARhBAAwAAAAAAAACMIIAGAAAAAAAAABhBAA0AAAAAAAAAMIIAGgAAAAAAAABgBAE0AAAAAAAAAMAIAmgAAAAAAAAAgBEE0AAAAAAAAAAAIwigAQAAAAAAAABGEEADAAAAAAAAAIwggAYAAAAAAAAAGEEADQAAAAAAAAAwggAaAAAAAAAAAGAEATTwBNbrtQyHQ+v70Vfr9VoWi4X1/Xh0o9FI1uu19f3omvl8Lvv9Xrbbrbiuq/35H+n8Xq1WDzMWAAAAAHgUBNDotOPxKEmSvAhPwzCUNE1lt9u9+JnpdCpJkkgcx42hq/pZJY5j2e/3L77PdV2J41iiKHrx2HK5lCRJpCgKyfNc4jiW1Wolg8GnEO18Pkue55LnuSRJUu1nGIYSx7G4riuu68r5fK7+fr2Pp9Ppzfk5nU6SJIn4vn/ze2azmZRlWe3fazabjaRpKvP5vPFxz/MkSZLGORkMBhIEgWRZ9iIA2m63kmWZFEUhWZaJ7/uyXq8vjkOappIkSeP21Vypx5MkkePx+Oq4dXFdV4qikDRNrbwG9vu9pGlanWtJkjSer49gv99LWZZ3HdfdbledU3meSxRFr/7caDSSKIokz3MpikLO5/PF9y8Wi4tztOk1EIZh4/vRYNB8juuYk81mI2VZVnSHq7bP7/l8fnFcsiyTKIq+aJz3jKX+Hlz/+vF4vOs9FwAAAADwfgTQ6CzP86QoCinLUjabzcVj5/NZyrKULMsag4SyLKUoisYQKI5jKcuyCj3VNq5D1dVqVYU+4/G4+vp0Oq1+Jo5jSZJEyrKU/X4vrutKlmVSlmUVghdFIXEcX2zb931xXVfyPJeyLOV4PL7Yx7cCoe12++o4lXsD6MPhUI331veeTqdqbNePjcfjal7qP6+OR57ncjweJYoiGQ6HstlsJMuySpqmN7dfn6skSao/53kuo9HornMpz/O7QvhrattNYzbJdd1qToqikCiKqnPNVlho2m63uyuAVvNwOp1ks9nIfr+vzomm4LJ+/sRxXL0O1fuHek0XRSHH47H6c/3cUu85Ta+3W+e4jjlR7yG+7xu54GLr/B4MPr+Hqdf1+Xyu3j+/ZCX8PWOpvwdff/1RX1cAAAAAYBsBNDpLhVEqNKo/psKg67CyHjTdCmbP57MURVEFROpn8jy/CI3q2zgcDtXX1SrNpoBkPp9XwVjTmNS2rwPosixlNptV3/dWGDIcDquwV0cAreZahT9N37tery/CouvHmwLkyWRSrUi8p3VAmqaS5/mL720KllTod30c5vP5xQWD+hw0hZPz+bxx36bTafVYU6jl+75Mp9ObY/F9/8Uq2lvbaqIuCDTNXdNzvPXck8nkxePT6fRiDE37/JHxvtc9AbR6/c3ncwmCoFoBHQSBpGkqWZbdfO76uRJFUfXaCcPw4lxSq47V675+wev69fbec/w1TcdQXeT6kue7Pr7vOb/v2b+m19o9jw0Gny8KlWUp2+32xbl0z3Nej+96LNPp9MV81t+Dr+eZABoAAAAAzCCARmep1clqteNkMqkeU2GB+ii9+roKjpqCIqUpgKivMhwMPge8arVtfaW1CsmaQloVdF6vaG7atvvDx8WjKHqxqvWtMESt4quHaLe+954AerFYSJIkMp1OG79XhUVqTq73TYWlaizq5+th4VvHWx27W+1QrkMyNS4VEtYvWKiLFsPhsAoI64+tVqtqNbeSpqkMh0Nxf2i9or5eX3mt5koF9eoCgFqhv91uL85Z9bz11eVlWTa2jmka71vHtmncYRjKYPB5pb4KV9XcRlFUrTpXX4+iqDp2aszqmN0z3vp8FUUhq9VKgiB48ekFdYGmfkGnaSy3xqw+FRGGYXVBRM1THMfi+/5d81s/Z33ff/H6vz7f9vu9nE6nasVuff/ec46rVexqvtRFr6Zj6LruxXmkvq7aVdQvoGVZVl2kU8e3fkGo3hLkrfO7Tp1D18d3t9tdXDyrf3pksVhcvN6a2l0MBoPq/Lj1Xlkfm2p3VL8gWB9f/bWrzof699e3cX0B8t73XAAAAADAlyOARiepoCqKoqoVhgrWBoPPqwKvA9g4jqseoq8F0CqM2+12VRBZD1FUqLTdbquVtipUVSGtCsLqK/JUYKKe73rFbVMAfTgcqpBQBXOvhSEqrDoej1WIo6sH9K3vVXO2Wq3kfD5f7JuajzRNqwBQ/bwK9tTxyPP84jjWqQsKTWNpCqBVgBgEQRVeJ0kiq9Wqmk8Vyqk5UzdyU+fU8XiUxWIh+/2+CqnU+XA8Hqte3/WAbjqdShzH1fNkWfYiSMzzXNbr9UX4G4ahrFaru4Jl1c7krZ60KoSN41iWy2UVIm+32+o1pM7FIAjE9/3qWCZJIovF4qK1RBAE1Tn1nvGqUFoF0nmei+/7VRiv9lfN7a3+vm8F0PP5vAoP1YWh6++51bf9+nxSF6mGw+GL11vT+VZ/X2i6eHXPOa7mOs9z2e12stlsXj2Gq9VKkiSRLMtkvV7LbDZ7cQHtel/VNtI0ldVqVe2zulD31vnd9D6sQn11fNXzLRaLKpxeLBbVhTu1v2rbTcdD7cdrLXTU2Or7q95fsyyT1WpVvT8fDoeL74+iSJbLZTUf6qKE+vvhcKiofuIE0AAAAABgBgE0OkmFE+v1ulp9W2/NoALo5XJZhQsq/DgcDncF0Co4U38OgqD6HhVOjUYjWSwWFwHOYPByVahafTkYfLrZWX3FYJZlslwuq21fB9BqtaN6vvF4fDOAVsGkCovuaVnw0QBarfpUAW1939wf+hSrMU0mk4uAsR647ff76u/Xqx7Vcby1GrIeLNV7QKu2B9crWAeDQRXk+b7/ogVHPTSvt2VQx6QextVXw9f3abVayXq9rlZn+r5fHQ/1nK8F568ds6aVwtcrlOth8na7rQJgFb6pMdfP2/oxUdtXx6y+rabz757xXp/j6nU8m82q1cuvhXxvnc/r9VryPK+eqymgPxwON9twXM/BdrutjtH1fjXNQWVp4gAAAAlJSURBVNP+3XuO17+3/mmO145h037cG0CrYLc+vvec3/X3g9dWEKtzdbVaVfOjVqirCy5NvfqvX7PqNVlf5dx0bNQFEvVarq+Kb/r+6zHX3/+v2eiDDQAAAADPgAAanVPvDXpNBV0qlKmHLyr8mEwmN/t8DgbNH8FWgfFsNqvC0GtNzzcajapg8DroGww+h40qPL8VQA8Gn0PYOI5frDJW1GpFtRpRbTsIgose0nUfCaBVOFVf4ar67G632ypgVO0J1IrHMAyr1YfX86Zu/ljfrpr/Wz1j3dpH61W7iHrf2KbtqKBqNpvdDNbr/cLVTSSvA+Prr6kVl/ULGNeBrNpO0/Pdc9FAhXH1gHW5XEoQBBcXV5rCNNWW5rpFya25Ut93/QkDdYzeM97r56+PQ630rV/ouXbvCmjf96s2Itff89YK6PoK2Kbx3jput/bv3nP81ve+dgyb9u2eAPrW4/ec303vB/Vz49b5Uw+gr8+VeguQ63HXg/Ldblf19a4Hyk2vn/pr7LXvf2t+bp0DAAAAAAB9CKDROSo4VCHmcrm8+Jj6YNAckF2vcntPD2gVnK5WqyrU3Ww21fbV4039iQeDwasrO1W4qgLDWwH0YDC46Et8HQi5tVXSTW597P8jAfRsNnvRP7mu3oe1aTXh9WrbweBlOKe2+Vpo+FpIduuYvrYCum4+n1fjGI1GL1aDqhWWSZJUgXz9ppj1besKoAeDz6vwr0P5etuV+rl161henxfvCaDfO96m54/juJqDt1qPvDU3aj5V+4frFbPqIk6973T9Z9UFnOsQvH6uqO+9Hvet/bvnHH/tPH3tGF6/19WfQ11Aq5+fTdu4DqBfO7/vOYdeC6DV+6T6xMdr1ErvplXsHw2g31oBTQANAAAAAO0igEbn3OoFXF8lWw8L6h/dVsHSWwG0+t7dbidhGFarfNUN667DGBXSZFkmm82mWoFb70EaRZFMp1M5n8+y2+2qQEb9nPvGCujB4DJkvufj4G204Lj2WlBz/fMqJFT9hlVP5HropMK/Wyu41by8FkCrCxRJkshsNqvmRX1/vaf4YrGQxWJRrcpVfXVVAK32JwxDWSwW1d/rAbQajwrcvjSAVmFy03yrvtbqHFkul9UFErU9FeKp3tfr9VpOp5PM53OtAfS94216fnVsboWN7z2f1bFUYw6C4KJXe1PrC/eHVjHqHAiCQPb7vez3e1ksFlVP8DiOZTabVe819dYit/bvnnP81twMBoNXj2HT602dj/v9vurPXT/X31oh/dr5PRh8ughWFMXNc+i1AFq1CMrzXIIgkOVyKWEY3lz1ro5JkiSy2Wyq4/nRAFqdB+Px+GK+XvvdUJ9n9dq752aWAAAAAIC3EUCjU5paDygqyNrv9y9CmevVlff2gFbUDa1UINi0glIFXPVVyvXVvqrlwPWK4SzLqjDprQB6MBhUYdi9AfRbq0ptBtBqH6/nyv2hH+xr/Wfr3gqgB4PBxQ3/1OrseghXX619vU/1kM37/9u7g+VEgTAKo+//kClSaHWBbly6c1Y9wQ4gau7Ecs7irBJRmsbFF/3z+Xn1uzWoTQNdez71GrRBeSmgtSM0pjOB2z0/N46mxuGPj68xL1PjOP69l7aO4FgaSXHP+c4df7r2a39kmO6VW58OL6V8+/R9HaOyti/n1GDdruPcNwqW7re1Pb629tXSNZy73/b7/dWeaPfnrQB9a3/XoH08Hmf30FqAru9f7Xvg0nXpuu5qtvn0NZ1Op9UAXddnLkC3e2P67YotAXo6SujWeyYAAAC3CdDwoFLKZRiG2bnF9WellF9/nfcE6KR/tR5rz9P+bBiGyzAMs7GwXsO54/R9v/i4rbZE9bn9tPScyfV95nzrTPct4w22Buj2df3Uefd9fxnHcXEW+TN776cfX/fuo8+1tL93u92mERpbz2Xrnqnn8+jaLx3z0eMdDoen7m8AAAC+CNDw5l4lQHOt67rL+Xz+NubhXdQ4XD/hOv2nkUvuDdAAAADA6xOg4c0J0PyGOsagHYGwRoAGAACA9yNAw3/g2XER8IhSyt0jKZ4ZKwEAAAC8HgEaAAAAAIAIARoAAAAAgAgBGgAAAACACAEaAAAAAIAIARoAAAAAgAgBGgAAAACACAEaAAAAAIAIARoAAAAAgAgBGgAAAACACAEaAAAAAIAIARoAAAAAgAgBGgAAAACACAEaAAAAAIAIARoAAAAAgAgBGgAAAACACAEaAAAAAIAIARoAAAAAgAgBGgAAAACACAEaAAAAAIAIARoAAAAAgAgBGgAAAACACAEaAAAAAIAIARoAAAAAgAgBGgAAAACACAEaAAAAAIAIARoAAAAAgAgBGgAAAACACAEaAAAAAIAIARoAAAAAgAgBGgAAAACACAEaAAAAAIAIARoAAAAAgAgBGgAAAACACAEaAAAAAIAIARoAAAAAgAgBGgAAAACACAEaAAAAAIAIARoAAAAAgAgBGgAAAACACAEaAAAAAIAIARoAAAAAgAgBGgAAAACACAEaAAAAAIAIARoAAAAAgAgBGgAAAACACAEaAAAAAIAIARoAAAAAgAgBGgAAAACACAEaAAAAAIAIARoAAAAAgAgBGgAAAACACAEaAAAAAIAIARoAAAAAgAgBGgAAAACACAEaAAAAAIAIARoAAAAAgAgBGgAAAACACAEaAAAAAIAIARoAAAAAgAgBGgAAAACACAEaAAAAAIAIARoAAAAAgAgBGgAAAACACAEaAAAAAIAIARoAAAAAgAgBGgAAAACACAEaAAAAAIAIARoAAAAAgAgBGgAAAACACAEaAAAAAIAIARoAAAAAgAgBGgAAAACACAEaAAAAAIAIARoAAAAAgAgBGgAAAACACAEaAAAAAIAIARoAAAAAgAgBGgAAAACACAEaAAAAAIAIARoAAAAAgAgBGgAAAACACAEaAAAAAIAIARoAAAAAgAgBGgAAAACACAEaAAAAAIAIARoAAAAAgAgBGgAAAACACAEaAAAAAIAIARoAAAAAgAgBGgAAAACACAEaAAAAAIAIARoAAAAAgAgBGgAAAACACAEaAAAAAIAIARoAAAAAgAgBGgAAAACACAEaAAAAAIAIARoAAAAAgAgBGgAAAACACAEaAAAAAIAIARoAAAAAgAgBGgAAAACACAEaAAAAAICIPypAYTjRnvgbAAAAAElFTkSuQmCC','2017-06-01 11:23:45');
/*!40000 ALTER TABLE `bugs_tracking` ENABLE KEYS */;
UNLOCK TABLES;

--
-- Table structure for table `country`
--

DROP TABLE IF EXISTS `country`;
/*!40101 SET @saved_cs_client     = @@character_set_client */;
/*!40101 SET character_set_client = utf8 */;
CREATE TABLE `country` (
  `country_id` int(8) NOT NULL AUTO_INCREMENT,
  `country_name` varchar(64) NOT NULL,
  `country_code` varchar(3) NOT NULL,
  `currency_code` varchar(2) NOT NULL,
  `currency_symbol` varchar(6) NOT NULL,
  `currency_name` varchar(64) NOT NULL,
  `currency_flag` varchar(12) NOT NULL,
  `created_timestamp` timestamp NOT NULL DEFAULT CURRENT_TIMESTAMP,
  PRIMARY KEY (`country_id`)
) ENGINE=InnoDB AUTO_INCREMENT=240 DEFAULT CHARSET=utf8;
/*!40101 SET character_set_client = @saved_cs_client */;

--
-- Dumping data for table `country`
--

LOCK TABLES `country` WRITE;
/*!40000 ALTER TABLE `country` DISABLE KEYS */;
INSERT INTO `country` VALUES (1,'Afghanistan','AF','AF','','Afghani','AF.png','2016-11-17 18:22:38'),(2,'Albania','AL','AL','Lek','Lek','AL.png','2016-11-17 18:22:38'),(3,'Algeria','DZ','DZ','','Dinar','DZ.png','2016-11-17 18:22:38'),(4,'American Samoa','AS','US','$','Dollar','AS.png','2016-11-17 18:22:38'),(5,'Andorra','AD','EU','','Euro','AD.png','2016-11-17 18:22:38'),(6,'Angola','AO','AO','Kz','Kwanza','AO.png','2016-11-17 18:22:38'),(7,'Anguilla','AI','XC','$','Dollar','AI.png','2016-11-17 18:22:38'),(8,'Antarctica','AQ','','','','AQ.png','2016-11-17 18:22:38'),(9,'Antigua and Barbuda','AG','XC','$','Dollar','AG.png','2016-11-17 18:22:38'),(10,'Argentina','AR','AR','$','Peso','AR.png','2016-11-17 18:22:38'),(11,'Armenia','AM','AM','','Dram','AM.png','2016-11-17 18:22:38'),(12,'Aruba','AW','AW','','Guilder','AW.png','2016-11-17 18:22:38'),(13,'Australia','AU','AU','$','Dollar','AU.png','2016-11-17 18:22:38'),(14,'Austria','AT','EU','','Euro','AT.png','2016-11-17 18:22:38'),(15,'Azerbaijan','AZ','AZ','','Manat','AZ.png','2016-11-17 18:22:38'),(16,'Bahamas','BS','BS','$','Dollar','BS.png','2016-11-17 18:22:38'),(17,'Bahrain','BH','BH','','Dinar','BH.png','2016-11-17 18:22:38'),(18,'Bangladesh','BD','BD','','Taka','BD.png','2016-11-17 18:22:38'),(19,'Barbados','BB','BB','$','Dollar','BB.png','2016-11-17 18:22:38'),(20,'Belarus','BY','BY','p.','Ruble','BY.png','2016-11-17 18:22:38'),(21,'Belgium','BE','EU','','Euro','BE.png','2016-11-17 18:22:38'),(22,'Belize','BZ','BZ','BZ$','Dollar','BZ.png','2016-11-17 18:22:38'),(23,'Benin','BJ','XO','','Franc','BJ.png','2016-11-17 18:22:38'),(24,'Bermuda','BM','BM','$','Dollar','BM.png','2016-11-17 18:22:38'),(25,'Bhutan','BT','BT','','Ngultrum','BT.png','2016-11-17 18:22:38'),(26,'Bolivia','BO','BO','$b','Boliviano','BO.png','2016-11-17 18:22:38'),(27,'Bosnia and Herzegovina','BA','BA','KM','Marka','BA.png','2016-11-17 18:22:38'),(28,'Botswana','BW','BW','P','Pula','BW.png','2016-11-17 18:22:38'),(29,'Bouvet Island','BV','NO','kr','Krone','BV.png','2016-11-17 18:22:38'),(30,'Brazil','BR','BR','R$','Real','BR.png','2016-11-17 18:22:38'),(31,'British Indian Ocean Territory','IO','US','$','Dollar','IO.png','2016-11-17 18:22:38'),(32,'British Virgin Islands','VG','US','$','Dollar','VG.png','2016-11-17 18:22:38'),(33,'Brunei','BN','BN','$','Dollar','BN.png','2016-11-17 18:22:38'),(34,'Bulgaria','BG','BG','','Lev','BG.png','2016-11-17 18:22:38'),(35,'Burkina Faso','BF','XO','','Franc','BF.png','2016-11-17 18:22:38'),(36,'Burundi','BI','BI','','Franc','BI.png','2016-11-17 18:22:38'),(37,'Cambodia','KH','KH','','Riels','KH.png','2016-11-17 18:22:38'),(38,'Cameroon','CM','XA','FCF','Franc','CM.png','2016-11-17 18:22:38'),(39,'Canada','CA','CA','$','Dollar','CA.png','2016-11-17 18:22:38'),(40,'Cape Verde','CV','CV','','Escudo','CV.png','2016-11-17 18:22:38'),(41,'Cayman Islands','KY','KY','$','Dollar','KY.png','2016-11-17 18:22:38'),(42,'Central African Republic','CF','XA','FCF','Franc','CF.png','2016-11-17 18:22:38'),(43,'Chad','TD','XA','','Franc','TD.png','2016-11-17 18:22:38'),(44,'Chile','CL','CL','','Peso','CL.png','2016-11-17 18:22:38'),(45,'China','CN','CN','','Yuan Renminbi','CN.png','2016-11-17 18:22:38'),(46,'Christmas Island','CX','AU','$','Dollar','CX.png','2016-11-17 18:22:38'),(47,'Cocos Islands','CC','AU','$','Dollar','CC.png','2016-11-17 18:22:38'),(48,'Colombia','CO','CO','$','Peso','CO.png','2016-11-17 18:22:38'),(49,'Comoros','KM','KM','','Franc','KM.png','2016-11-17 18:22:38'),(50,'Cook Islands','CK','NZ','$','Dollar','CK.png','2016-11-17 18:22:38'),(51,'Costa Rica','CR','CR','','Colon','CR.png','2016-11-17 18:22:38'),(52,'Croatia','HR','HR','kn','Kuna','HR.png','2016-11-17 18:22:38'),(53,'Cuba','CU','CU','','Peso','CU.png','2016-11-17 18:22:38'),(54,'Cyprus','CY','CY','','Pound','CY.png','2016-11-17 18:22:38'),(55,'Czech Republic','CZ','CZ','K','Koruna','CZ.png','2016-11-17 18:22:38'),(56,'Democratic Republic of the Congo','CD','CD','','Franc','CD.png','2016-11-17 18:22:38'),(57,'Denmark','DK','DK','kr','Krone','DK.png','2016-11-17 18:22:38'),(58,'Djibouti','DJ','DJ','','Franc','DJ.png','2016-11-17 18:22:38'),(59,'Dominica','DM','XC','$','Dollar','DM.png','2016-11-17 18:22:38'),(60,'Dominican Republic','DO','DO','RD$','Peso','DO.png','2016-11-17 18:22:38'),(61,'East Timor','TL','US','$','Dollar','TL.png','2016-11-17 18:22:38'),(62,'Ecuador','EC','US','$','Dollar','EC.png','2016-11-17 18:22:38'),(63,'Egypt','EG','EG','','Pound','EG.png','2016-11-17 18:22:38'),(64,'El Salvador','SV','SV','$','Colone','SV.png','2016-11-17 18:22:38'),(65,'Equatorial Guinea','GQ','XA','FCF','Franc','GQ.png','2016-11-17 18:22:38'),(66,'Eritrea','ER','ER','Nfk','Nakfa','ER.png','2016-11-17 18:22:38'),(67,'Estonia','EE','EE','kr','Kroon','EE.png','2016-11-17 18:22:38'),(68,'Ethiopia','ET','ET','','Birr','ET.png','2016-11-17 18:22:38'),(69,'Falkland Islands','FK','FK','','Pound','FK.png','2016-11-17 18:22:38'),(70,'Faroe Islands','FO','DK','kr','Krone','FO.png','2016-11-17 18:22:38'),(71,'Fiji','FJ','FJ','$','Dollar','FJ.png','2016-11-17 18:22:38'),(72,'Finland','FI','EU','','Euro','FI.png','2016-11-17 18:22:38'),(73,'France','FR','EU','','Euro','FR.png','2016-11-17 18:22:38'),(74,'French Guiana','GF','EU','','Euro','GF.png','2016-11-17 18:22:38'),(75,'French Polynesia','PF','XP','','Franc','PF.png','2016-11-17 18:22:38'),(76,'French Southern Territories','TF','EU','','Euro  ','TF.png','2016-11-17 18:22:38'),(77,'Gabon','GA','XA','FCF','Franc','GA.png','2016-11-17 18:22:38'),(78,'Gambia','GM','GM','D','Dalasi','GM.png','2016-11-17 18:22:38'),(79,'Georgia','GE','GE','','Lari','GE.png','2016-11-17 18:22:38'),(80,'Germany','DE','EU','','Euro','DE.png','2016-11-17 18:22:38'),(81,'Ghana','GH','GH','','Cedi','GH.png','2016-11-17 18:22:38'),(82,'Gibraltar','GI','GI','','Pound','GI.png','2016-11-17 18:22:38'),(83,'Greece','GR','EU','','Euro','GR.png','2016-11-17 18:22:38'),(84,'Greenland','GL','DK','kr','Krone','GL.png','2016-11-17 18:22:38'),(85,'Grenada','GD','XC','$','Dollar','GD.png','2016-11-17 18:22:38'),(86,'Guadeloupe','GP','EU','','Euro','GP.png','2016-11-17 18:22:38'),(87,'Guam','GU','US','$','Dollar','GU.png','2016-11-17 18:22:38'),(88,'Guatemala','GT','GT','Q','Quetzal','GT.png','2016-11-17 18:22:38'),(89,'Guinea','GN','GN','','Franc','GN.png','2016-11-17 18:22:38'),(90,'Guinea-Bissau','GW','XO','','Franc','GW.png','2016-11-17 18:22:38'),(91,'Guyana','GY','GY','$','Dollar','GY.png','2016-11-17 18:22:38'),(92,'Haiti','HT','HT','G','Gourde','HT.png','2016-11-17 18:22:38'),(93,'Heard Island and McDonald Islands','HM','AU','$','Dollar','HM.png','2016-11-17 18:22:38'),(94,'Honduras','HN','HN','L','Lempira','HN.png','2016-11-17 18:22:38'),(95,'Hong Kong','HK','HK','$','Dollar','HK.png','2016-11-17 18:22:38'),(96,'Hungary','HU','HU','Ft','Forint','HU.png','2016-11-17 18:22:38'),(97,'Iceland','IS','IS','kr','Krona','IS.png','2016-11-17 18:22:38'),(98,'India','IN','IN','','Rupee','IN.png','2016-11-17 18:22:38'),(99,'Indonesia','ID','ID','Rp','Rupiah','ID.png','2016-11-17 18:22:38'),(100,'Iran','IR','IR','','Rial','IR.png','2016-11-17 18:22:38'),(101,'Iraq','IQ','IQ','','Dinar','IQ.png','2016-11-17 18:22:38'),(102,'Ireland','IE','EU','','Euro','IE.png','2016-11-17 18:22:38'),(103,'Israel','IL','IL','','Shekel','IL.png','2016-11-17 18:22:38'),(104,'Italy','IT','EU','','Euro','IT.png','2016-11-17 18:22:38'),(105,'Ivory Coast','CI','XO','','Franc','CI.png','2016-11-17 18:22:38'),(106,'Jamaica','JM','JM','$','Dollar','JM.png','2016-11-17 18:22:38'),(107,'Japan','JP','JP','','Yen','JP.png','2016-11-17 18:22:38'),(108,'Jordan','JO','JO','','Dinar','JO.png','2016-11-17 18:22:38'),(109,'Kazakhstan','KZ','KZ','','Tenge','KZ.png','2016-11-17 18:22:38'),(110,'Kenya','KE','KE','','Shilling','KE.png','2016-11-17 18:22:38'),(111,'Kiribati','KI','AU','$','Dollar','KI.png','2016-11-17 18:22:38'),(112,'Kuwait','KW','KW','','Dinar','KW.png','2016-11-17 18:22:38'),(113,'Kyrgyzstan','KG','KG','','Som','KG.png','2016-11-17 18:22:38'),(114,'Laos','LA','LA','','Kip','LA.png','2016-11-17 18:22:38'),(115,'Latvia','LV','LV','Ls','Lat','LV.png','2016-11-17 18:22:38'),(116,'Lebanon','LB','LB','','Pound','LB.png','2016-11-17 18:22:38'),(117,'Lesotho','LS','LS','L','Loti','LS.png','2016-11-17 18:22:38'),(118,'Liberia','LR','LR','$','Dollar','LR.png','2016-11-17 18:22:38'),(119,'Libya','LY','LY','','Dinar','LY.png','2016-11-17 18:22:38'),(120,'Liechtenstein','LI','CH','CHF','Franc','LI.png','2016-11-17 18:22:38'),(121,'Lithuania','LT','LT','Lt','Litas','LT.png','2016-11-17 18:22:38'),(122,'Luxembourg','LU','EU','','Euro','LU.png','2016-11-17 18:22:38'),(123,'Macao','MO','MO','MOP','Pataca','MO.png','2016-11-17 18:22:38'),(124,'Macedonia','MK','MK','','Denar','MK.png','2016-11-17 18:22:38'),(125,'Madagascar','MG','MG','','Ariary','MG.png','2016-11-17 18:22:38'),(126,'Malawi','MW','MW','MK','Kwacha','MW.png','2016-11-17 18:22:38'),(127,'Malaysia','MY','MY','RM','Ringgit','MY.png','2016-11-17 18:22:38'),(128,'Maldives','MV','MV','Rf','Rufiyaa','MV.png','2016-11-17 18:22:38'),(129,'Mali','ML','XO','','Franc','ML.png','2016-11-17 18:22:38'),(130,'Malta','MT','MT','','Lira','MT.png','2016-11-17 18:22:38'),(131,'Marshall Islands','MH','US','$','Dollar','MH.png','2016-11-17 18:22:38'),(132,'Martinique','MQ','EU','','Euro','MQ.png','2016-11-17 18:22:38'),(133,'Mauritania','MR','MR','UM','Ouguiya','MR.png','2016-11-17 18:22:38'),(134,'Mauritius','MU','MU','','Rupee','MU.png','2016-11-17 18:22:38'),(135,'Mayotte','YT','EU','','Euro','YT.png','2016-11-17 18:22:38'),(136,'Mexico','MX','MX','$','Peso','MX.png','2016-11-17 18:22:38'),(137,'Micronesia','FM','US','$','Dollar','FM.png','2016-11-17 18:22:38'),(138,'Moldova','MD','MD','','Leu','MD.png','2016-11-17 18:22:38'),(139,'Monaco','MC','EU','','Euro','MC.png','2016-11-17 18:22:38'),(140,'Mongolia','MN','MN','','Tugrik','MN.png','2016-11-17 18:22:38'),(141,'Montserrat','MS','XC','$','Dollar','MS.png','2016-11-17 18:22:38'),(142,'Morocco','MA','MA','','Dirham','MA.png','2016-11-17 18:22:38'),(143,'Mozambique','MZ','MZ','MT','Meticail','MZ.png','2016-11-17 18:22:38'),(144,'Myanmar','MM','MM','K','Kyat','MM.png','2016-11-17 18:22:38'),(145,'Namibia','NA','NA','$','Dollar','NA.png','2016-11-17 18:22:38'),(146,'Nauru','NR','AU','$','Dollar','NR.png','2016-11-17 18:22:38'),(147,'Nepal','NP','NP','','Rupee','NP.png','2016-11-17 18:22:38'),(148,'Netherlands','NL','EU','','Euro','NL.png','2016-11-17 18:22:38'),(149,'Netherlands Antilles','AN','AN','','Guilder','AN.png','2016-11-17 18:22:38'),(150,'New Caledonia','NC','XP','','Franc','NC.png','2016-11-17 18:22:38'),(151,'New Zealand','NZ','NZ','$','Dollar','NZ.png','2016-11-17 18:22:38'),(152,'Nicaragua','NI','NI','C$','Cordoba','NI.png','2016-11-17 18:22:38'),(153,'Niger','NE','XO','','Franc','NE.png','2016-11-17 18:22:38'),(154,'Nigeria','NG','NG','','Naira','NG.png','2016-11-17 18:22:38'),(155,'Niue','NU','NZ','$','Dollar','NU.png','2016-11-17 18:22:38'),(156,'Norfolk Island','NF','AU','$','Dollar','NF.png','2016-11-17 18:22:38'),(157,'North Korea','KP','KP','','Won','KP.png','2016-11-17 18:22:38'),(158,'Northern Mariana Islands','MP','US','$','Dollar','MP.png','2016-11-17 18:22:38'),(159,'Norway','NO','NO','kr','Krone','NO.png','2016-11-17 18:22:38'),(160,'Oman','OM','OM','','Rial','OM.png','2016-11-17 18:22:38'),(161,'Pakistan','PK','PK','','Rupee','PK.png','2016-11-17 18:22:38'),(162,'Palau','PW','US','$','Dollar','PW.png','2016-11-17 18:22:38'),(163,'Palestinian Territory','PS','IL','','Shekel','PS.png','2016-11-17 18:22:38'),(164,'Panama','PA','PA','B/.','Balboa','PA.png','2016-11-17 18:22:38'),(165,'Papua New Guinea','PG','PG','','Kina','PG.png','2016-11-17 18:22:38'),(166,'Paraguay','PY','PY','Gs','Guarani','PY.png','2016-11-17 18:22:38'),(167,'Peru','PE','PE','S/.','Sol','PE.png','2016-11-17 18:22:38'),(168,'Philippines','PH','PH','Php','Peso','PH.png','2016-11-17 18:22:38'),(169,'Pitcairn','PN','NZ','$','Dollar','PN.png','2016-11-17 18:22:38'),(170,'Poland','PL','PL','z','Zloty','PL.png','2016-11-17 18:22:38'),(171,'Portugal','PT','EU','','Euro','PT.png','2016-11-17 18:22:38'),(172,'Puerto Rico','PR','US','$','Dollar','PR.png','2016-11-17 18:22:38'),(173,'Qatar','QA','QA','','Rial','QA.png','2016-11-17 18:22:38'),(174,'Republic of the Congo','CG','XA','FCF','Franc','CG.png','2016-11-17 18:22:38'),(175,'Reunion','RE','EU','','Euro','RE.png','2016-11-17 18:22:38'),(176,'Romania','RO','RO','lei','Leu','RO.png','2016-11-17 18:22:38'),(177,'Russia','RU','RU','','Ruble','RU.png','2016-11-17 18:22:38'),(178,'Rwanda','RW','RW','','Franc','RW.png','2016-11-17 18:22:38'),(179,'Saint Helena','SH','SH','','Pound','SH.png','2016-11-17 18:22:38'),(180,'Saint Kitts and Nevis','KN','XC','$','Dollar','KN.png','2016-11-17 18:22:38'),(181,'Saint Lucia','LC','XC','$','Dollar','LC.png','2016-11-17 18:22:38'),(182,'Saint Pierre and Miquelon','PM','EU','','Euro','PM.png','2016-11-17 18:22:38'),(183,'Saint Vincent and the Grenadines','VC','XC','$','Dollar','VC.png','2016-11-17 18:22:38'),(184,'Samoa','WS','WS','WS$','Tala','WS.png','2016-11-17 18:22:38'),(185,'San Marino','SM','EU','','Euro','SM.png','2016-11-17 18:22:38'),(186,'Sao Tome and Principe','ST','ST','Db','Dobra','ST.png','2016-11-17 18:22:38'),(187,'Saudi Arabia','SA','SA','','Rial','SA.png','2016-11-17 18:22:38'),(188,'Senegal','SN','XO','','Franc','SN.png','2016-11-17 18:22:38'),(189,'Serbia and Montenegro','CS','RS','','Dinar','CS.png','2016-11-17 18:22:38'),(190,'Seychelles','SC','SC','','Rupee','SC.png','2016-11-17 18:22:38'),(191,'Sierra Leone','SL','SL','Le','Leone','SL.png','2016-11-17 18:22:38'),(192,'Singapore','SG','SG','$','Dollar','SG.png','2016-11-17 18:22:38'),(193,'Slovakia','SK','SK','Sk','Koruna','SK.png','2016-11-17 18:22:38'),(194,'Slovenia','SI','EU','','Euro','SI.png','2016-11-17 18:22:38'),(195,'Solomon Islands','SB','SB','$','Dollar','SB.png','2016-11-17 18:22:38'),(196,'Somalia','SO','SO','S','Shilling','SO.png','2016-11-17 18:22:38'),(197,'South Africa','ZA','ZA','R','Rand','ZA.png','2016-11-17 18:22:38'),(198,'South Georgia and the South Sandwich Islands','GS','GB','','Pound','GS.png','2016-11-17 18:22:38'),(199,'South Korea','KR','KR','','Won','KR.png','2016-11-17 18:22:38'),(200,'Spain','ES','EU','','Euro','ES.png','2016-11-17 18:22:38'),(201,'Sri Lanka','LK','LK','','Rupee','LK.png','2016-11-17 18:22:38'),(202,'Sudan','SD','SD','','Dinar','SD.png','2016-11-17 18:22:38'),(203,'Suriname','SR','SR','$','Dollar','SR.png','2016-11-17 18:22:38'),(204,'Svalbard and Jan Mayen','SJ','NO','kr','Krone','SJ.png','2016-11-17 18:22:38'),(205,'Swaziland','SZ','SZ','','Lilangeni','SZ.png','2016-11-17 18:22:38'),(206,'Sweden','SE','SE','kr','Krona','SE.png','2016-11-17 18:22:38'),(207,'Switzerland','CH','CH','CHF','Franc','CH.png','2016-11-17 18:22:38'),(208,'Syria','SY','SY','','Pound','SY.png','2016-11-17 18:22:38'),(209,'Taiwan','TW','TW','NT$','Dollar','TW.png','2016-11-17 18:22:38'),(210,'Tajikistan','TJ','TJ','','Somoni','TJ.png','2016-11-17 18:22:38'),(211,'Tanzania','TZ','TZ','','Shilling','TZ.png','2016-11-17 18:22:38'),(212,'Thailand','TH','TH','','Baht','TH.png','2016-11-17 18:22:38'),(213,'Togo','TG','XO','','Franc','TG.png','2016-11-17 18:22:38'),(214,'Tokelau','TK','NZ','$','Dollar','TK.png','2016-11-17 18:22:38'),(215,'Tonga','TO','TO','T$','Pa\'anga','TO.png','2016-11-17 18:22:38'),(216,'Trinidad and Tobago','TT','TT','TT$','Dollar','TT.png','2016-11-17 18:22:38'),(217,'Tunisia','TN','TN','','Dinar','TN.png','2016-11-17 18:22:38'),(218,'Turkey','TR','TR','YTL','Lira','TR.png','2016-11-17 18:22:38'),(219,'Turkmenistan','TM','TM','m','Manat','TM.png','2016-11-17 18:22:38'),(220,'Turks and Caicos Islands','TC','US','$','Dollar','TC.png','2016-11-17 18:22:38'),(221,'Tuvalu','TV','AU','$','Dollar','TV.png','2016-11-17 18:22:38'),(222,'U.S. Virgin Islands','VI','US','$','Dollar','VI.png','2016-11-17 18:22:38'),(223,'Uganda','UG','UG','','Shilling','UG.png','2016-11-17 18:22:38'),(224,'Ukraine','UA','UA','','Hryvnia','UA.png','2016-11-17 18:22:38'),(225,'United Arab Emirates','AE','AE','','Dirham','AE.png','2016-11-17 18:22:38'),(226,'United Kingdom','GB','GB','','Pound','GB.png','2016-11-17 18:22:38'),(227,'United States','US','US','$','Dollar','US.png','2016-11-17 18:22:38'),(228,'United States Minor Outlying Islands','UM','US','$','Dollar ','UM.png','2016-11-17 18:22:38'),(229,'Uruguay','UY','UY','$U','Peso','UY.png','2016-11-17 18:22:38'),(230,'Uzbekistan','UZ','UZ','','Som','UZ.png','2016-11-17 18:22:38'),(231,'Vanuatu','VU','VU','Vt','Vatu','VU.png','2016-11-17 18:22:38'),(232,'Vatican','VA','EU','','Euro','VA.png','2016-11-17 18:22:38'),(233,'Venezuela','VE','VE','Bs','Bolivar','VE.png','2016-11-17 18:22:38'),(234,'Vietnam','VN','VN','','Dong','VN.png','2016-11-17 18:22:38'),(235,'Wallis and Futuna','WF','XP','','Franc','WF.png','2016-11-17 18:22:38'),(236,'Western Sahara','EH','MA','','Dirham','EH.png','2016-11-17 18:22:38'),(237,'Yemen','YE','YE','','Rial','YE.png','2016-11-17 18:22:38'),(238,'Zambia','ZM','ZM','ZK','Kwacha','ZM.png','2016-11-17 18:22:38'),(239,'Zimbabwe','ZW','ZW','Z$','Dollar','ZW.png','2016-11-17 18:22:38');
/*!40000 ALTER TABLE `country` ENABLE KEYS */;
UNLOCK TABLES;

--
-- Table structure for table `department`
--

DROP TABLE IF EXISTS `department`;
/*!40101 SET @saved_cs_client     = @@character_set_client */;
/*!40101 SET character_set_client = utf8 */;
CREATE TABLE `department` (
  `department_id` int(8) NOT NULL AUTO_INCREMENT,
  `department_type_id` int(12) NOT NULL,
  `department_code` varchar(12) NOT NULL,
  `department_name` varchar(32) NOT NULL,
  `status` enum('INACTIVE','ACTIVE') NOT NULL,
  `created_timestamp` timestamp NOT NULL DEFAULT CURRENT_TIMESTAMP,
  PRIMARY KEY (`department_id`),
  UNIQUE KEY `department_code` (`department_code`),
  UNIQUE KEY `department_name` (`department_name`)
) ENGINE=InnoDB AUTO_INCREMENT=15 DEFAULT CHARSET=utf8;
/*!40101 SET character_set_client = @saved_cs_client */;

--
-- Dumping data for table `department`
--

LOCK TABLES `department` WRITE;
/*!40000 ALTER TABLE `department` DISABLE KEYS */;
INSERT INTO `department` VALUES (12,1,'RFM_ADM_01','sdsd','ACTIVE','2016-11-24 11:00:15'),(13,1,'RFM_ADM_02','sssssss','ACTIVE','2016-11-24 11:00:21'),(14,4,'RFM_SET_01','2l','ACTIVE','2016-11-24 11:00:26');
/*!40000 ALTER TABLE `department` ENABLE KEYS */;
UNLOCK TABLES;

--
-- Table structure for table `department_type`
--

DROP TABLE IF EXISTS `department_type`;
/*!40101 SET @saved_cs_client     = @@character_set_client */;
/*!40101 SET character_set_client = utf8 */;
CREATE TABLE `department_type` (
  `department_type_id` int(12) NOT NULL AUTO_INCREMENT,
  `department_type_code` varchar(12) NOT NULL,
  `department_type_name` varchar(32) NOT NULL,
  PRIMARY KEY (`department_type_id`),
  UNIQUE KEY `department_type_code` (`department_type_code`)
) ENGINE=InnoDB AUTO_INCREMENT=7 DEFAULT CHARSET=latin1;
/*!40101 SET character_set_client = @saved_cs_client */;

--
-- Dumping data for table `department_type`
--

LOCK TABLES `department_type` WRITE;
/*!40000 ALTER TABLE `department_type` DISABLE KEYS */;
INSERT INTO `department_type` VALUES (1,'RFM_ADM','Belong to Admin'),(2,'RFM_BUS','Business'),(3,'RFM_TEC','Technical'),(4,'RFM_SET','Settlement'),(5,'RFM_ACC','Accounts'),(6,'RFM_CPT','CPT');
/*!40000 ALTER TABLE `department_type` ENABLE KEYS */;
UNLOCK TABLES;

--
-- Table structure for table `email_access`
--

DROP TABLE IF EXISTS `email_access`;
/*!40101 SET @saved_cs_client     = @@character_set_client */;
/*!40101 SET character_set_client = utf8 */;
CREATE TABLE `email_access` (
  `email_access_id` int(8) NOT NULL AUTO_INCREMENT,
  `smtp` varchar(6) NOT NULL,
  `host` varchar(32) NOT NULL,
  `port` int(4) NOT NULL,
  `username` varchar(32) NOT NULL,
  `password` varchar(32) NOT NULL,
  `attachment_limit` int(12) NOT NULL,
  `status` enum('INACTIVE','ACTIVE') NOT NULL,
  `created_timestamp` timestamp NOT NULL DEFAULT CURRENT_TIMESTAMP,
  `updated_timestamp` timestamp NOT NULL DEFAULT CURRENT_TIMESTAMP ON UPDATE CURRENT_TIMESTAMP,
  PRIMARY KEY (`email_access_id`)
) ENGINE=InnoDB AUTO_INCREMENT=2 DEFAULT CHARSET=utf8;
/*!40101 SET character_set_client = @saved_cs_client */;

--
-- Dumping data for table `email_access`
--

LOCK TABLES `email_access` WRITE;
/*!40000 ALTER TABLE `email_access` DISABLE KEYS */;
INSERT INTO `email_access` VALUES (1,'smtp','smtp.mandrillapp.com',587,'support+refundme@generalui.com','Hh2B-OE0lPPoRKXj0V47Vg',10,'ACTIVE','2016-11-17 18:23:44','2017-03-31 08:06:48');
/*!40000 ALTER TABLE `email_access` ENABLE KEYS */;
UNLOCK TABLES;

--
-- Table structure for table `email_categories`
--

DROP TABLE IF EXISTS `email_categories`;
/*!40101 SET @saved_cs_client     = @@character_set_client */;
/*!40101 SET character_set_client = utf8 */;
CREATE TABLE `email_categories` (
  `email_categories_id` int(12) NOT NULL AUTO_INCREMENT,
  `category_name` varchar(64) NOT NULL,
  `created_timestamp` timestamp NOT NULL DEFAULT CURRENT_TIMESTAMP ON UPDATE CURRENT_TIMESTAMP,
  PRIMARY KEY (`email_categories_id`)
) ENGINE=InnoDB AUTO_INCREMENT=2 DEFAULT CHARSET=latin1;
/*!40101 SET character_set_client = @saved_cs_client */;

--
-- Dumping data for table `email_categories`
--

LOCK TABLES `email_categories` WRITE;
/*!40000 ALTER TABLE `email_categories` DISABLE KEYS */;
INSERT INTO `email_categories` VALUES (1,'GENERAL','2017-05-29 09:06:31');
/*!40000 ALTER TABLE `email_categories` ENABLE KEYS */;
UNLOCK TABLES;

--
-- Table structure for table `email_template`
--

DROP TABLE IF EXISTS `email_template`;
/*!40101 SET @saved_cs_client     = @@character_set_client */;
/*!40101 SET character_set_client = utf8 */;
CREATE TABLE `email_template` (
  `email_template_id` int(8) NOT NULL AUTO_INCREMENT,
  `email_categories_id` int(11) NOT NULL,
  `email_type` varchar(255) NOT NULL,
  `language_code` varchar(3) NOT NULL,
  `subject` text NOT NULL,
  `message` text NOT NULL,
  `email_from` varchar(255) NOT NULL,
  `email_from_name` varchar(255) NOT NULL,
  `email_cc` text NOT NULL,
  `email_bcc` varchar(32) NOT NULL,
  `attachments` text NOT NULL,
  `status` enum('INACTIVE','ACTIVE') NOT NULL,
  `created_timestamp` timestamp NOT NULL DEFAULT CURRENT_TIMESTAMP,
  `updated_timestamp` timestamp NOT NULL DEFAULT CURRENT_TIMESTAMP ON UPDATE CURRENT_TIMESTAMP,
  PRIMARY KEY (`email_template_id`)
) ENGINE=InnoDB AUTO_INCREMENT=5 DEFAULT CHARSET=utf8;
/*!40101 SET character_set_client = @saved_cs_client */;

--
-- Dumping data for table `email_template`
--

LOCK TABLES `email_template` WRITE;
/*!40000 ALTER TABLE `email_template` DISABLE KEYS */;
INSERT INTO `email_template` VALUES (1,1,'SEND_PASSWORD_TO_USER','en','User Registration','<title>Refund.Me</title> \r\n<meta charset=\"utf-8\">\r\n<meta name=\"viewport\" content=\"width=device-width, initial-scale=1\">\r\n<meta http-equiv=\"X-UA-Compatible\" content=\"IE=edge\">\r\n<style type=\"text/css\">\r\n    /* CLIENT-SPECIFIC STYLES */\r\n    body, table, td, a{-webkit-text-size-adjust: 100%; -ms-text-size-adjust: 100%;} /* Prevent WebKit and Windows mobile changing default text sizes */\r\n    table, td{mso-table-lspace: 0pt; mso-table-rspace: 0pt;} /* Remove spacing between tables in Outlook 2007 and up */\r\n    img{-ms-interpolation-mode: bicubic;} /* Allow smoother rendering of resized image in Internet Explorer */\r\n\r\n    /* RESET STYLES */\r\n    img{border: 0; height: auto; line-height: 100%; outline: none; text-decoration: none;}\r\n    table{border-collapse: collapse !important;}\r\n    body{height: 100% !important; margin: 0 !important; padding: 0 !important; width: 100% !important;}\r\n\r\n    /* iOS BLUE LINKS */\r\n    a[x-apple-data-detectors] {\r\n        color: inherit !important;\r\n        text-decoration: none !important;\r\n        font-size: inherit !important;\r\n        font-family: inherit !important;\r\n        font-weight: inherit !important;\r\n        line-height: inherit !important;\r\n    }\r\n\r\n    /* MOBILE STYLES */\r\n    @media screen and (max-width: 525px) {\r\n\r\n        /* ALLOWS FOR FLUID TABLES */\r\n        .wrapper {\r\n          width: 100% !important;\r\n            max-width: 100% !important;\r\n        }\r\n\r\n        /* ADJUSTS LAYOUT OF LOGO IMAGE */\r\n        .logo img {\r\n          margin: 0 auto !important;\r\n        }\r\n\r\n        /* USE THESE CLASSES TO HIDE CONTENT ON MOBILE */\r\n        .mobile-hide {\r\n          display: none !important;\r\n        }\r\n\r\n        .img-max {\r\n          max-width: 100% !important;\r\n          width: 100% !important;\r\n          height: auto !important;\r\n        }\r\n\r\n        /* FULL-WIDTH TABLES */\r\n        .responsive-table {\r\n          width: 100% !important;\r\n        }\r\n\r\n        /* UTILITY CLASSES FOR ADJUSTING PADDING ON MOBILE */\r\n        .padding {\r\n          padding: 10px 5% 15px 5% !important;\r\n        }\r\n\r\n        .padding-meta {\r\n          padding: 30px 5% 0px 5% !important;\r\n          text-align: center;\r\n        }\r\n\r\n        .padding-copy {\r\n             padding: 10px 5% 10px 5% !important;\r\n          text-align: center;\r\n        }\r\n\r\n        .no-padding {\r\n          padding: 0 !important;\r\n        }\r\n\r\n        .section-padding {\r\n          padding: 50px 15px 50px 15px !important;\r\n        }\r\n\r\n        /* ADJUST BUTTONS ON MOBILE */\r\n        .mobile-button-container {\r\n            margin: 0 auto;\r\n            width: 100% !important;\r\n        }\r\n\r\n        .mobile-button {\r\n            padding: 15px !important;\r\n            border: 0 !important;\r\n            font-size: 16px !important;\r\n            display: block !important;\r\n        }\r\n\r\n    }\r\n\r\n    /* ANDROID CENTER FIX */\r\n    div[style*=\"margin: 16px 0;\"] { margin: 0 !important; }\r\n</style>\r\n\r\n\r\n\r\n<!-- HIDDEN PREHEADER TEXT -->\r\n<div style=\"display: none; font-size: 1px; color: #fefefe; line-height: 1px; font-family: Helvetica, Arial, sans-serif; max-height: 0px; max-width: 0px; opacity: 0; overflow: hidden;\">\r\n    Entice the open with some amazing preheader text. Use a little mystery and get those subscribers to read through...\r\n</div>\r\n\r\n<!-- HEADER -->\r\n<table border=\"0\" cellpadding=\"0\" cellspacing=\"0\" width=\"100%\">\r\n    <tbody><tr>\r\n        <td bgcolor=\"#ffffff\" align=\"center\">\r\n            <!--[if (gte mso 9)|(IE)]>\r\n            <table align=\"center\" border=\"0\" cellspacing=\"0\" cellpadding=\"0\" width=\"500\">\r\n            <tr>\r\n            <td align=\"center\" valign=\"top\" width=\"500\">\r\n            <![endif]-->\r\n            <table border=\"0\" cellpadding=\"0\" cellspacing=\"0\" width=\"100%\" style=\"max-width: 500px;\" class=\"wrapper\">\r\n                <tbody><tr>\r\n                    <td align=\"center\" valign=\"top\" style=\"padding: 15px 0;\" class=\"logo\">\r\n                        <a href=\"refund.me\" target=\"_blank\">\r\n                            <img alt=\"Logo\" src=\"{ASSETS}/images/logo.png\" style=\"display: block; font-family: Helvetica, Arial, sans-serif; color: #ffffff; font-size: 16px;\" border=\"0\">\r\n                        </a>\r\n                    </td>\r\n                </tr>\r\n            </tbody></table>\r\n            <!--[if (gte mso 9)|(IE)]>\r\n            </td>\r\n            </tr>\r\n            </table>\r\n            <![endif]-->\r\n        </td>\r\n    </tr>\r\n     \r\n     \r\n    \r\n    <tr>\r\n        <td bgcolor=\"#ffffff\" align=\"center\" style=\"padding: 15px;\">\r\n            <table border=\"0\" cellpadding=\"0\" cellspacing=\"0\" width=\"500\" class=\"responsive-table\">\r\n                <tbody><tr>\r\n                    <td>\r\n                        <table width=\"100%\" border=\"0\" cellspacing=\"0\" cellpadding=\"0\">\r\n                            <tbody><tr>\r\n                                <!-- COPY -->\r\n                                <td align=\"center\" style=\"font-size: 24px; font-family: Helvetica, Arial, sans-serif; color: #333333; padding-top: 30px;\" class=\"padding-copy\"><p>Hi, {user.firstname}</p><p>Thanks for Registering TravelSmart.</p></td>\r\n                            </tr>\r\n                            \r\n                            <tr>\r\n                                <td align=\"center\">\r\n                                    <!-- BULLETPROOF BUTTON -->\r\n                                    <table width=\"100%\" border=\"0\" cellspacing=\"0\" cellpadding=\"0\">\r\n                                        <tbody><tr>\r\n                                            <td align=\"center\" style=\"padding-top: 25px;\" class=\"padding\">\r\n                                                <table align=\"center\" border=\"0\" cellpadding=\"0\" cellspacing=\"0\" width=\"100%\" style=\"max-width:500;\">\r\n                            <tbody><tr>\r\n                                <td align=\"center\" valign=\"top\" style=\"font-size:0;\">\r\n                                    <!--[if (gte mso 9)|(IE)]>\r\n                                    <table align=\"center\" border=\"0\" cellspacing=\"0\" cellpadding=\"0\" width=\"500\">\r\n                                    <tr>\r\n                                    <td align=\"left\" valign=\"top\" width=\"115\">\r\n                                    <![endif]-->\r\n                                    <div style=\"display:inline-block; margin: 0 -2px; max-width:115px; vertical-align:top; width:100%;\">\r\n\r\n                                        <table align=\"left\" border=\"0\" cellpadding=\"0\" cellspacing=\"0\" width=\"115\">\r\n                                            <tbody><tr>\r\n                                                <td valign=\"top\" style=\"padding: 40px 0 0 0;\" class=\"mobile-hide\"><a href=\" ]\" target=\"_blank\"><img src=\"{user.profile_image}\" alt=\"alt text here\" width=\"105\" height=\"105\" border=\"0\" style=\"display: block; font-family: Arial; color: #666666; font-size: 14px; width: 105px; height: 105px;\"></a></td>\r\n                                            </tr>\r\n                                        </tbody></table>\r\n                                    </div>\r\n                                    <!--[if (gte mso 9)|(IE)]>\r\n                                    </td>\r\n                                    <td align=\"left\" valign=\"top\" width=\"385\">\r\n                                    <![endif]-->\r\n                                    <div style=\"display:inline-block; margin: 0 -2px; max-width:385px; vertical-align:top; width:100%;\">\r\n\r\n                                        <table align=\"left\" border=\"0\" cellpadding=\"0\" cellspacing=\"0\" width=\"100%\">\r\n                                            <tbody><tr>\r\n\r\n                                                <td style=\"padding: 40px 0 0 0;\" class=\"no-padding\">\r\n                                                    <!-- ARTICLE -->\r\n                                                    <table border=\"0\" cellspacing=\"0\" cellpadding=\"0\" width=\"100%\">\r\n                                                        <tbody> \r\n                                                       \r\n                                                        <tr>\r\n                                                             <td align=\"left\" style=\"padding: 10px 0 15px 25px; font-size: 16px; line-height: 24px; font-family: Helvetica, Arial, sans-serif; color: #666666;\" class=\"padding\">Your Password is given below. To Login <a href=\"{siteurl}\">click here.</a> </td>\r\n                                                        </tr>\r\n                                                        <tr>\r\n                                                            <td style=\"padding:0 0 0 25px;\" align=\"left\" class=\"padding\">\r\n                                                                <table border=\"0\" cellspacing=\"0\" cellpadding=\"0\" class=\"mobile-button-container\">\r\n                                                                    <tbody><tr>\r\n                                                                        <td align=\"center\">\r\n                                                                            <!-- BULLETPROOF BUTTON -->\r\n                                                                            <table width=\"100%\" border=\"0\" cellspacing=\"0\" cellpadding=\"0\">\r\n                                                                                <tbody><tr>\r\n                                                                                    <td align=\"left\">\r\n                                                                                        <table border=\"0\" cellspacing=\"0\" cellpadding=\"0\" class=\"mobile-button-container\">\r\n                                                                                            <tbody><tr>\r\n                                                                                                <td align=\"center\" style=\"border-radius: 3px;\" bgcolor=\"#256F9C\"><a href=\" \" target=\"_blank\" style=\"font-size: 15px; font-family: Helvetica, Arial, sans-serif; color: #ffffff; text-decoration: none; color: #ffffff; text-decoration: none; border-radius: 3px; padding: 10px 20px; border: 1px solid #256F9C; display: inline-block;\" class=\"mobile-button\">{user.password}</a></td>\r\n                                                                                            </tr>\r\n                                                                                        </tbody></table>\r\n                                                                                    </td>\r\n                                                                                </tr>\r\n                                                                            </tbody></table>\r\n                                                                        </td>\r\n                                                                    </tr>\r\n                                                                </tbody></table>\r\n                                                            </td>\r\n                                                        </tr>\r\n\r\n                                                    </tbody></table>\r\n                                                </td>\r\n                                            </tr>\r\n                                        </tbody></table>\r\n                                    </div>\r\n                                    <!--[if (gte mso 9)|(IE)]>\r\n                                    </td>\r\n                                    </tr>\r\n                                    </table>\r\n                                    <![endif]-->\r\n                                </td>\r\n                            </tr>\r\n                        </tbody></table>\r\n                                            </td>\r\n                                        </tr>\r\n                                    </tbody></table>\r\n                                </td>\r\n                            </tr>\r\n                        </tbody></table>\r\n                    </td>\r\n                </tr>\r\n            </tbody></table>\r\n            <!--[if (gte mso 9)|(IE)]>\r\n            </td>\r\n            </tr>\r\n            </table>\r\n            <![endif]-->\r\n        </td>\r\n    </tr>\r\n    <tr>\r\n        <td bgcolor=\"#ffffff\" align=\"center\" style=\"padding: 20px 0px;\">\r\n            <!--[if (gte mso 9)|(IE)]>\r\n            <table align=\"center\" border=\"0\" cellspacing=\"0\" cellpadding=\"0\" width=\"500\">\r\n            <tr>\r\n            <td align=\"center\" valign=\"top\" width=\"500\">\r\n            <![endif]-->\r\n            <!-- UNSUBSCRIBE COPY -->\r\n            <table width=\"100%\" border=\"0\" cellspacing=\"0\" cellpadding=\"0\" align=\"center\" style=\"max-width: 500px;\" class=\"responsive-table\">\r\n                <tbody><tr>\r\n                    <td align=\"center\" style=\"font-size: 12px; line-height: 18px; font-family: Helvetica, Arial, sans-serif; color:#666666;\">\r\n                        Copyright  2016 by refund.me GmbH\r\n                         \r\n                         \r\n                    </td>\r\n                </tr>\r\n            </tbody></table>\r\n            <!--[if (gte mso 9)|(IE)]>\r\n            </td>\r\n            </tr>\r\n            </table>\r\n            <![endif]-->\r\n        </td>\r\n    </tr>\r\n</tbody></table>','feedback@refund.me','Travel Smart','','','','ACTIVE','2017-05-29 09:16:26','2017-05-30 12:43:19'),(2,1,'USER_CONFIRMAIOTN_LINK','en','Confirmation -  TravelSmart','<title>Refund.Me</title> \r\n<meta charset=\"utf-8\">\r\n<meta name=\"viewport\" content=\"width=device-width, initial-scale=1\">\r\n<meta http-equiv=\"X-UA-Compatible\" content=\"IE=edge\">\r\n<style type=\"text/css\">\r\n    /* CLIENT-SPECIFIC STYLES */\r\n    body, table, td, a{-webkit-text-size-adjust: 100%; -ms-text-size-adjust: 100%;} /* Prevent WebKit and Windows mobile changing default text sizes */\r\n    table, td{mso-table-lspace: 0pt; mso-table-rspace: 0pt;} /* Remove spacing between tables in Outlook 2007 and up */\r\n    img{-ms-interpolation-mode: bicubic;} /* Allow smoother rendering of resized image in Internet Explorer */\r\n\r\n    /* RESET STYLES */\r\n    img{border: 0; height: auto; line-height: 100%; outline: none; text-decoration: none;}\r\n    table{border-collapse: collapse !important;}\r\n    body{height: 100% !important; margin: 0 !important; padding: 0 !important; width: 100% !important;}\r\n\r\n    /* iOS BLUE LINKS */\r\n    a[x-apple-data-detectors] {\r\n        color: inherit !important;\r\n        text-decoration: none !important;\r\n        font-size: inherit !important;\r\n        font-family: inherit !important;\r\n        font-weight: inherit !important;\r\n        line-height: inherit !important;\r\n    }\r\n\r\n    /* MOBILE STYLES */\r\n    @media screen and (max-width: 525px) {\r\n\r\n        /* ALLOWS FOR FLUID TABLES */\r\n        .wrapper {\r\n          width: 100% !important;\r\n            max-width: 100% !important;\r\n        }\r\n\r\n        /* ADJUSTS LAYOUT OF LOGO IMAGE */\r\n        .logo img {\r\n          margin: 0 auto !important;\r\n        }\r\n\r\n        /* USE THESE CLASSES TO HIDE CONTENT ON MOBILE */\r\n        .mobile-hide {\r\n          display: none !important;\r\n        }\r\n\r\n        .img-max {\r\n          max-width: 100% !important;\r\n          width: 100% !important;\r\n          height: auto !important;\r\n        }\r\n\r\n        /* FULL-WIDTH TABLES */\r\n        .responsive-table {\r\n          width: 100% !important;\r\n        }\r\n\r\n        /* UTILITY CLASSES FOR ADJUSTING PADDING ON MOBILE */\r\n        .padding {\r\n          padding: 10px 5% 15px 5% !important;\r\n        }\r\n\r\n        .padding-meta {\r\n          padding: 30px 5% 0px 5% !important;\r\n          text-align: center;\r\n        }\r\n\r\n        .padding-copy {\r\n             padding: 10px 5% 10px 5% !important;\r\n          text-align: center;\r\n        }\r\n\r\n        .no-padding {\r\n          padding: 0 !important;\r\n        }\r\n\r\n        .section-padding {\r\n          padding: 50px 15px 50px 15px !important;\r\n        }\r\n\r\n        /* ADJUST BUTTONS ON MOBILE */\r\n        .mobile-button-container {\r\n            margin: 0 auto;\r\n            width: 100% !important;\r\n        }\r\n\r\n        .mobile-button {\r\n            padding: 15px !important;\r\n            border: 0 !important;\r\n            font-size: 16px !important;\r\n            display: block !important;\r\n        }\r\n\r\n    }\r\n\r\n    /* ANDROID CENTER FIX */\r\n    div[style*=\"margin: 16px 0;\"] { margin: 0 !important; }\r\n</style>\r\n\r\n\r\n\r\n<!-- HIDDEN PREHEADER TEXT -->\r\n<div style=\"display: none; font-size: 1px; color: #fefefe; line-height: 1px; font-family: Helvetica, Arial, sans-serif; max-height: 0px; max-width: 0px; opacity: 0; overflow: hidden;\">\r\n    Entice the open with some amazing preheader text. Use a little mystery and get those subscribers to read through...\r\n</div>\r\n\r\n<!-- HEADER -->\r\n<table border=\"0\" cellpadding=\"0\" cellspacing=\"0\" width=\"100%\">\r\n    <tbody><tr>\r\n        <td bgcolor=\"#ffffff\" align=\"center\">\r\n            <!--[if (gte mso 9)|(IE)]>\r\n            <table align=\"center\" border=\"0\" cellspacing=\"0\" cellpadding=\"0\" width=\"500\">\r\n            <tr>\r\n            <td align=\"center\" valign=\"top\" width=\"500\">\r\n            <![endif]-->\r\n            <table border=\"0\" cellpadding=\"0\" cellspacing=\"0\" width=\"100%\" style=\"max-width: 500px;\" class=\"wrapper\">\r\n                <tbody><tr>\r\n                    <td align=\"center\" valign=\"top\" style=\"padding: 15px 0;\" class=\"logo\">\r\n                        <a href=\"refund.me\" target=\"_blank\">\r\n                            <img alt=\"Logo\" src=\"{ASSETS}/images/logo.png\" style=\"display: block; font-family: Helvetica, Arial, sans-serif; color: #ffffff; font-size: 16px;\" border=\"0\">\r\n                        </a>\r\n                    </td>\r\n                </tr>\r\n            </tbody></table>\r\n            <!--[if (gte mso 9)|(IE)]>\r\n            </td>\r\n            </tr>\r\n            </table>\r\n            <![endif]-->\r\n        </td>\r\n    </tr>\r\n     \r\n     \r\n    \r\n    <tr>\r\n        <td bgcolor=\"#ffffff\" align=\"center\" style=\"padding: 15px;\">\r\n            <table border=\"0\" cellpadding=\"0\" cellspacing=\"0\" width=\"500\" class=\"responsive-table\">\r\n                <tbody><tr>\r\n                    <td>\r\n                        <table width=\"100%\" border=\"0\" cellspacing=\"0\" cellpadding=\"0\">\r\n                            <tbody><tr>\r\n                                <!-- COPY -->\r\n                                <td align=\"center\" style=\"font-size: 24px; font-family: Helvetica, Arial, sans-serif; color: #333333; padding-top: 30px;\" class=\"padding-copy\"><p>Hi, {user.firstname}</p><p>Thanks for Registering TravelSmart.</p></td>\r\n                            </tr>\r\n                            \r\n                            <tr>\r\n                                <td align=\"center\">\r\n                                    <!-- BULLETPROOF BUTTON -->\r\n                                    <table width=\"100%\" border=\"0\" cellspacing=\"0\" cellpadding=\"0\">\r\n                                        <tbody><tr>\r\n                                            <td align=\"center\" style=\"padding-top: 25px;\" class=\"padding\">\r\n                                                <table align=\"center\" border=\"0\" cellpadding=\"0\" cellspacing=\"0\" width=\"100%\" style=\"max-width:500;\">\r\n                            <tbody><tr>\r\n                                <td align=\"center\" valign=\"top\" style=\"font-size:0;\">\r\n                                    <!--[if (gte mso 9)|(IE)]>\r\n                                    <table align=\"center\" border=\"0\" cellspacing=\"0\" cellpadding=\"0\" width=\"500\">\r\n                                    <tr>\r\n                                    <td align=\"left\" valign=\"top\" width=\"115\">\r\n                                    <![endif]-->\r\n                                    <div style=\"display:inline-block; margin: 0 -2px; max-width:115px; vertical-align:top; width:100%;\">\r\n\r\n                                        <table align=\"left\" border=\"0\" cellpadding=\"0\" cellspacing=\"0\" width=\"115\">\r\n                                            <tbody><tr>\r\n                                                <td valign=\"top\" style=\"padding: 40px 0 0 0;\" class=\"mobile-hide\"><a href=\"\" target=\"_blank\"><img src=\"{user.profile_image}\" alt=\"alt text here\" width=\"105\" height=\"105\" border=\"0\" style=\"display: block; font-family: Arial; color: #666666; font-size: 14px; width: 105px; height: 105px;\"></a></td>\r\n                                            </tr>\r\n                                        </tbody></table>\r\n                                    </div>\r\n                                    <!--[if (gte mso 9)|(IE)]>\r\n                                    </td>\r\n                                    <td align=\"left\" valign=\"top\" width=\"385\">\r\n                                    <![endif]-->\r\n                                    <div style=\"display:inline-block; margin: 0 -2px; max-width:385px; vertical-align:top; width:100%;\">\r\n\r\n                                        <table align=\"left\" border=\"0\" cellpadding=\"0\" cellspacing=\"0\" width=\"100%\">\r\n                                            <tbody><tr>\r\n\r\n                                                <td style=\"padding: 40px 0 0 0;\" class=\"no-padding\">\r\n                                                    <!-- ARTICLE -->\r\n                                                    <table border=\"0\" cellspacing=\"0\" cellpadding=\"0\" width=\"100%\">\r\n                                                        <tbody> \r\n                                                       \r\n                                                        <tr>\r\n                                                             <td align=\"left\" style=\"padding: 10px 0 15px 25px; font-size: 16px; line-height: 24px; font-family: Helvetica, Arial, sans-serif; color: #666666;\" class=\"padding\">To complete your registration process, Kindly click below confirmation Link.</td>\r\n                                                        </tr>\r\n                                                        <tr>\r\n                                                            <td style=\"padding:0 0 0 25px;\" align=\"left\" class=\"padding\">\r\n                                                                <table border=\"0\" cellspacing=\"0\" cellpadding=\"0\" class=\"mobile-button-container\">\r\n                                                                    <tbody><tr>\r\n                                                                        <td align=\"center\">\r\n                                                                            <!-- BULLETPROOF BUTTON -->\r\n                                                                            <table width=\"100%\" border=\"0\" cellspacing=\"0\" cellpadding=\"0\">\r\n                                                                                <tbody><tr>\r\n                                                                                    <td align=\"left\">\r\n                                                                                        <table border=\"0\" cellspacing=\"0\" cellpadding=\"0\" class=\"mobile-button-container\">\r\n                                                                                            <tbody><tr>\r\n                                                                                                <td align=\"center\" style=\"border-radius: 3px;\" bgcolor=\"#256F9C\"><a href=\"{user.confirmlink}\" target=\"_blank\" style=\"font-size: 15px; font-family: Helvetica, Arial, sans-serif; color: #ffffff; text-decoration: none; color: #ffffff; text-decoration: none; border-radius: 3px; padding: 10px 20px; border: 1px solid #256F9C; display: inline-block;\" class=\"mobile-button\">Confirmation Link</a></td>\r\n                                                                                            </tr>\r\n                                                                                        </tbody></table>\r\n                                                                                    </td>\r\n                                                                                </tr>\r\n                                                                            </tbody></table>\r\n                                                                        </td>\r\n                                                                    </tr>\r\n                                                                </tbody></table>\r\n                                                            </td>\r\n                                                        </tr>\r\n\r\n                                                    </tbody></table>\r\n                                                </td>\r\n                                            </tr>\r\n                                        </tbody></table>\r\n                                    </div>\r\n                                    <!--[if (gte mso 9)|(IE)]>\r\n                                    </td>\r\n                                    </tr>\r\n                                    </table>\r\n                                    <![endif]-->\r\n                                </td>\r\n                            </tr>\r\n                        </tbody></table>\r\n                                            </td>\r\n                                        </tr>\r\n                                    </tbody></table>\r\n                                </td>\r\n                            </tr>\r\n                        </tbody></table>\r\n                    </td>\r\n                </tr>\r\n            </tbody></table>\r\n            <!--[if (gte mso 9)|(IE)]>\r\n            </td>\r\n            </tr>\r\n            </table>\r\n            <![endif]-->\r\n        </td>\r\n    </tr>\r\n    <tr>\r\n        <td bgcolor=\"#ffffff\" align=\"center\" style=\"padding: 20px 0px;\">\r\n            <!--[if (gte mso 9)|(IE)]>\r\n            <table align=\"center\" border=\"0\" cellspacing=\"0\" cellpadding=\"0\" width=\"500\">\r\n            <tr>\r\n            <td align=\"center\" valign=\"top\" width=\"500\">\r\n            <![endif]-->\r\n            <!-- UNSUBSCRIBE COPY -->\r\n            <table width=\"100%\" border=\"0\" cellspacing=\"0\" cellpadding=\"0\" align=\"center\" style=\"max-width: 500px;\" class=\"responsive-table\">\r\n                <tbody><tr>\r\n                    <td align=\"center\" style=\"font-size: 12px; line-height: 18px; font-family: Helvetica, Arial, sans-serif; color:#666666;\">\r\n                        Copyright  2016 by refund.me GmbH\r\n                         \r\n                         \r\n                    </td>\r\n                </tr>\r\n            </tbody></table>\r\n            <!--[if (gte mso 9)|(IE)]>\r\n            </td>\r\n            </tr>\r\n            </table>\r\n            <![endif]-->\r\n        </td>\r\n    </tr>\r\n</tbody></table>','feedback@refund.me','Travel Smart','','','','ACTIVE','2017-05-30 08:12:08','2017-05-30 08:12:08'),(3,1,'SEND_RESETLINK_TO_USER','en','Reset Your Password -  TravelSmart','<title>Refund.Me</title> \r\n<meta charset=\"utf-8\">\r\n<meta name=\"viewport\" content=\"width=device-width, initial-scale=1\">\r\n<meta http-equiv=\"X-UA-Compatible\" content=\"IE=edge\">\r\n<style type=\"text/css\">\r\n    /* CLIENT-SPECIFIC STYLES */\r\n    body, table, td, a{-webkit-text-size-adjust: 100%; -ms-text-size-adjust: 100%;} /* Prevent WebKit and Windows mobile changing default text sizes */\r\n    table, td{mso-table-lspace: 0pt; mso-table-rspace: 0pt;} /* Remove spacing between tables in Outlook 2007 and up */\r\n    img{-ms-interpolation-mode: bicubic;} /* Allow smoother rendering of resized image in Internet Explorer */\r\n\r\n    /* RESET STYLES */\r\n    img{border: 0; height: auto; line-height: 100%; outline: none; text-decoration: none;}\r\n    table{border-collapse: collapse !important;}\r\n    body{height: 100% !important; margin: 0 !important; padding: 0 !important; width: 100% !important;}\r\n\r\n    /* iOS BLUE LINKS */\r\n    a[x-apple-data-detectors] {\r\n        color: inherit !important;\r\n        text-decoration: none !important;\r\n        font-size: inherit !important;\r\n        font-family: inherit !important;\r\n        font-weight: inherit !important;\r\n        line-height: inherit !important;\r\n    }\r\n\r\n    /* MOBILE STYLES */\r\n    @media screen and (max-width: 525px) {\r\n\r\n        /* ALLOWS FOR FLUID TABLES */\r\n        .wrapper {\r\n          width: 100% !important;\r\n            max-width: 100% !important;\r\n        }\r\n\r\n        /* ADJUSTS LAYOUT OF LOGO IMAGE */\r\n        .logo img {\r\n          margin: 0 auto !important;\r\n        }\r\n\r\n        /* USE THESE CLASSES TO HIDE CONTENT ON MOBILE */\r\n        .mobile-hide {\r\n          display: none !important;\r\n        }\r\n\r\n        .img-max {\r\n          max-width: 100% !important;\r\n          width: 100% !important;\r\n          height: auto !important;\r\n        }\r\n\r\n        /* FULL-WIDTH TABLES */\r\n        .responsive-table {\r\n          width: 100% !important;\r\n        }\r\n\r\n        /* UTILITY CLASSES FOR ADJUSTING PADDING ON MOBILE */\r\n        .padding {\r\n          padding: 10px 5% 15px 5% !important;\r\n        }\r\n\r\n        .padding-meta {\r\n          padding: 30px 5% 0px 5% !important;\r\n          text-align: center;\r\n        }\r\n\r\n        .padding-copy {\r\n             padding: 10px 5% 10px 5% !important;\r\n          text-align: center;\r\n        }\r\n\r\n        .no-padding {\r\n          padding: 0 !important;\r\n        }\r\n\r\n        .section-padding {\r\n          padding: 50px 15px 50px 15px !important;\r\n        }\r\n\r\n        /* ADJUST BUTTONS ON MOBILE */\r\n        .mobile-button-container {\r\n            margin: 0 auto;\r\n            width: 100% !important;\r\n        }\r\n\r\n        .mobile-button {\r\n            padding: 15px !important;\r\n            border: 0 !important;\r\n            font-size: 16px !important;\r\n            display: block !important;\r\n        }\r\n\r\n    }\r\n\r\n    /* ANDROID CENTER FIX */\r\n    div[style*=\"margin: 16px 0;\"] { margin: 0 !important; }\r\n</style>\r\n\r\n\r\n\r\n<!-- HIDDEN PREHEADER TEXT -->\r\n<div style=\"display: none; font-size: 1px; color: #fefefe; line-height: 1px; font-family: Helvetica, Arial, sans-serif; max-height: 0px; max-width: 0px; opacity: 0; overflow: hidden;\">\r\n    Entice the open with some amazing preheader text. Use a little mystery and get those subscribers to read through...\r\n</div>\r\n\r\n<!-- HEADER -->\r\n<table border=\"0\" cellpadding=\"0\" cellspacing=\"0\" width=\"100%\">\r\n    <tbody><tr>\r\n        <td bgcolor=\"#ffffff\" align=\"center\">\r\n            <!--[if (gte mso 9)|(IE)]>\r\n            <table align=\"center\" border=\"0\" cellspacing=\"0\" cellpadding=\"0\" width=\"500\">\r\n            <tr>\r\n            <td align=\"center\" valign=\"top\" width=\"500\">\r\n            <![endif]-->\r\n            <table border=\"0\" cellpadding=\"0\" cellspacing=\"0\" width=\"100%\" style=\"max-width: 500px;\" class=\"wrapper\">\r\n                <tbody><tr>\r\n                    <td align=\"center\" valign=\"top\" style=\"padding: 15px 0;\" class=\"logo\">\r\n                        <a href=\"refund.me\" target=\"_blank\">\r\n                            <img alt=\"Logo\" src=\"{ASSETS}/images/logo.png\" style=\"display: block; font-family: Helvetica, Arial, sans-serif; color: #ffffff; font-size: 16px;\" border=\"0\">\r\n                        </a>\r\n                    </td>\r\n                </tr>\r\n            </tbody></table>\r\n            <!--[if (gte mso 9)|(IE)]>\r\n            </td>\r\n            </tr>\r\n            </table>\r\n            <![endif]-->\r\n        </td>\r\n    </tr>\r\n     \r\n     \r\n    \r\n    <tr>\r\n        <td bgcolor=\"#ffffff\" align=\"center\" style=\"padding: 15px;\">\r\n            <table border=\"0\" cellpadding=\"0\" cellspacing=\"0\" width=\"500\" class=\"responsive-table\">\r\n                <tbody><tr>\r\n                    <td>\r\n                        <table width=\"100%\" border=\"0\" cellspacing=\"0\" cellpadding=\"0\">\r\n                            <tbody><tr>\r\n                                <!-- COPY -->\r\n                                <td align=\"center\" style=\"font-size: 24px; font-family: Helvetica, Arial, sans-serif; color: #333333; padding-top: 30px;\" class=\"padding-copy\"><p>Hi, {user.firstname}</p><p>Reset Password.</p></td>\r\n                            </tr>\r\n                            \r\n                            <tr>\r\n                                <td align=\"center\">\r\n                                    <!-- BULLETPROOF BUTTON -->\r\n                                    <table width=\"100%\" border=\"0\" cellspacing=\"0\" cellpadding=\"0\">\r\n                                        <tbody><tr>\r\n                                            <td align=\"center\" style=\"padding-top: 25px;\" class=\"padding\">\r\n                                                <table align=\"center\" border=\"0\" cellpadding=\"0\" cellspacing=\"0\" width=\"100%\" style=\"max-width:500;\">\r\n                            <tbody><tr>\r\n                                <td align=\"center\" valign=\"top\" style=\"font-size:0;\">\r\n                                    <!--[if (gte mso 9)|(IE)]>\r\n                                    <table align=\"center\" border=\"0\" cellspacing=\"0\" cellpadding=\"0\" width=\"500\">\r\n                                    <tr>\r\n                                    <td align=\"left\" valign=\"top\" width=\"115\">\r\n                                    <![endif]-->\r\n                                    <div style=\"display:inline-block; margin: 0 -2px; max-width:115px; vertical-align:top; width:100%;\">\r\n\r\n                                        <table align=\"left\" border=\"0\" cellpadding=\"0\" cellspacing=\"0\" width=\"115\">\r\n                                            <tbody><tr>\r\n                                                <td valign=\"top\" style=\"padding: 40px 0 0 0;\" class=\"mobile-hide\"><a href=\"\" target=\"_blank\"><img src=\"{user.profile_image}\" alt=\"alt text here\" width=\"105\" height=\"105\" border=\"0\" style=\"display: block; font-family: Arial; color: #666666; font-size: 14px; width: 105px; height: 105px;\"></a></td>\r\n                                            </tr>\r\n                                        </tbody></table>\r\n                                    </div>\r\n                                    <!--[if (gte mso 9)|(IE)]>\r\n                                    </td>\r\n                                    <td align=\"left\" valign=\"top\" width=\"385\">\r\n                                    <![endif]-->\r\n                                    <div style=\"display:inline-block; margin: 0 -2px; max-width:385px; vertical-align:top; width:100%;\">\r\n\r\n                                        <table align=\"left\" border=\"0\" cellpadding=\"0\" cellspacing=\"0\" width=\"100%\">\r\n                                            <tbody><tr>\r\n\r\n                                                <td style=\"padding: 40px 0 0 0;\" class=\"no-padding\">\r\n                                                    <!-- ARTICLE -->\r\n                                                    <table border=\"0\" cellspacing=\"0\" cellpadding=\"0\" width=\"100%\">\r\n                                                        <tbody> \r\n                                                       \r\n                                                        <tr>\r\n                                                             <td align=\"left\" style=\"padding: 10px 0 15px 25px; font-size: 16px; line-height: 24px; font-family: Helvetica, Arial, sans-serif; color: #666666;\" class=\"padding\">To change your password, Kindly click below reset Link.</td>\r\n                                                        </tr>\r\n                                                        <tr>\r\n                                                            <td style=\"padding:0 0 0 25px;\" align=\"left\" class=\"padding\">\r\n                                                                <table border=\"0\" cellspacing=\"0\" cellpadding=\"0\" class=\"mobile-button-container\">\r\n                                                                    <tbody><tr>\r\n                                                                        <td align=\"center\">\r\n                                                                            <!-- BULLETPROOF BUTTON -->\r\n                                                                            <table width=\"100%\" border=\"0\" cellspacing=\"0\" cellpadding=\"0\">\r\n                                                                                <tbody><tr>\r\n                                                                                    <td align=\"left\">\r\n                                                                                        <table border=\"0\" cellspacing=\"0\" cellpadding=\"0\" class=\"mobile-button-container\">\r\n                                                                                            <tbody><tr>\r\n                                                                                                <td align=\"center\" style=\"border-radius: 3px;\" bgcolor=\"#256F9C\"><a href=\"{user.reset_link}\" target=\"_blank\" style=\"font-size: 15px; font-family: Helvetica, Arial, sans-serif; color: #ffffff; text-decoration: none; color: #ffffff; text-decoration: none; border-radius: 3px; padding: 10px 20px; border: 1px solid #256F9C; display: inline-block;\" class=\"mobile-button\">Reset Link</a></td>\r\n                                                                                            </tr>\r\n                                                                                        </tbody></table>\r\n                                                                                    </td>\r\n                                                                                </tr>\r\n                                                                            </tbody></table>\r\n                                                                        </td>\r\n                                                                    </tr>\r\n                                                                </tbody></table>\r\n                                                            </td>\r\n                                                        </tr>\r\n\r\n                                                    </tbody></table>\r\n                                                </td>\r\n                                            </tr>\r\n                                        </tbody></table>\r\n                                    </div>\r\n                                    <!--[if (gte mso 9)|(IE)]>\r\n                                    </td>\r\n                                    </tr>\r\n                                    </table>\r\n                                    <![endif]-->\r\n                                </td>\r\n                            </tr>\r\n                        </tbody></table>\r\n                                            </td>\r\n                                        </tr>\r\n                                    </tbody></table>\r\n                                </td>\r\n                            </tr>\r\n                        </tbody></table>\r\n                    </td>\r\n                </tr>\r\n            </tbody></table>\r\n            <!--[if (gte mso 9)|(IE)]>\r\n            </td>\r\n            </tr>\r\n            </table>\r\n            <![endif]-->\r\n        </td>\r\n    </tr>\r\n    <tr>\r\n        <td bgcolor=\"#ffffff\" align=\"center\" style=\"padding: 20px 0px;\">\r\n            <!--[if (gte mso 9)|(IE)]>\r\n            <table align=\"center\" border=\"0\" cellspacing=\"0\" cellpadding=\"0\" width=\"500\">\r\n            <tr>\r\n            <td align=\"center\" valign=\"top\" width=\"500\">\r\n            <![endif]-->\r\n            <!-- UNSUBSCRIBE COPY -->\r\n            <table width=\"100%\" border=\"0\" cellspacing=\"0\" cellpadding=\"0\" align=\"center\" style=\"max-width: 500px;\" class=\"responsive-table\">\r\n                <tbody><tr>\r\n                    <td align=\"center\" style=\"font-size: 12px; line-height: 18px; font-family: Helvetica, Arial, sans-serif; color:#666666;\">\r\n                        Copyright  2016 by refund.me GmbH\r\n                         \r\n                         \r\n                    </td>\r\n                </tr>\r\n            </tbody></table>\r\n            <!--[if (gte mso 9)|(IE)]>\r\n            </td>\r\n            </tr>\r\n            </table>\r\n            <![endif]-->\r\n        </td>\r\n    </tr>\r\n</tbody></table>','feedback@refund.me','Travel Smart','','','','ACTIVE','2017-05-30 12:42:56','2017-05-30 12:42:56'),(4,1,'FLIGHT_REGISTRATION','en','Flight Registration','<title>Refund.Me</title> \r\n<meta charset=\"utf-8\">\r\n<meta name=\"viewport\" content=\"width=device-width, initial-scale=1\">\r\n<meta http-equiv=\"X-UA-Compatible\" content=\"IE=edge\">\r\n<style type=\"text/css\">\r\n    /* CLIENT-SPECIFIC STYLES */\r\n    body, table, td, a{-webkit-text-size-adjust: 100%; -ms-text-size-adjust: 100%;} /* Prevent WebKit and Windows mobile changing default text sizes */\r\n    table, td{mso-table-lspace: 0pt; mso-table-rspace: 0pt;} /* Remove spacing between tables in Outlook 2007 and up */\r\n    img{-ms-interpolation-mode: bicubic;} /* Allow smoother rendering of resized image in Internet Explorer */\r\n\r\n    /* RESET STYLES */\r\n    img{border: 0; height: auto; line-height: 100%; outline: none; text-decoration: none;}\r\n    table{border-collapse: collapse !important;}\r\n    body{height: 100% !important; margin: 0 !important; padding: 0 !important; width: 100% !important;}\r\n\r\n    /* iOS BLUE LINKS */\r\n    a[x-apple-data-detectors] {\r\n        color: inherit !important;\r\n        text-decoration: none !important;\r\n        font-size: inherit !important;\r\n        font-family: inherit !important;\r\n        font-weight: inherit !important;\r\n        line-height: inherit !important;\r\n    }\r\n\r\n    /* MOBILE STYLES */\r\n    @media screen and (max-width: 525px) {\r\n\r\n        /* ALLOWS FOR FLUID TABLES */\r\n        .wrapper {\r\n          width: 100% !important;\r\n            max-width: 100% !important;\r\n        }\r\n\r\n        /* ADJUSTS LAYOUT OF LOGO IMAGE */\r\n        .logo img {\r\n          margin: 0 auto !important;\r\n        }\r\n\r\n        /* USE THESE CLASSES TO HIDE CONTENT ON MOBILE */\r\n        .mobile-hide {\r\n          display: none !important;\r\n        }\r\n\r\n        .img-max {\r\n          max-width: 100% !important;\r\n          width: 100% !important;\r\n          height: auto !important;\r\n        }\r\n\r\n        /* FULL-WIDTH TABLES */\r\n        .responsive-table {\r\n          width: 100% !important;\r\n        }\r\n\r\n        /* UTILITY CLASSES FOR ADJUSTING PADDING ON MOBILE */\r\n        .padding {\r\n          padding: 10px 5% 15px 5% !important;\r\n        }\r\n\r\n        .padding-meta {\r\n          padding: 30px 5% 0px 5% !important;\r\n          text-align: center;\r\n        }\r\n\r\n        .padding-copy {\r\n             padding: 10px 5% 10px 5% !important;\r\n          text-align: center;\r\n        }\r\n\r\n        .no-padding {\r\n          padding: 0 !important;\r\n        }\r\n\r\n        .section-padding {\r\n          padding: 50px 15px 50px 15px !important;\r\n        }\r\n\r\n        /* ADJUST BUTTONS ON MOBILE */\r\n        .mobile-button-container {\r\n            margin: 0 auto;\r\n            width: 100% !important;\r\n        }\r\n\r\n        .mobile-button {\r\n            padding: 15px !important;\r\n            border: 0 !important;\r\n            font-size: 16px !important;\r\n            display: block !important;\r\n        }\r\n\r\n    }\r\n\r\n    /* ANDROID CENTER FIX */\r\n    div[style*=\"margin: 16px 0;\"] { margin: 0 !important; }\r\n</style>\r\n\r\n\r\n\r\n<!-- HIDDEN PREHEADER TEXT -->\r\n<div style=\"display: none; font-size: 1px; color: #fefefe; line-height: 1px; font-family: Helvetica, Arial, sans-serif; max-height: 0px; max-width: 0px; opacity: 0; overflow: hidden;\">\r\n    Entice the open with some amazing preheader text. Use a little mystery and get those subscribers to read through...\r\n</div>\r\n\r\n<!-- HEADER -->\r\n<table border=\"0\" cellpadding=\"0\" cellspacing=\"0\" width=\"100%\">\r\n    <tbody><tr>\r\n        <td bgcolor=\"#ffffff\" align=\"center\">\r\n            <!--[if (gte mso 9)|(IE)]>\r\n            <table align=\"center\" border=\"0\" cellspacing=\"0\" cellpadding=\"0\" width=\"500\">\r\n            <tr>\r\n            <td align=\"center\" valign=\"top\" width=\"500\">\r\n            <![endif]-->\r\n            <table border=\"0\" cellpadding=\"0\" cellspacing=\"0\" width=\"100%\" style=\"max-width: 500px;\" class=\"wrapper\">\r\n                <tbody><tr>\r\n                    <td align=\"center\" valign=\"top\" style=\"padding: 15px 0;\" class=\"logo\">\r\n                        <a href=\"refund.me\" target=\"_blank\">\r\n                            <img alt=\"Logo\" src=\"{ASSETS}/images/logo.png\" style=\"display: block; font-family: Helvetica, Arial, sans-serif; color: #ffffff; font-size: 16px;\" border=\"0\">\r\n                        </a>\r\n                    </td>\r\n                </tr>\r\n            </tbody></table>\r\n            <!--[if (gte mso 9)|(IE)]>\r\n            </td>\r\n            </tr>\r\n            </table>\r\n            <![endif]-->\r\n        </td>\r\n    </tr>\r\n     \r\n     \r\n    \r\n    <tr>\r\n        <td bgcolor=\"#ffffff\" align=\"center\" style=\"padding: 15px;\">\r\n            <table border=\"0\" cellpadding=\"0\" cellspacing=\"0\" width=\"500\" class=\"responsive-table\">\r\n                <tbody><tr>\r\n                    <td>\r\n                        <table width=\"100%\" border=\"0\" cellspacing=\"0\" cellpadding=\"0\">\r\n                            <tbody><tr>\r\n                                <!-- COPY -->\r\n                                <td align=\"center\" style=\"font-size: 24px; font-family: Helvetica, Arial, sans-serif; color: #333333; padding-top: 30px;\" class=\"padding-copy\"><p>Hi, {user.firstname}</p><p>Thanks for Registering the flight in TravelSmart.</p></td>\r\n                            </tr>\r\n                            \r\n                            <tr>\r\n                                <td align=\"center\">\r\n                                    <!-- BULLETPROOF BUTTON -->\r\n                                    <table width=\"100%\" border=\"0\" cellspacing=\"0\" cellpadding=\"0\">\r\n                                        <tbody><tr>\r\n                                            <td align=\"center\" style=\"padding-top: 25px;\" class=\"padding\">\r\n                                                <table align=\"center\" border=\"0\" cellpadding=\"0\" cellspacing=\"0\" width=\"100%\" style=\"max-width:500;\">\r\n                            <tbody><tr>\r\n                                <td align=\"center\" valign=\"top\" style=\"font-size:0;\">\r\n                                    <!--[if (gte mso 9)|(IE)]>\r\n                                    <table align=\"center\" border=\"0\" cellspacing=\"0\" cellpadding=\"0\" width=\"500\">\r\n                                    <tr>\r\n                                    <td align=\"left\" valign=\"top\" width=\"115\">\r\n                                    <![endif]-->\r\n                                    <div style=\"display:inline-block; margin: 0 -2px; max-width:115px; vertical-align:top; width:100%;\">\r\n\r\n                                        <table align=\"left\" border=\"0\" cellpadding=\"0\" cellspacing=\"0\" width=\"115\">\r\n                                            <tbody><tr>\r\n                                                <td valign=\"top\" style=\"padding: 40px 0 0 0;\" class=\"mobile-hide\"><a href=\"\" target=\"_blank\"><img src=\"{user.profile_image}\" alt=\"alt text here\" width=\"105\" height=\"105\" border=\"0\" style=\"display: block; font-family: Arial; color: #666666; font-size: 14px; width: 105px; height: 105px;\"></a></td>\r\n                                            </tr>\r\n                                        </tbody></table>\r\n                                    </div>\r\n                                    <!--[if (gte mso 9)|(IE)]>\r\n                                    </td>\r\n                                    <td align=\"left\" valign=\"top\" width=\"385\">\r\n                                    <![endif]-->\r\n                                    <div style=\"display:inline-block; margin: 0 -2px; max-width:385px; vertical-align:top; width:100%;\">\r\n\r\n                                        <table align=\"left\" border=\"0\" cellpadding=\"0\" cellspacing=\"0\" width=\"100%\">\r\n                                            <tbody><tr>\r\n\r\n                                                <td style=\"padding: 40px 0 0 0;\" class=\"no-padding\">\r\n                                                    <!-- ARTICLE -->\r\n                                                    <table border=\"0\" cellspacing=\"0\" cellpadding=\"0\" width=\"100%\">\r\n                                                        <tbody> \r\n                                                       \r\n                                                        <tr>\r\n                                                             <td align=\"left\" style=\"padding: 10px 0 15px 25px; font-size: 16px; line-height: 24px; font-family: Helvetica, Arial, sans-serif; color: #666666;\" class=\"padding\">To track or find the status on your flight information , Kindly click below Link.</td>\r\n                                                        </tr>\r\n                                                        <tr>\r\n                                                            <td style=\"padding:0 0 0 25px;\" align=\"left\" class=\"padding\">\r\n                                                                <table border=\"0\" cellspacing=\"0\" cellpadding=\"0\" class=\"mobile-button-container\">\r\n                                                                    <tbody><tr>\r\n                                                                        <td align=\"center\">\r\n                                                                            <!-- BULLETPROOF BUTTON -->\r\n                                                                            <table width=\"100%\" border=\"0\" cellspacing=\"0\" cellpadding=\"0\">\r\n                                                                                <tbody><tr>\r\n                                                                                    <td align=\"left\">\r\n                                                                                        <table border=\"0\" cellspacing=\"0\" cellpadding=\"0\" class=\"mobile-button-container\">\r\n                                                                                            <tbody><tr>\r\n                                                                                                <td align=\"center\" style=\"border-radius: 3px;\" bgcolor=\"#256F9C\"><a href=\"{registerlink}\" target=\"_blank\" style=\"font-size: 15px; font-family: Helvetica, Arial, sans-serif; color: #ffffff; text-decoration: none; color: #ffffff; text-decoration: none; border-radius: 3px; padding: 10px 20px; border: 1px solid #256F9C; display: inline-block;\" class=\"mobile-button\">{registerno}</a></td>\r\n                                                                                            </tr>\r\n                                                                                        </tbody></table>\r\n                                                                                    </td>\r\n                                                                                </tr>\r\n                                                                            </tbody></table>\r\n                                                                        </td>\r\n                                                                    </tr>\r\n                                                                </tbody></table>\r\n                                                            </td>\r\n                                                        </tr>\r\n\r\n                                                    </tbody></table>\r\n                                                </td>\r\n                                            </tr>\r\n                                        </tbody></table>\r\n                                    </div>\r\n                                    <!--[if (gte mso 9)|(IE)]>\r\n                                    </td>\r\n                                    </tr>\r\n                                    </table>\r\n                                    <![endif]-->\r\n                                </td>\r\n                            </tr>\r\n                        </tbody></table>\r\n                                            </td>\r\n                                        </tr>\r\n                                    </tbody></table>\r\n                                </td>\r\n                            </tr>\r\n                        </tbody></table>\r\n                    </td>\r\n                </tr>\r\n            </tbody></table>\r\n            <!--[if (gte mso 9)|(IE)]>\r\n            </td>\r\n            </tr>\r\n            </table>\r\n            <![endif]-->\r\n        </td>\r\n    </tr>\r\n    <tr>\r\n        <td bgcolor=\"#ffffff\" align=\"center\" style=\"padding: 20px 0px;\">\r\n            <!--[if (gte mso 9)|(IE)]>\r\n            <table align=\"center\" border=\"0\" cellspacing=\"0\" cellpadding=\"0\" width=\"500\">\r\n            <tr>\r\n            <td align=\"center\" valign=\"top\" width=\"500\">\r\n            <![endif]-->\r\n            <!-- UNSUBSCRIBE COPY -->\r\n            <table width=\"100%\" border=\"0\" cellspacing=\"0\" cellpadding=\"0\" align=\"center\" style=\"max-width: 500px;\" class=\"responsive-table\">\r\n                <tbody><tr>\r\n                    <td align=\"center\" style=\"font-size: 12px; line-height: 18px; font-family: Helvetica, Arial, sans-serif; color:#666666;\">\r\n                        Copyright  2016 by refund.me GmbH\r\n                         \r\n                         \r\n                    </td>\r\n                </tr>\r\n            </tbody></table>\r\n            <!--[if (gte mso 9)|(IE)]>\r\n            </td>\r\n            </tr>\r\n            </table>\r\n            <![endif]-->\r\n        </td>\r\n    </tr>\r\n</tbody></table>','feedback@refund.me','Travelsmart','','','','ACTIVE','2017-06-07 07:33:08','2017-06-07 07:33:08');
/*!40000 ALTER TABLE `email_template` ENABLE KEYS */;
UNLOCK TABLES;

--
-- Table structure for table `email_tracking`
--

DROP TABLE IF EXISTS `email_tracking`;
/*!40101 SET @saved_cs_client     = @@character_set_client */;
/*!40101 SET character_set_client = utf8 */;
CREATE TABLE `email_tracking` (
  `email_tracking_id` int(32) NOT NULL AUTO_INCREMENT,
  `email_tracking_sub_id` int(124) NOT NULL,
  `email_type` varchar(32) NOT NULL,
  `subject` varchar(32) NOT NULL,
  `message` text NOT NULL,
  `from_address` varchar(124) NOT NULL,
  `to_address` varchar(124) NOT NULL,
  `bcc_address` varchar(124) NOT NULL,
  `error_message` text NOT NULL,
  `attachments` longtext NOT NULL,
  `status` enum('FAILURE','SENT') NOT NULL,
  `created_timestamp` timestamp NOT NULL DEFAULT CURRENT_TIMESTAMP,
  PRIMARY KEY (`email_tracking_id`),
  KEY `email_tracking_sub_id` (`email_tracking_sub_id`)
) ENGINE=InnoDB AUTO_INCREMENT=5 DEFAULT CHARSET=utf8;
/*!40101 SET character_set_client = @saved_cs_client */;

--
-- Dumping data for table `email_tracking`
--

LOCK TABLES `email_tracking` WRITE;
/*!40000 ALTER TABLE `email_tracking` DISABLE KEYS */;
INSERT INTO `email_tracking` VALUES (1,0,'SEND_PASSWORD_TO_USER','User Registration','<title>Refund.Me</title> \r\n<meta charset=\"utf-8\">\r\n<meta name=\"viewport\" content=\"width=device-width, initial-scale=1\">\r\n<meta http-equiv=\"X-UA-Compatible\" content=\"IE=edge\">\r\n<style type=\"text/css\">\r\n    /* CLIENT-SPECIFIC STYLES */\r\n    body, table, td, a{-webkit-text-size-adjust: 100%; -ms-text-size-adjust: 100%;} /* Prevent WebKit and Windows mobile changing default text sizes */\r\n    table, td{mso-table-lspace: 0pt; mso-table-rspace: 0pt;} /* Remove spacing between tables in Outlook 2007 and up */\r\n    img{-ms-interpolation-mode: bicubic;} /* Allow smoother rendering of resized image in Internet Explorer */\r\n\r\n    /* RESET STYLES */\r\n    img{border: 0; height: auto; line-height: 100%; outline: none; text-decoration: none;}\r\n    table{border-collapse: collapse !important;}\r\n    body{height: 100% !important; margin: 0 !important; padding: 0 !important; width: 100% !important;}\r\n\r\n    /* iOS BLUE LINKS */\r\n    a[x-apple-data-detectors] {\r\n        color: inherit !important;\r\n        text-decoration: none !important;\r\n        font-size: inherit !important;\r\n        font-family: inherit !important;\r\n        font-weight: inherit !important;\r\n        line-height: inherit !important;\r\n    }\r\n\r\n    /* MOBILE STYLES */\r\n    @media screen and (max-width: 525px) {\r\n\r\n        /* ALLOWS FOR FLUID TABLES */\r\n        .wrapper {\r\n          width: 100% !important;\r\n            max-width: 100% !important;\r\n        }\r\n\r\n        /* ADJUSTS LAYOUT OF LOGO IMAGE */\r\n        .logo img {\r\n          margin: 0 auto !important;\r\n        }\r\n\r\n        /* USE THESE CLASSES TO HIDE CONTENT ON MOBILE */\r\n        .mobile-hide {\r\n          display: none !important;\r\n        }\r\n\r\n        .img-max {\r\n          max-width: 100% !important;\r\n          width: 100% !important;\r\n          height: auto !important;\r\n        }\r\n\r\n        /* FULL-WIDTH TABLES */\r\n        .responsive-table {\r\n          width: 100% !important;\r\n        }\r\n\r\n        /* UTILITY CLASSES FOR ADJUSTING PADDING ON MOBILE */\r\n        .padding {\r\n          padding: 10px 5% 15px 5% !important;\r\n        }\r\n\r\n        .padding-meta {\r\n          padding: 30px 5% 0px 5% !important;\r\n          text-align: center;\r\n        }\r\n\r\n        .padding-copy {\r\n             padding: 10px 5% 10px 5% !important;\r\n          text-align: center;\r\n        }\r\n\r\n        .no-padding {\r\n          padding: 0 !important;\r\n        }\r\n\r\n        .section-padding {\r\n          padding: 50px 15px 50px 15px !important;\r\n        }\r\n\r\n        /* ADJUST BUTTONS ON MOBILE */\r\n        .mobile-button-container {\r\n            margin: 0 auto;\r\n            width: 100% !important;\r\n        }\r\n\r\n        .mobile-button {\r\n            padding: 15px !important;\r\n            border: 0 !important;\r\n            font-size: 16px !important;\r\n            display: block !important;\r\n        }\r\n\r\n    }\r\n\r\n    /* ANDROID CENTER FIX */\r\n    div[style*=\"margin: 16px 0;\"] { margin: 0 !important; }\r\n</style>\r\n\r\n\r\n\r\n<!-- HIDDEN PREHEADER TEXT -->\r\n<div style=\"display: none; font-size: 1px; color: #fefefe; line-height: 1px; font-family: Helvetica, Arial, sans-serif; max-height: 0px; max-width: 0px; opacity: 0; overflow: hidden;\">\r\n    Entice the open with some amazing preheader text. Use a little mystery and get those subscribers to read through...\r\n</div>\r\n\r\n<!-- HEADER -->\r\n<table border=\"0\" cellpadding=\"0\" cellspacing=\"0\" width=\"100%\">\r\n    <tbody><tr>\r\n        <td bgcolor=\"#ffffff\" align=\"center\">\r\n            <!--[if (gte mso 9)|(IE)]>\r\n            <table align=\"center\" border=\"0\" cellspacing=\"0\" cellpadding=\"0\" width=\"500\">\r\n            <tr>\r\n            <td align=\"center\" valign=\"top\" width=\"500\">\r\n            <![endif]-->\r\n            <table border=\"0\" cellpadding=\"0\" cellspacing=\"0\" width=\"100%\" style=\"max-width: 500px;\" class=\"wrapper\">\r\n                <tbody><tr>\r\n                    <td align=\"center\" valign=\"top\" style=\"padding: 15px 0;\" class=\"logo\">\r\n                        <a href=\"refund.me\" target=\"_blank\">\r\n                            <img alt=\"Logo\" src=\"https://www.refund.me/wp-content/uploads/2015/08/refundme-Logo-2015R-02_313x67.png\" style=\"display: block; font-family: Helvetica, Arial, sans-serif; color: #ffffff; font-size: 16px;\" border=\"0\">\r\n                        </a>\r\n                    </td>\r\n                </tr>\r\n            </tbody></table>\r\n            <!--[if (gte mso 9)|(IE)]>\r\n            </td>\r\n            </tr>\r\n            </table>\r\n            <![endif]-->\r\n        </td>\r\n    </tr>\r\n     \r\n     \r\n    \r\n    <tr>\r\n        <td bgcolor=\"#ffffff\" align=\"center\" style=\"padding: 15px;\">\r\n            <table border=\"0\" cellpadding=\"0\" cellspacing=\"0\" width=\"500\" class=\"responsive-table\">\r\n                <tbody><tr>\r\n                    <td>\r\n                        <table width=\"100%\" border=\"0\" cellspacing=\"0\" cellpadding=\"0\">\r\n                            <tbody><tr>\r\n                                <!-- COPY -->\r\n                                <td align=\"center\" style=\"font-size: 24px; font-family: Helvetica, Arial, sans-serif; color: #333333; padding-top: 30px;\" class=\"padding-copy\"><p>Hi, Ruby</p><p>Thanks for Registering TravelSmart.</p></td>\r\n                            </tr>\r\n                            \r\n                            <tr>\r\n                                <td align=\"center\">\r\n                                    <!-- BULLETPROOF BUTTON -->\r\n                                    <table width=\"100%\" border=\"0\" cellspacing=\"0\" cellpadding=\"0\">\r\n                                        <tbody><tr>\r\n                                            <td align=\"center\" style=\"padding-top: 25px;\" class=\"padding\">\r\n                                                <table align=\"center\" border=\"0\" cellpadding=\"0\" cellspacing=\"0\" width=\"100%\" style=\"max-width:500;\">\r\n                            <tbody><tr>\r\n                                <td align=\"center\" valign=\"top\" style=\"font-size:0;\">\r\n                                    <!--[if (gte mso 9)|(IE)]>\r\n                                    <table align=\"center\" border=\"0\" cellspacing=\"0\" cellpadding=\"0\" width=\"500\">\r\n                                    <tr>\r\n                                    <td align=\"left\" valign=\"top\" width=\"115\">\r\n                                    <![endif]-->\r\n                                    <div style=\"display:inline-block; margin: 0 -2px; max-width:115px; vertical-align:top; width:100%;\">\r\n\r\n                                        <table align=\"left\" border=\"0\" cellpadding=\"0\" cellspacing=\"0\" width=\"115\">\r\n                                            <tbody><tr>\r\n                                                <td valign=\"top\" style=\"padding: 40px 0 0 0;\" class=\"mobile-hide\"><a href=\" ]\" target=\"_blank\"><img src=\"http://localhost/travelsmart/admin/data-file/user/profile_pic_D1705291143331496051013.jpg\" alt=\"alt text here\" width=\"105\" height=\"105\" border=\"0\" style=\"display: block; font-family: Arial; color: #666666; font-size: 14px; width: 105px; height: 105px;\"></a></td>\r\n                                            </tr>\r\n                                        </tbody></table>\r\n                                    </div>\r\n                                    <!--[if (gte mso 9)|(IE)]>\r\n                                    </td>\r\n                                    <td align=\"left\" valign=\"top\" width=\"385\">\r\n                                    <![endif]-->\r\n                                    <div style=\"display:inline-block; margin: 0 -2px; max-width:385px; vertical-align:top; width:100%;\">\r\n\r\n                                        <table align=\"left\" border=\"0\" cellpadding=\"0\" cellspacing=\"0\" width=\"100%\">\r\n                                            <tbody><tr>\r\n\r\n                                                <td style=\"padding: 40px 0 0 0;\" class=\"no-padding\">\r\n                                                    <!-- ARTICLE -->\r\n                                                    <table border=\"0\" cellspacing=\"0\" cellpadding=\"0\" width=\"100%\">\r\n                                                        <tbody> \r\n                                                       \r\n                                                        <tr>\r\n                                                             <td align=\"left\" style=\"padding: 10px 0 15px 25px; font-size: 16px; line-height: 24px; font-family: Helvetica, Arial, sans-serif; color: #666666;\" class=\"padding\">Your Password is given below. To Login <a href=\"http://localhost/travelsmart/login\">click here.</a> </td>\r\n                                                        </tr>\r\n                                                        <tr>\r\n                                                            <td style=\"padding:0 0 0 25px;\" align=\"left\" class=\"padding\">\r\n                                                                <table border=\"0\" cellspacing=\"0\" cellpadding=\"0\" class=\"mobile-button-container\">\r\n                                                                    <tbody><tr>\r\n                                                                        <td align=\"center\">\r\n                                                                            <!-- BULLETPROOF BUTTON -->\r\n                                                                            <table width=\"100%\" border=\"0\" cellspacing=\"0\" cellpadding=\"0\">\r\n                                                                                <tbody><tr>\r\n                                                                                    <td align=\"left\">\r\n                                                                                        <table border=\"0\" cellspacing=\"0\" cellpadding=\"0\" class=\"mobile-button-container\">\r\n                                                                                            <tbody><tr>\r\n                                                                                                <td align=\"center\" style=\"border-radius: 3px;\" bgcolor=\"#256F9C\"><a href=\" \" target=\"_blank\" style=\"font-size: 15px; font-family: Helvetica, Arial, sans-serif; color: #ffffff; text-decoration: none; color: #ffffff; text-decoration: none; border-radius: 3px; padding: 10px 20px; border: 1px solid #256F9C; display: inline-block;\" class=\"mobile-button\">12345</a></td>\r\n                                                                                            </tr>\r\n                                                                                        </tbody></table>\r\n                                                                                    </td>\r\n                                                                                </tr>\r\n                                                                            </tbody></table>\r\n                                                                        </td>\r\n                                                                    </tr>\r\n                                                                </tbody></table>\r\n                                                            </td>\r\n                                                        </tr>\r\n\r\n                                                    </tbody></table>\r\n                                                </td>\r\n                                            </tr>\r\n                                        </tbody></table>\r\n                                    </div>\r\n                                    <!--[if (gte mso 9)|(IE)]>\r\n                                    </td>\r\n                                    </tr>\r\n                                    </table>\r\n                                    <![endif]-->\r\n                                </td>\r\n                            </tr>\r\n                        </tbody></table>\r\n                                            </td>\r\n                                        </tr>\r\n                                    </tbody></table>\r\n                                </td>\r\n                            </tr>\r\n                        </tbody></table>\r\n                    </td>\r\n                </tr>\r\n            </tbody></table>\r\n            <!--[if (gte mso 9)|(IE)]>\r\n            </td>\r\n            </tr>\r\n            </table>\r\n            <![endif]-->\r\n        </td>\r\n    </tr>\r\n    <tr>\r\n        <td bgcolor=\"#ffffff\" align=\"center\" style=\"padding: 20px 0px;\">\r\n            <!--[if (gte mso 9)|(IE)]>\r\n            <table align=\"center\" border=\"0\" cellspacing=\"0\" cellpadding=\"0\" width=\"500\">\r\n            <tr>\r\n            <td align=\"center\" valign=\"top\" width=\"500\">\r\n            <![endif]-->\r\n            <!-- UNSUBSCRIBE COPY -->\r\n            <table width=\"100%\" border=\"0\" cellspacing=\"0\" cellpadding=\"0\" align=\"center\" style=\"max-width: 500px;\" class=\"responsive-table\">\r\n                <tbody><tr>\r\n                    <td align=\"center\" style=\"font-size: 12px; line-height: 18px; font-family: Helvetica, Arial, sans-serif; color:#666666;\">\r\n                        Copyright  2016 by refund.me GmbH\r\n                        <br>\r\n                        <a href=\" \" target=\"_blank\" style=\"color: #666666; text-decoration: none;\">Unsubscribe</a>\r\n                        <span style=\"font-family: Arial, sans-serif; font-size: 12px; color: #444444;\">&nbsp;&nbsp;|&nbsp;&nbsp;</span>\r\n                        <a href=\" \" target=\"_blank\" style=\"color: #666666; text-decoration: none;\">View this email in your browser</a>\r\n                    </td>\r\n                </tr>\r\n            </tbody></table>\r\n            <!--[if (gte mso 9)|(IE)]>\r\n            </td>\r\n            </tr>\r\n            </table>\r\n            <![endif]-->\r\n        </td>\r\n    </tr>\r\n</tbody></table>','feedback@refund.me','ruby@refundme.in','','','','SENT','2017-05-29 09:43:35'),(2,0,'SEND_MESSAGE_TO_USERS','','','','ruby.refundme16@gmail.com','','','','SENT','2017-05-29 13:03:00'),(3,0,'SEND_PASSWORD_TO_USER','User Registration','<title>Refund.Me</title> \r\n<meta charset=\"utf-8\">\r\n<meta name=\"viewport\" content=\"width=device-width, initial-scale=1\">\r\n<meta http-equiv=\"X-UA-Compatible\" content=\"IE=edge\">\r\n<style type=\"text/css\">\r\n    /* CLIENT-SPECIFIC STYLES */\r\n    body, table, td, a{-webkit-text-size-adjust: 100%; -ms-text-size-adjust: 100%;} /* Prevent WebKit and Windows mobile changing default text sizes */\r\n    table, td{mso-table-lspace: 0pt; mso-table-rspace: 0pt;} /* Remove spacing between tables in Outlook 2007 and up */\r\n    img{-ms-interpolation-mode: bicubic;} /* Allow smoother rendering of resized image in Internet Explorer */\r\n\r\n    /* RESET STYLES */\r\n    img{border: 0; height: auto; line-height: 100%; outline: none; text-decoration: none;}\r\n    table{border-collapse: collapse !important;}\r\n    body{height: 100% !important; margin: 0 !important; padding: 0 !important; width: 100% !important;}\r\n\r\n    /* iOS BLUE LINKS */\r\n    a[x-apple-data-detectors] {\r\n        color: inherit !important;\r\n        text-decoration: none !important;\r\n        font-size: inherit !important;\r\n        font-family: inherit !important;\r\n        font-weight: inherit !important;\r\n        line-height: inherit !important;\r\n    }\r\n\r\n    /* MOBILE STYLES */\r\n    @media screen and (max-width: 525px) {\r\n\r\n        /* ALLOWS FOR FLUID TABLES */\r\n        .wrapper {\r\n          width: 100% !important;\r\n            max-width: 100% !important;\r\n        }\r\n\r\n        /* ADJUSTS LAYOUT OF LOGO IMAGE */\r\n        .logo img {\r\n          margin: 0 auto !important;\r\n        }\r\n\r\n        /* USE THESE CLASSES TO HIDE CONTENT ON MOBILE */\r\n        .mobile-hide {\r\n          display: none !important;\r\n        }\r\n\r\n        .img-max {\r\n          max-width: 100% !important;\r\n          width: 100% !important;\r\n          height: auto !important;\r\n        }\r\n\r\n        /* FULL-WIDTH TABLES */\r\n        .responsive-table {\r\n          width: 100% !important;\r\n        }\r\n\r\n        /* UTILITY CLASSES FOR ADJUSTING PADDING ON MOBILE */\r\n        .padding {\r\n          padding: 10px 5% 15px 5% !important;\r\n        }\r\n\r\n        .padding-meta {\r\n          padding: 30px 5% 0px 5% !important;\r\n          text-align: center;\r\n        }\r\n\r\n        .padding-copy {\r\n             padding: 10px 5% 10px 5% !important;\r\n          text-align: center;\r\n        }\r\n\r\n        .no-padding {\r\n          padding: 0 !important;\r\n        }\r\n\r\n        .section-padding {\r\n          padding: 50px 15px 50px 15px !important;\r\n        }\r\n\r\n        /* ADJUST BUTTONS ON MOBILE */\r\n        .mobile-button-container {\r\n            margin: 0 auto;\r\n            width: 100% !important;\r\n        }\r\n\r\n        .mobile-button {\r\n            padding: 15px !important;\r\n            border: 0 !important;\r\n            font-size: 16px !important;\r\n            display: block !important;\r\n        }\r\n\r\n    }\r\n\r\n    /* ANDROID CENTER FIX */\r\n    div[style*=\"margin: 16px 0;\"] { margin: 0 !important; }\r\n</style>\r\n\r\n\r\n\r\n<!-- HIDDEN PREHEADER TEXT -->\r\n<div style=\"display: none; font-size: 1px; color: #fefefe; line-height: 1px; font-family: Helvetica, Arial, sans-serif; max-height: 0px; max-width: 0px; opacity: 0; overflow: hidden;\">\r\n    Entice the open with some amazing preheader text. Use a little mystery and get those subscribers to read through...\r\n</div>\r\n\r\n<!-- HEADER -->\r\n<table border=\"0\" cellpadding=\"0\" cellspacing=\"0\" width=\"100%\">\r\n    <tbody><tr>\r\n        <td bgcolor=\"#ffffff\" align=\"center\">\r\n            <!--[if (gte mso 9)|(IE)]>\r\n            <table align=\"center\" border=\"0\" cellspacing=\"0\" cellpadding=\"0\" width=\"500\">\r\n            <tr>\r\n            <td align=\"center\" valign=\"top\" width=\"500\">\r\n            <![endif]-->\r\n            <table border=\"0\" cellpadding=\"0\" cellspacing=\"0\" width=\"100%\" style=\"max-width: 500px;\" class=\"wrapper\">\r\n                <tbody><tr>\r\n                    <td align=\"center\" valign=\"top\" style=\"padding: 15px 0;\" class=\"logo\">\r\n                        <a href=\"refund.me\" target=\"_blank\">\r\n                            <img alt=\"Logo\" src=\"{ASSETS}/images/logo.png\" style=\"display: block; font-family: Helvetica, Arial, sans-serif; color: #ffffff; font-size: 16px;\" border=\"0\">\r\n                        </a>\r\n                    </td>\r\n                </tr>\r\n            </tbody></table>\r\n            <!--[if (gte mso 9)|(IE)]>\r\n            </td>\r\n            </tr>\r\n            </table>\r\n            <![endif]-->\r\n        </td>\r\n    </tr>\r\n     \r\n     \r\n    \r\n    <tr>\r\n        <td bgcolor=\"#ffffff\" align=\"center\" style=\"padding: 15px;\">\r\n            <table border=\"0\" cellpadding=\"0\" cellspacing=\"0\" width=\"500\" class=\"responsive-table\">\r\n                <tbody><tr>\r\n                    <td>\r\n                        <table width=\"100%\" border=\"0\" cellspacing=\"0\" cellpadding=\"0\">\r\n                            <tbody><tr>\r\n                                <!-- COPY -->\r\n                                <td align=\"center\" style=\"font-size: 24px; font-family: Helvetica, Arial, sans-serif; color: #333333; padding-top: 30px;\" class=\"padding-copy\"><p>Hi, Ruby</p><p>Thanks for Registering TravelSmart.</p></td>\r\n                            </tr>\r\n                            \r\n                            <tr>\r\n                                <td align=\"center\">\r\n                                    <!-- BULLETPROOF BUTTON -->\r\n                                    <table width=\"100%\" border=\"0\" cellspacing=\"0\" cellpadding=\"0\">\r\n                                        <tbody><tr>\r\n                                            <td align=\"center\" style=\"padding-top: 25px;\" class=\"padding\">\r\n                                                <table align=\"center\" border=\"0\" cellpadding=\"0\" cellspacing=\"0\" width=\"100%\" style=\"max-width:500;\">\r\n                            <tbody><tr>\r\n                                <td align=\"center\" valign=\"top\" style=\"font-size:0;\">\r\n                                    <!--[if (gte mso 9)|(IE)]>\r\n                                    <table align=\"center\" border=\"0\" cellspacing=\"0\" cellpadding=\"0\" width=\"500\">\r\n                                    <tr>\r\n                                    <td align=\"left\" valign=\"top\" width=\"115\">\r\n                                    <![endif]-->\r\n                                    <div style=\"display:inline-block; margin: 0 -2px; max-width:115px; vertical-align:top; width:100%;\">\r\n\r\n                                        <table align=\"left\" border=\"0\" cellpadding=\"0\" cellspacing=\"0\" width=\"115\">\r\n                                            <tbody><tr>\r\n                                                <td valign=\"top\" style=\"padding: 40px 0 0 0;\" class=\"mobile-hide\"><a href=\" ]\" target=\"_blank\"><img src=\"http://localhost/travelsmart/data-file/user/profile_pic_D1705310828271496212107.jpg\" alt=\"alt text here\" width=\"105\" height=\"105\" border=\"0\" style=\"display: block; font-family: Arial; color: #666666; font-size: 14px; width: 105px; height: 105px;\"></a></td>\r\n                                            </tr>\r\n                                        </tbody></table>\r\n                                    </div>\r\n                                    <!--[if (gte mso 9)|(IE)]>\r\n                                    </td>\r\n                                    <td align=\"left\" valign=\"top\" width=\"385\">\r\n                                    <![endif]-->\r\n                                    <div style=\"display:inline-block; margin: 0 -2px; max-width:385px; vertical-align:top; width:100%;\">\r\n\r\n                                        <table align=\"left\" border=\"0\" cellpadding=\"0\" cellspacing=\"0\" width=\"100%\">\r\n                                            <tbody><tr>\r\n\r\n                                                <td style=\"padding: 40px 0 0 0;\" class=\"no-padding\">\r\n                                                    <!-- ARTICLE -->\r\n                                                    <table border=\"0\" cellspacing=\"0\" cellpadding=\"0\" width=\"100%\">\r\n                                                        <tbody> \r\n                                                       \r\n                                                        <tr>\r\n                                                             <td align=\"left\" style=\"padding: 10px 0 15px 25px; font-size: 16px; line-height: 24px; font-family: Helvetica, Arial, sans-serif; color: #666666;\" class=\"padding\">Your Password is given below. To Login <a href=\"http://localhost/travelsmart/login\">click here.</a> </td>\r\n                                                        </tr>\r\n                                                        <tr>\r\n                                                            <td style=\"padding:0 0 0 25px;\" align=\"left\" class=\"padding\">\r\n                                                                <table border=\"0\" cellspacing=\"0\" cellpadding=\"0\" class=\"mobile-button-container\">\r\n                                                                    <tbody><tr>\r\n                                                                        <td align=\"center\">\r\n                                                                            <!-- BULLETPROOF BUTTON -->\r\n                                                                            <table width=\"100%\" border=\"0\" cellspacing=\"0\" cellpadding=\"0\">\r\n                                                                                <tbody><tr>\r\n                                                                                    <td align=\"left\">\r\n                                                                                        <table border=\"0\" cellspacing=\"0\" cellpadding=\"0\" class=\"mobile-button-container\">\r\n                                                                                            <tbody><tr>\r\n                                                                                                <td align=\"center\" style=\"border-radius: 3px;\" bgcolor=\"#256F9C\"><a href=\" \" target=\"_blank\" style=\"font-size: 15px; font-family: Helvetica, Arial, sans-serif; color: #ffffff; text-decoration: none; color: #ffffff; text-decoration: none; border-radius: 3px; padding: 10px 20px; border: 1px solid #256F9C; display: inline-block;\" class=\"mobile-button\">12345</a></td>\r\n                                                                                            </tr>\r\n                                                                                        </tbody></table>\r\n                                                                                    </td>\r\n                                                                                </tr>\r\n                                                                            </tbody></table>\r\n                                                                        </td>\r\n                                                                    </tr>\r\n                                                                </tbody></table>\r\n                                                            </td>\r\n                                                        </tr>\r\n\r\n                                                    </tbody></table>\r\n                                                </td>\r\n                                            </tr>\r\n                                        </tbody></table>\r\n                                    </div>\r\n                                    <!--[if (gte mso 9)|(IE)]>\r\n                                    </td>\r\n                                    </tr>\r\n                                    </table>\r\n                                    <![endif]-->\r\n                                </td>\r\n                            </tr>\r\n                        </tbody></table>\r\n                                            </td>\r\n                                        </tr>\r\n                                    </tbody></table>\r\n                                </td>\r\n                            </tr>\r\n                        </tbody></table>\r\n                    </td>\r\n                </tr>\r\n            </tbody></table>\r\n            <!--[if (gte mso 9)|(IE)]>\r\n            </td>\r\n            </tr>\r\n            </table>\r\n            <![endif]-->\r\n        </td>\r\n    </tr>\r\n    <tr>\r\n        <td bgcolor=\"#ffffff\" align=\"center\" style=\"padding: 20px 0px;\">\r\n            <!--[if (gte mso 9)|(IE)]>\r\n            <table align=\"center\" border=\"0\" cellspacing=\"0\" cellpadding=\"0\" width=\"500\">\r\n            <tr>\r\n            <td align=\"center\" valign=\"top\" width=\"500\">\r\n            <![endif]-->\r\n            <!-- UNSUBSCRIBE COPY -->\r\n            <table width=\"100%\" border=\"0\" cellspacing=\"0\" cellpadding=\"0\" align=\"center\" style=\"max-width: 500px;\" class=\"responsive-table\">\r\n                <tbody><tr>\r\n                    <td align=\"center\" style=\"font-size: 12px; line-height: 18px; font-family: Helvetica, Arial, sans-serif; color:#666666;\">\r\n                        Copyright  2016 by refund.me GmbH\r\n                         \r\n                         \r\n                    </td>\r\n                </tr>\r\n            </tbody></table>\r\n            <!--[if (gte mso 9)|(IE)]>\r\n            </td>\r\n            </tr>\r\n            </table>\r\n            <![endif]-->\r\n        </td>\r\n    </tr>\r\n</tbody></table>','feedback@refund.me','ruby@refundme.in','','','','SENT','2017-05-31 06:28:29'),(4,0,'SEND_PASSWORD_TO_USER','User Registration','<title>Refund.Me</title> \r\n<meta charset=\"utf-8\">\r\n<meta name=\"viewport\" content=\"width=device-width, initial-scale=1\">\r\n<meta http-equiv=\"X-UA-Compatible\" content=\"IE=edge\">\r\n<style type=\"text/css\">\r\n    /* CLIENT-SPECIFIC STYLES */\r\n    body, table, td, a{-webkit-text-size-adjust: 100%; -ms-text-size-adjust: 100%;} /* Prevent WebKit and Windows mobile changing default text sizes */\r\n    table, td{mso-table-lspace: 0pt; mso-table-rspace: 0pt;} /* Remove spacing between tables in Outlook 2007 and up */\r\n    img{-ms-interpolation-mode: bicubic;} /* Allow smoother rendering of resized image in Internet Explorer */\r\n\r\n    /* RESET STYLES */\r\n    img{border: 0; height: auto; line-height: 100%; outline: none; text-decoration: none;}\r\n    table{border-collapse: collapse !important;}\r\n    body{height: 100% !important; margin: 0 !important; padding: 0 !important; width: 100% !important;}\r\n\r\n    /* iOS BLUE LINKS */\r\n    a[x-apple-data-detectors] {\r\n        color: inherit !important;\r\n        text-decoration: none !important;\r\n        font-size: inherit !important;\r\n        font-family: inherit !important;\r\n        font-weight: inherit !important;\r\n        line-height: inherit !important;\r\n    }\r\n\r\n    /* MOBILE STYLES */\r\n    @media screen and (max-width: 525px) {\r\n\r\n        /* ALLOWS FOR FLUID TABLES */\r\n        .wrapper {\r\n          width: 100% !important;\r\n            max-width: 100% !important;\r\n        }\r\n\r\n        /* ADJUSTS LAYOUT OF LOGO IMAGE */\r\n        .logo img {\r\n          margin: 0 auto !important;\r\n        }\r\n\r\n        /* USE THESE CLASSES TO HIDE CONTENT ON MOBILE */\r\n        .mobile-hide {\r\n          display: none !important;\r\n        }\r\n\r\n        .img-max {\r\n          max-width: 100% !important;\r\n          width: 100% !important;\r\n          height: auto !important;\r\n        }\r\n\r\n        /* FULL-WIDTH TABLES */\r\n        .responsive-table {\r\n          width: 100% !important;\r\n        }\r\n\r\n        /* UTILITY CLASSES FOR ADJUSTING PADDING ON MOBILE */\r\n        .padding {\r\n          padding: 10px 5% 15px 5% !important;\r\n        }\r\n\r\n        .padding-meta {\r\n          padding: 30px 5% 0px 5% !important;\r\n          text-align: center;\r\n        }\r\n\r\n        .padding-copy {\r\n             padding: 10px 5% 10px 5% !important;\r\n          text-align: center;\r\n        }\r\n\r\n        .no-padding {\r\n          padding: 0 !important;\r\n        }\r\n\r\n        .section-padding {\r\n          padding: 50px 15px 50px 15px !important;\r\n        }\r\n\r\n        /* ADJUST BUTTONS ON MOBILE */\r\n        .mobile-button-container {\r\n            margin: 0 auto;\r\n            width: 100% !important;\r\n        }\r\n\r\n        .mobile-button {\r\n            padding: 15px !important;\r\n            border: 0 !important;\r\n            font-size: 16px !important;\r\n            display: block !important;\r\n        }\r\n\r\n    }\r\n\r\n    /* ANDROID CENTER FIX */\r\n    div[style*=\"margin: 16px 0;\"] { margin: 0 !important; }\r\n</style>\r\n\r\n\r\n\r\n<!-- HIDDEN PREHEADER TEXT -->\r\n<div style=\"display: none; font-size: 1px; color: #fefefe; line-height: 1px; font-family: Helvetica, Arial, sans-serif; max-height: 0px; max-width: 0px; opacity: 0; overflow: hidden;\">\r\n    Entice the open with some amazing preheader text. Use a little mystery and get those subscribers to read through...\r\n</div>\r\n\r\n<!-- HEADER -->\r\n<table border=\"0\" cellpadding=\"0\" cellspacing=\"0\" width=\"100%\">\r\n    <tbody><tr>\r\n        <td bgcolor=\"#ffffff\" align=\"center\">\r\n            <!--[if (gte mso 9)|(IE)]>\r\n            <table align=\"center\" border=\"0\" cellspacing=\"0\" cellpadding=\"0\" width=\"500\">\r\n            <tr>\r\n            <td align=\"center\" valign=\"top\" width=\"500\">\r\n            <![endif]-->\r\n            <table border=\"0\" cellpadding=\"0\" cellspacing=\"0\" width=\"100%\" style=\"max-width: 500px;\" class=\"wrapper\">\r\n                <tbody><tr>\r\n                    <td align=\"center\" valign=\"top\" style=\"padding: 15px 0;\" class=\"logo\">\r\n                        <a href=\"refund.me\" target=\"_blank\">\r\n                            <img alt=\"Logo\" src=\"{ASSETS}/images/logo.png\" style=\"display: block; font-family: Helvetica, Arial, sans-serif; color: #ffffff; font-size: 16px;\" border=\"0\">\r\n                        </a>\r\n                    </td>\r\n                </tr>\r\n            </tbody></table>\r\n            <!--[if (gte mso 9)|(IE)]>\r\n            </td>\r\n            </tr>\r\n            </table>\r\n            <![endif]-->\r\n        </td>\r\n    </tr>\r\n     \r\n     \r\n    \r\n    <tr>\r\n        <td bgcolor=\"#ffffff\" align=\"center\" style=\"padding: 15px;\">\r\n            <table border=\"0\" cellpadding=\"0\" cellspacing=\"0\" width=\"500\" class=\"responsive-table\">\r\n                <tbody><tr>\r\n                    <td>\r\n                        <table width=\"100%\" border=\"0\" cellspacing=\"0\" cellpadding=\"0\">\r\n                            <tbody><tr>\r\n                                <!-- COPY -->\r\n                                <td align=\"center\" style=\"font-size: 24px; font-family: Helvetica, Arial, sans-serif; color: #333333; padding-top: 30px;\" class=\"padding-copy\"><p>Hi, Ruby</p><p>Thanks for Registering TravelSmart.</p></td>\r\n                            </tr>\r\n                            \r\n                            <tr>\r\n                                <td align=\"center\">\r\n                                    <!-- BULLETPROOF BUTTON -->\r\n                                    <table width=\"100%\" border=\"0\" cellspacing=\"0\" cellpadding=\"0\">\r\n                                        <tbody><tr>\r\n                                            <td align=\"center\" style=\"padding-top: 25px;\" class=\"padding\">\r\n                                                <table align=\"center\" border=\"0\" cellpadding=\"0\" cellspacing=\"0\" width=\"100%\" style=\"max-width:500;\">\r\n                            <tbody><tr>\r\n                                <td align=\"center\" valign=\"top\" style=\"font-size:0;\">\r\n                                    <!--[if (gte mso 9)|(IE)]>\r\n                                    <table align=\"center\" border=\"0\" cellspacing=\"0\" cellpadding=\"0\" width=\"500\">\r\n                                    <tr>\r\n                                    <td align=\"left\" valign=\"top\" width=\"115\">\r\n                                    <![endif]-->\r\n                                    <div style=\"display:inline-block; margin: 0 -2px; max-width:115px; vertical-align:top; width:100%;\">\r\n\r\n                                        <table align=\"left\" border=\"0\" cellpadding=\"0\" cellspacing=\"0\" width=\"115\">\r\n                                            <tbody><tr>\r\n                                                <td valign=\"top\" style=\"padding: 40px 0 0 0;\" class=\"mobile-hide\"><a href=\" ]\" target=\"_blank\"><img src=\"http://localhost/travelsmart/data-file/user/profile_pic_D1705310830421496212242.jpg\" alt=\"alt text here\" width=\"105\" height=\"105\" border=\"0\" style=\"display: block; font-family: Arial; color: #666666; font-size: 14px; width: 105px; height: 105px;\"></a></td>\r\n                                            </tr>\r\n                                        </tbody></table>\r\n                                    </div>\r\n                                    <!--[if (gte mso 9)|(IE)]>\r\n                                    </td>\r\n                                    <td align=\"left\" valign=\"top\" width=\"385\">\r\n                                    <![endif]-->\r\n                                    <div style=\"display:inline-block; margin: 0 -2px; max-width:385px; vertical-align:top; width:100%;\">\r\n\r\n                                        <table align=\"left\" border=\"0\" cellpadding=\"0\" cellspacing=\"0\" width=\"100%\">\r\n                                            <tbody><tr>\r\n\r\n                                                <td style=\"padding: 40px 0 0 0;\" class=\"no-padding\">\r\n                                                    <!-- ARTICLE -->\r\n                                                    <table border=\"0\" cellspacing=\"0\" cellpadding=\"0\" width=\"100%\">\r\n                                                        <tbody> \r\n                                                       \r\n                                                        <tr>\r\n                                                             <td align=\"left\" style=\"padding: 10px 0 15px 25px; font-size: 16px; line-height: 24px; font-family: Helvetica, Arial, sans-serif; color: #666666;\" class=\"padding\">Your Password is given below. To Login <a href=\"http://localhost/travelsmart/login\">click here.</a> </td>\r\n                                                        </tr>\r\n                                                        <tr>\r\n                                                            <td style=\"padding:0 0 0 25px;\" align=\"left\" class=\"padding\">\r\n                                                                <table border=\"0\" cellspacing=\"0\" cellpadding=\"0\" class=\"mobile-button-container\">\r\n                                                                    <tbody><tr>\r\n                                                                        <td align=\"center\">\r\n                                                                            <!-- BULLETPROOF BUTTON -->\r\n                                                                            <table width=\"100%\" border=\"0\" cellspacing=\"0\" cellpadding=\"0\">\r\n                                                                                <tbody><tr>\r\n                                                                                    <td align=\"left\">\r\n                                                                                        <table border=\"0\" cellspacing=\"0\" cellpadding=\"0\" class=\"mobile-button-container\">\r\n                                                                                            <tbody><tr>\r\n                                                                                                <td align=\"center\" style=\"border-radius: 3px;\" bgcolor=\"#256F9C\"><a href=\" \" target=\"_blank\" style=\"font-size: 15px; font-family: Helvetica, Arial, sans-serif; color: #ffffff; text-decoration: none; color: #ffffff; text-decoration: none; border-radius: 3px; padding: 10px 20px; border: 1px solid #256F9C; display: inline-block;\" class=\"mobile-button\">12345</a></td>\r\n                                                                                            </tr>\r\n                                                                                        </tbody></table>\r\n                                                                                    </td>\r\n                                                                                </tr>\r\n                                                                            </tbody></table>\r\n                                                                        </td>\r\n                                                                    </tr>\r\n                                                                </tbody></table>\r\n                                                            </td>\r\n                                                        </tr>\r\n\r\n                                                    </tbody></table>\r\n                                                </td>\r\n                                            </tr>\r\n                                        </tbody></table>\r\n                                    </div>\r\n                                    <!--[if (gte mso 9)|(IE)]>\r\n                                    </td>\r\n                                    </tr>\r\n                                    </table>\r\n                                    <![endif]-->\r\n                                </td>\r\n                            </tr>\r\n                        </tbody></table>\r\n                                            </td>\r\n                                        </tr>\r\n                                    </tbody></table>\r\n                                </td>\r\n                            </tr>\r\n                        </tbody></table>\r\n                    </td>\r\n                </tr>\r\n            </tbody></table>\r\n            <!--[if (gte mso 9)|(IE)]>\r\n            </td>\r\n            </tr>\r\n            </table>\r\n            <![endif]-->\r\n        </td>\r\n    </tr>\r\n    <tr>\r\n        <td bgcolor=\"#ffffff\" align=\"center\" style=\"padding: 20px 0px;\">\r\n            <!--[if (gte mso 9)|(IE)]>\r\n            <table align=\"center\" border=\"0\" cellspacing=\"0\" cellpadding=\"0\" width=\"500\">\r\n            <tr>\r\n            <td align=\"center\" valign=\"top\" width=\"500\">\r\n            <![endif]-->\r\n            <!-- UNSUBSCRIBE COPY -->\r\n            <table width=\"100%\" border=\"0\" cellspacing=\"0\" cellpadding=\"0\" align=\"center\" style=\"max-width: 500px;\" class=\"responsive-table\">\r\n                <tbody><tr>\r\n                    <td align=\"center\" style=\"font-size: 12px; line-height: 18px; font-family: Helvetica, Arial, sans-serif; color:#666666;\">\r\n                        Copyright  2016 by refund.me GmbH\r\n                         \r\n                         \r\n                    </td>\r\n                </tr>\r\n            </tbody></table>\r\n            <!--[if (gte mso 9)|(IE)]>\r\n            </td>\r\n            </tr>\r\n            </table>\r\n            <![endif]-->\r\n        </td>\r\n    </tr>\r\n</tbody></table>','feedback@refund.me','ruby@refundme.in','','','','SENT','2017-05-31 06:30:43');
/*!40000 ALTER TABLE `email_tracking` ENABLE KEYS */;
UNLOCK TABLES;

--
-- Table structure for table `employee`
--

DROP TABLE IF EXISTS `employee`;
/*!40101 SET @saved_cs_client     = @@character_set_client */;
/*!40101 SET character_set_client = utf8 */;
CREATE TABLE `employee` (
  `employee_id` int(32) NOT NULL AUTO_INCREMENT,
  `agent_id` varchar(64) NOT NULL,
  `department_id` int(12) NOT NULL,
  `employee_code` varchar(32) NOT NULL,
  `email_address` varchar(64) NOT NULL,
  `password` varchar(32) NOT NULL,
  `first_name` varchar(32) NOT NULL,
  `last_name` varchar(32) NOT NULL,
  `profile_pic` varchar(124) NOT NULL,
  `status` enum('INACTIVE','ACTIVE') NOT NULL,
  `created_timestamp` timestamp NOT NULL DEFAULT CURRENT_TIMESTAMP,
  `updated_timestamp` timestamp NOT NULL DEFAULT CURRENT_TIMESTAMP ON UPDATE CURRENT_TIMESTAMP,
  PRIMARY KEY (`employee_id`),
  UNIQUE KEY `employee_code` (`employee_code`),
  UNIQUE KEY `employee_username` (`email_address`)
) ENGINE=InnoDB AUTO_INCREMENT=21 DEFAULT CHARSET=utf8;
/*!40101 SET character_set_client = @saved_cs_client */;

--
-- Dumping data for table `employee`
--

LOCK TABLES `employee` WRITE;
/*!40000 ALTER TABLE `employee` DISABLE KEYS */;
INSERT INTO `employee` VALUES (16,'22',14,'RFM-EMP-1001','ruby.refundme16@gmail.com','12','Ruby','Kathiravan','employee/profile-pic-default.png','ACTIVE','2016-12-27 12:11:29','2017-03-20 12:05:24'),(17,'22',13,'RFM-EMP-1017','ruby.refund.me16@gmail.com','GROF2','Sdkl','Klkl','employee/profile_pic_D1701030129551483403395.jpg','ACTIVE','2017-01-03 00:29:55','2017-02-28 06:43:21'),(18,'0',12,'RFM-EMP-1018','ruby.refu.nd.m.e16@gmail.com','1LHU0','Sdkl','Klkl','employee/profile-pic-default.png','ACTIVE','2017-01-03 00:31:49','2017-01-03 00:31:49'),(19,'0',12,'RFM-EMP-1019','ruby.re.fu.nd.m.e16@gmail.com','A49AV','Sdkl','Klkl','employee/profile_pic_D1701030134061483403646.jpg','ACTIVE','2017-01-03 00:34:06','2017-01-03 00:34:06'),(20,'0',12,'RFM-EMP-1020','mohsin@refundme.in','123','Moshin','Ansari','employee/profile_pic_D1701061321271483705287.jpg','ACTIVE','2017-01-06 12:21:27','2017-01-12 05:19:35');
/*!40000 ALTER TABLE `employee` ENABLE KEYS */;
UNLOCK TABLES;

--
-- Table structure for table `employee_details`
--

DROP TABLE IF EXISTS `employee_details`;
/*!40101 SET @saved_cs_client     = @@character_set_client */;
/*!40101 SET character_set_client = utf8 */;
CREATE TABLE `employee_details` (
  `employee_details_id` int(32) NOT NULL AUTO_INCREMENT,
  `employee_id` int(32) NOT NULL,
  `job_title` varchar(64) NOT NULL,
  `city` varchar(32) NOT NULL,
  `address` text NOT NULL,
  `country` varchar(32) NOT NULL,
  `postal_code` varchar(12) NOT NULL,
  `phone_number` varchar(15) NOT NULL,
  `skype_id` varchar(32) NOT NULL,
  `note_info` text NOT NULL,
  `created_timestamp` timestamp NOT NULL DEFAULT CURRENT_TIMESTAMP,
  `updated_timestamp` timestamp NOT NULL DEFAULT CURRENT_TIMESTAMP ON UPDATE CURRENT_TIMESTAMP,
  PRIMARY KEY (`employee_details_id`),
  KEY `employee_details_employee_id_fkey` (`employee_id`),
  CONSTRAINT `employee_details_employee_id_fkey` FOREIGN KEY (`employee_id`) REFERENCES `employee` (`employee_id`) ON DELETE CASCADE
) ENGINE=InnoDB AUTO_INCREMENT=16 DEFAULT CHARSET=utf8;
/*!40101 SET character_set_client = @saved_cs_client */;

--
-- Dumping data for table `employee_details`
--

LOCK TABLES `employee_details` WRITE;
/*!40000 ALTER TABLE `employee_details` DISABLE KEYS */;
INSERT INTO `employee_details` VALUES (11,16,'Lead','','','','','12121212','1111','Test','2016-12-27 12:11:29','2017-01-12 11:50:18'),(12,17,'Lkl','','','','','','','','2017-01-03 00:29:55','2017-01-03 00:29:55'),(13,18,'Lkl','','','','','','','','2017-01-03 00:31:49','2017-01-03 00:31:49'),(14,19,'Lkl','','','','','','','','2017-01-03 00:34:06','2017-01-03 00:34:06'),(15,20,'Lead','','','','','','','','2017-01-06 12:21:27','2017-01-06 12:21:27');
/*!40000 ALTER TABLE `employee_details` ENABLE KEYS */;
UNLOCK TABLES;

--
-- Table structure for table `employee_privileges`
--

DROP TABLE IF EXISTS `employee_privileges`;
/*!40101 SET @saved_cs_client     = @@character_set_client */;
/*!40101 SET character_set_client = utf8 */;
CREATE TABLE `employee_privileges` (
  `employee_privileges_id` int(32) NOT NULL AUTO_INCREMENT,
  `employee_id` int(12) NOT NULL,
  `privileges_id` int(32) NOT NULL,
  `created_timestamp` timestamp NOT NULL DEFAULT CURRENT_TIMESTAMP,
  PRIMARY KEY (`employee_privileges_id`),
  KEY `employee_privileges_employee_id_fkey` (`employee_id`),
  KEY `employee_privileges_privileges_id_fkey` (`privileges_id`),
  CONSTRAINT `employee_privileges_employee_id_fkey` FOREIGN KEY (`employee_id`) REFERENCES `employee` (`employee_id`) ON DELETE CASCADE,
  CONSTRAINT `employee_privileges_privileges_id_fkey` FOREIGN KEY (`privileges_id`) REFERENCES `privileges` (`privileges_id`) ON DELETE CASCADE
) ENGINE=InnoDB AUTO_INCREMENT=163 DEFAULT CHARSET=utf8;
/*!40101 SET character_set_client = @saved_cs_client */;

--
-- Dumping data for table `employee_privileges`
--

LOCK TABLES `employee_privileges` WRITE;
/*!40000 ALTER TABLE `employee_privileges` DISABLE KEYS */;
INSERT INTO `employee_privileges` VALUES (78,18,1,'2017-01-03 00:31:49'),(79,18,2,'2017-01-03 00:31:49'),(80,18,3,'2017-01-03 00:31:49'),(81,18,10,'2017-01-03 00:31:49'),(82,18,7,'2017-01-03 00:31:49'),(83,18,8,'2017-01-03 00:31:49'),(84,18,23,'2017-01-03 00:31:49'),(85,18,27,'2017-01-03 00:31:49'),(86,18,17,'2017-01-03 00:31:49'),(87,18,18,'2017-01-03 00:31:49'),(88,18,24,'2017-01-03 00:31:49'),(89,18,25,'2017-01-03 00:31:49'),(90,18,20,'2017-01-03 00:31:49'),(91,18,21,'2017-01-03 00:31:49'),(92,18,22,'2017-01-03 00:31:49'),(93,18,6,'2017-01-03 00:31:49'),(94,18,9,'2017-01-03 00:31:49'),(95,18,14,'2017-01-03 00:31:49'),(96,18,33,'2017-01-03 00:31:49'),(97,18,34,'2017-01-03 00:31:50'),(104,19,1,'2017-01-03 00:34:06'),(105,19,2,'2017-01-03 00:34:06'),(106,19,3,'2017-01-03 00:34:06'),(107,19,10,'2017-01-03 00:34:06'),(108,19,7,'2017-01-03 00:34:06'),(109,19,8,'2017-01-03 00:34:06'),(110,19,23,'2017-01-03 00:34:07'),(111,19,27,'2017-01-03 00:34:07'),(112,19,17,'2017-01-03 00:34:07'),(113,19,18,'2017-01-03 00:34:07'),(114,19,24,'2017-01-03 00:34:07'),(115,19,25,'2017-01-03 00:34:07'),(116,19,20,'2017-01-03 00:34:07'),(117,19,21,'2017-01-03 00:34:07'),(118,19,22,'2017-01-03 00:34:07'),(119,19,6,'2017-01-03 00:34:07'),(120,19,9,'2017-01-03 00:34:07'),(121,19,14,'2017-01-03 00:34:07'),(122,19,33,'2017-01-03 00:34:07'),(123,19,34,'2017-01-03 00:34:07'),(130,20,17,'2017-01-06 12:21:27'),(131,20,18,'2017-01-06 12:21:27'),(132,20,6,'2017-01-06 12:21:27'),(133,20,33,'2017-01-06 12:21:27'),(134,20,34,'2017-01-06 12:21:27'),(157,16,17,'2017-03-20 11:41:12'),(158,16,18,'2017-03-20 11:41:12'),(159,16,6,'2017-03-20 11:41:12'),(160,16,14,'2017-03-20 11:41:12'),(161,16,33,'2017-03-20 11:41:12'),(162,16,34,'2017-03-20 11:41:12');
/*!40000 ALTER TABLE `employee_privileges` ENABLE KEYS */;
UNLOCK TABLES;

--
-- Table structure for table `employee_role`
--

DROP TABLE IF EXISTS `employee_role`;
/*!40101 SET @saved_cs_client     = @@character_set_client */;
/*!40101 SET character_set_client = utf8 */;
CREATE TABLE `employee_role` (
  `employee_role_id` int(32) NOT NULL AUTO_INCREMENT,
  `role_id` int(12) NOT NULL,
  `employee_id` int(32) NOT NULL,
  `status` enum('INACTIVE','ACTIVE') NOT NULL,
  `created_timestamp` timestamp NOT NULL DEFAULT CURRENT_TIMESTAMP,
  PRIMARY KEY (`employee_role_id`),
  KEY `employee_role_employee_id_fkey` (`employee_id`),
  KEY `employee_role_role_id_fkey` (`role_id`),
  CONSTRAINT `employee_role_employee_id_fkey` FOREIGN KEY (`employee_id`) REFERENCES `employee` (`employee_id`) ON DELETE CASCADE,
  CONSTRAINT `employee_role_role_id_fkey` FOREIGN KEY (`role_id`) REFERENCES `role` (`role_id`) ON DELETE CASCADE
) ENGINE=InnoDB DEFAULT CHARSET=utf8;
/*!40101 SET character_set_client = @saved_cs_client */;

--
-- Dumping data for table `employee_role`
--

LOCK TABLES `employee_role` WRITE;
/*!40000 ALTER TABLE `employee_role` DISABLE KEYS */;
/*!40000 ALTER TABLE `employee_role` ENABLE KEYS */;
UNLOCK TABLES;

--
-- Table structure for table `employee_tracking`
--

DROP TABLE IF EXISTS `employee_tracking`;
/*!40101 SET @saved_cs_client     = @@character_set_client */;
/*!40101 SET character_set_client = utf8 */;
CREATE TABLE `employee_tracking` (
  `employee_tracking_id` bigint(255) NOT NULL AUTO_INCREMENT,
  `user_id` int(12) NOT NULL,
  `user_type` varchar(12) NOT NULL,
  `user_pic` text NOT NULL,
  `url` text NOT NULL,
  `ip_address` varchar(123) NOT NULL,
  `browser_info` text NOT NULL,
  `user_agent_info` text NOT NULL,
  `craeted_timestamp` timestamp NOT NULL DEFAULT CURRENT_TIMESTAMP ON UPDATE CURRENT_TIMESTAMP,
  PRIMARY KEY (`employee_tracking_id`)
) ENGINE=InnoDB AUTO_INCREMENT=58 DEFAULT CHARSET=latin1;
/*!40101 SET character_set_client = @saved_cs_client */;

--
-- Dumping data for table `employee_tracking`
--

LOCK TABLES `employee_tracking` WRITE;
/*!40000 ALTER TABLE `employee_tracking` DISABLE KEYS */;
INSERT INTO `employee_tracking` VALUES (1,1,'ADMIN','http://192.168.1.8/travelsmart/admin/data-file/employee/profile_pic_D1611171933091479407589.png','http://192.168.1.8/travelsmart/admin/b2c/view/TSB2C1003','192.168.1.9','Chrome 58.0.3029.110-Windows 10','Mozilla/5.0 (Windows NT 10.0; Win64; x64) AppleWebKit/537.36 (KHTML, like Gecko) Chrome/58.0.3029.110 Safari/537.36','2017-06-01 10:21:07'),(2,1,'ADMIN','http://192.168.1.8/travelsmart/admin/data-file/employee/profile_pic_D1611171933091479407589.png','http://192.168.1.8/travelsmart/admin/b2c_do/list_flights_history/TSB2C1003','192.168.1.9','Chrome 58.0.3029.110-Windows 10','Mozilla/5.0 (Windows NT 10.0; Win64; x64) AppleWebKit/537.36 (KHTML, like Gecko) Chrome/58.0.3029.110 Safari/537.36','2017-06-01 10:21:08'),(3,1,'ADMIN','http://192.168.1.8/travelsmart/admin/data-file/employee/profile_pic_D1611171933091479407589.png','http://192.168.1.8/travelsmart/admin/b2c_do/list_flights_under_observation/TSB2C1003','192.168.1.9','Chrome 58.0.3029.110-Windows 10','Mozilla/5.0 (Windows NT 10.0; Win64; x64) AppleWebKit/537.36 (KHTML, like Gecko) Chrome/58.0.3029.110 Safari/537.36','2017-06-01 10:21:08'),(4,1,'ADMIN','http://192.168.1.8/travelsmart/admin/data-file/employee/profile_pic_D1611171933091479407589.png','http://192.168.1.8/travelsmart/admin/b2c_do/list_all_credit_point_transaction_ajax/TSB2C1003','192.168.1.9','Chrome 58.0.3029.110-Windows 10','Mozilla/5.0 (Windows NT 10.0; Win64; x64) AppleWebKit/537.36 (KHTML, like Gecko) Chrome/58.0.3029.110 Safari/537.36','2017-06-01 10:21:08'),(5,1,'ADMIN','http://192.168.1.8/travelsmart/admin/data-file/employee/profile_pic_D1611171933091479407589.png','http://192.168.1.8/travelsmart/admin/b2c/list_all','192.168.1.9','Chrome 58.0.3029.110-Windows 10','Mozilla/5.0 (Windows NT 10.0; Win64; x64) AppleWebKit/537.36 (KHTML, like Gecko) Chrome/58.0.3029.110 Safari/537.36','2017-06-01 11:00:57'),(6,1,'ADMIN','http://192.168.1.8/travelsmart/admin/data-file/employee/profile_pic_D1611171933091479407589.png','http://192.168.1.8/travelsmart/admin/b2c_do/list_all_b2c_ajax','192.168.1.9','Chrome 58.0.3029.110-Windows 10','Mozilla/5.0 (Windows NT 10.0; Win64; x64) AppleWebKit/537.36 (KHTML, like Gecko) Chrome/58.0.3029.110 Safari/537.36','2017-06-01 11:00:58'),(7,1,'ADMIN','http://192.168.1.8/travelsmart/admin/data-file/employee/profile_pic_D1611171933091479407589.png','http://192.168.1.8/travelsmart/admin/b2c/view/TSB2C1001','192.168.1.9','Chrome 58.0.3029.110-Windows 10','Mozilla/5.0 (Windows NT 10.0; Win64; x64) AppleWebKit/537.36 (KHTML, like Gecko) Chrome/58.0.3029.110 Safari/537.36','2017-06-01 11:01:00'),(8,1,'ADMIN','http://192.168.1.8/travelsmart/admin/data-file/employee/profile_pic_D1611171933091479407589.png','http://192.168.1.8/travelsmart/admin/b2c_do/list_flights_under_observation/TSB2C1001','192.168.1.9','Chrome 58.0.3029.110-Windows 10','Mozilla/5.0 (Windows NT 10.0; Win64; x64) AppleWebKit/537.36 (KHTML, like Gecko) Chrome/58.0.3029.110 Safari/537.36','2017-06-01 11:01:01'),(9,1,'ADMIN','http://192.168.1.8/travelsmart/admin/data-file/employee/profile_pic_D1611171933091479407589.png','http://192.168.1.8/travelsmart/admin/b2c_do/list_all_credit_point_transaction_ajax/TSB2C1001','192.168.1.9','Chrome 58.0.3029.110-Windows 10','Mozilla/5.0 (Windows NT 10.0; Win64; x64) AppleWebKit/537.36 (KHTML, like Gecko) Chrome/58.0.3029.110 Safari/537.36','2017-06-01 11:01:01'),(10,1,'ADMIN','http://192.168.1.8/travelsmart/admin/data-file/employee/profile_pic_D1611171933091479407589.png','http://192.168.1.8/travelsmart/admin/b2c_do/list_flights_history/TSB2C1001','192.168.1.9','Chrome 58.0.3029.110-Windows 10','Mozilla/5.0 (Windows NT 10.0; Win64; x64) AppleWebKit/537.36 (KHTML, like Gecko) Chrome/58.0.3029.110 Safari/537.36','2017-06-01 11:01:01'),(11,1,'ADMIN','http://192.168.1.8/travelsmart/admin/data-file/employee/profile_pic_D1611171933091479407589.png','http://192.168.1.8/travelsmart/admin/b2c/list_all','192.168.1.9','Chrome 58.0.3029.110-Windows 10','Mozilla/5.0 (Windows NT 10.0; Win64; x64) AppleWebKit/537.36 (KHTML, like Gecko) Chrome/58.0.3029.110 Safari/537.36','2017-06-01 11:01:03'),(12,1,'ADMIN','http://192.168.1.8/travelsmart/admin/data-file/employee/profile_pic_D1611171933091479407589.png','http://192.168.1.8/travelsmart/admin/b2c_do/list_all_b2c_ajax','192.168.1.9','Chrome 58.0.3029.110-Windows 10','Mozilla/5.0 (Windows NT 10.0; Win64; x64) AppleWebKit/537.36 (KHTML, like Gecko) Chrome/58.0.3029.110 Safari/537.36','2017-06-01 11:01:03'),(13,1,'ADMIN','http://192.168.1.8/travelsmart/admin/data-file/employee/profile_pic_D1611171933091479407589.png','http://192.168.1.8/travelsmart/admin/b2c/view/TSB2C1002','192.168.1.9','Chrome 58.0.3029.110-Windows 10','Mozilla/5.0 (Windows NT 10.0; Win64; x64) AppleWebKit/537.36 (KHTML, like Gecko) Chrome/58.0.3029.110 Safari/537.36','2017-06-01 11:01:04'),(14,1,'ADMIN','http://192.168.1.8/travelsmart/admin/data-file/employee/profile_pic_D1611171933091479407589.png','http://192.168.1.8/travelsmart/admin/b2c_do/list_all_credit_point_transaction_ajax/TSB2C1002','192.168.1.9','Chrome 58.0.3029.110-Windows 10','Mozilla/5.0 (Windows NT 10.0; Win64; x64) AppleWebKit/537.36 (KHTML, like Gecko) Chrome/58.0.3029.110 Safari/537.36','2017-06-01 11:01:05'),(15,1,'ADMIN','http://192.168.1.8/travelsmart/admin/data-file/employee/profile_pic_D1611171933091479407589.png','http://192.168.1.8/travelsmart/admin/b2c_do/list_flights_under_observation/TSB2C1002','192.168.1.9','Chrome 58.0.3029.110-Windows 10','Mozilla/5.0 (Windows NT 10.0; Win64; x64) AppleWebKit/537.36 (KHTML, like Gecko) Chrome/58.0.3029.110 Safari/537.36','2017-06-01 11:01:05'),(16,1,'ADMIN','http://192.168.1.8/travelsmart/admin/data-file/employee/profile_pic_D1611171933091479407589.png','http://192.168.1.8/travelsmart/admin/b2c_do/list_flights_history/TSB2C1002','192.168.1.9','Chrome 58.0.3029.110-Windows 10','Mozilla/5.0 (Windows NT 10.0; Win64; x64) AppleWebKit/537.36 (KHTML, like Gecko) Chrome/58.0.3029.110 Safari/537.36','2017-06-01 11:01:05'),(17,1,'ADMIN','http://192.168.1.8/travelsmart/admin/data-file/employee/profile_pic_D1611171933091479407589.png','http://192.168.1.8/travelsmart/admin/b2c/list_all','192.168.1.9','Chrome 58.0.3029.110-Windows 10','Mozilla/5.0 (Windows NT 10.0; Win64; x64) AppleWebKit/537.36 (KHTML, like Gecko) Chrome/58.0.3029.110 Safari/537.36','2017-06-01 11:01:06'),(18,1,'ADMIN','http://192.168.1.8/travelsmart/admin/data-file/employee/profile_pic_D1611171933091479407589.png','http://192.168.1.8/travelsmart/admin/b2c_do/list_all_b2c_ajax','192.168.1.9','Chrome 58.0.3029.110-Windows 10','Mozilla/5.0 (Windows NT 10.0; Win64; x64) AppleWebKit/537.36 (KHTML, like Gecko) Chrome/58.0.3029.110 Safari/537.36','2017-06-01 11:01:07'),(19,1,'ADMIN','http://192.168.1.8/travelsmart/admin/data-file/employee/profile_pic_D1611171933091479407589.png','http://192.168.1.8/travelsmart/admin/b2c/view/TSB2C1003','192.168.1.9','Chrome 58.0.3029.110-Windows 10','Mozilla/5.0 (Windows NT 10.0; Win64; x64) AppleWebKit/537.36 (KHTML, like Gecko) Chrome/58.0.3029.110 Safari/537.36','2017-06-01 11:01:08'),(20,1,'ADMIN','http://192.168.1.8/travelsmart/admin/data-file/employee/profile_pic_D1611171933091479407589.png','http://192.168.1.8/travelsmart/admin/b2c_do/list_all_credit_point_transaction_ajax/TSB2C1003','192.168.1.9','Chrome 58.0.3029.110-Windows 10','Mozilla/5.0 (Windows NT 10.0; Win64; x64) AppleWebKit/537.36 (KHTML, like Gecko) Chrome/58.0.3029.110 Safari/537.36','2017-06-01 11:01:09'),(21,1,'ADMIN','http://192.168.1.8/travelsmart/admin/data-file/employee/profile_pic_D1611171933091479407589.png','http://192.168.1.8/travelsmart/admin/b2c_do/list_flights_under_observation/TSB2C1003','192.168.1.9','Chrome 58.0.3029.110-Windows 10','Mozilla/5.0 (Windows NT 10.0; Win64; x64) AppleWebKit/537.36 (KHTML, like Gecko) Chrome/58.0.3029.110 Safari/537.36','2017-06-01 11:01:09'),(22,1,'ADMIN','http://192.168.1.8/travelsmart/admin/data-file/employee/profile_pic_D1611171933091479407589.png','http://192.168.1.8/travelsmart/admin/b2c_do/list_flights_history/TSB2C1003','192.168.1.9','Chrome 58.0.3029.110-Windows 10','Mozilla/5.0 (Windows NT 10.0; Win64; x64) AppleWebKit/537.36 (KHTML, like Gecko) Chrome/58.0.3029.110 Safari/537.36','2017-06-01 11:01:09'),(23,1,'ADMIN','http://192.168.1.8/travelsmart/admin/data-file/employee/profile_pic_D1611171933091479407589.png','http://192.168.1.8/travelsmart/admin/b2c/list_all','192.168.1.9','Chrome 58.0.3029.110-Windows 10','Mozilla/5.0 (Windows NT 10.0; Win64; x64) AppleWebKit/537.36 (KHTML, like Gecko) Chrome/58.0.3029.110 Safari/537.36','2017-06-01 11:01:11'),(24,1,'ADMIN','http://192.168.1.8/travelsmart/admin/data-file/employee/profile_pic_D1611171933091479407589.png','http://192.168.1.8/travelsmart/admin/b2c_do/list_all_b2c_ajax','192.168.1.9','Chrome 58.0.3029.110-Windows 10','Mozilla/5.0 (Windows NT 10.0; Win64; x64) AppleWebKit/537.36 (KHTML, like Gecko) Chrome/58.0.3029.110 Safari/537.36','2017-06-01 11:01:11'),(25,1,'ADMIN','http://192.168.1.8/travelsmart/admin/data-file/employee/profile_pic_D1611171933091479407589.png','http://192.168.1.8/travelsmart/admin/b2c/view/TSB2C1004','192.168.1.9','Chrome 58.0.3029.110-Windows 10','Mozilla/5.0 (Windows NT 10.0; Win64; x64) AppleWebKit/537.36 (KHTML, like Gecko) Chrome/58.0.3029.110 Safari/537.36','2017-06-01 11:01:12'),(26,1,'ADMIN','http://192.168.1.8/travelsmart/admin/data-file/employee/profile_pic_D1611171933091479407589.png','http://192.168.1.8/travelsmart/admin/b2c_do/list_flights_under_observation/TSB2C1004','192.168.1.9','Chrome 58.0.3029.110-Windows 10','Mozilla/5.0 (Windows NT 10.0; Win64; x64) AppleWebKit/537.36 (KHTML, like Gecko) Chrome/58.0.3029.110 Safari/537.36','2017-06-01 11:01:13'),(27,1,'ADMIN','http://192.168.1.8/travelsmart/admin/data-file/employee/profile_pic_D1611171933091479407589.png','http://192.168.1.8/travelsmart/admin/b2c_do/list_all_credit_point_transaction_ajax/TSB2C1004','192.168.1.9','Chrome 58.0.3029.110-Windows 10','Mozilla/5.0 (Windows NT 10.0; Win64; x64) AppleWebKit/537.36 (KHTML, like Gecko) Chrome/58.0.3029.110 Safari/537.36','2017-06-01 11:01:13'),(28,1,'ADMIN','http://192.168.1.8/travelsmart/admin/data-file/employee/profile_pic_D1611171933091479407589.png','http://192.168.1.8/travelsmart/admin/b2c_do/list_flights_history/TSB2C1004','192.168.1.9','Chrome 58.0.3029.110-Windows 10','Mozilla/5.0 (Windows NT 10.0; Win64; x64) AppleWebKit/537.36 (KHTML, like Gecko) Chrome/58.0.3029.110 Safari/537.36','2017-06-01 11:01:13'),(29,1,'ADMIN','http://192.168.1.8/travelsmart/admin/data-file/employee/profile_pic_D1611171933091479407589.png','http://192.168.1.8/travelsmart/admin/home/index','192.168.1.13','Firefox 53.0-Mac OS X','Mozilla/5.0 (Macintosh; Intel Mac OS X 10.11; rv:53.0) Gecko/20100101 Firefox/53.0','2017-06-01 11:18:36'),(30,1,'ADMIN','http://192.168.1.8/travelsmart/admin/data-file/employee/profile_pic_D1611171933091479407589.png','http://192.168.1.8/travelsmart/admin/credit_points/welcome_credits','192.168.1.13','Firefox 53.0-Mac OS X','Mozilla/5.0 (Macintosh; Intel Mac OS X 10.11; rv:53.0) Gecko/20100101 Firefox/53.0','2017-06-01 11:18:47'),(31,1,'ADMIN','http://192.168.1.8/travelsmart/admin/data-file/employee/profile_pic_D1611171933091479407589.png','http://192.168.1.8/travelsmart/admin/b2c/list_all','192.168.1.13','Firefox 53.0-Mac OS X','Mozilla/5.0 (Macintosh; Intel Mac OS X 10.11; rv:53.0) Gecko/20100101 Firefox/53.0','2017-06-01 11:19:26'),(32,1,'ADMIN','http://192.168.1.8/travelsmart/admin/data-file/employee/profile_pic_D1611171933091479407589.png','http://192.168.1.8/travelsmart/admin/b2c_do/list_all_b2c_ajax','192.168.1.13','Firefox 53.0-Mac OS X','Mozilla/5.0 (Macintosh; Intel Mac OS X 10.11; rv:53.0) Gecko/20100101 Firefox/53.0','2017-06-01 11:19:28'),(33,1,'ADMIN','http://192.168.1.8/travelsmart/admin/data-file/employee/profile_pic_D1611171933091479407589.png','http://192.168.1.8/travelsmart/admin/b2c/view/TSB2C1004','192.168.1.13','Firefox 53.0-Mac OS X','Mozilla/5.0 (Macintosh; Intel Mac OS X 10.11; rv:53.0) Gecko/20100101 Firefox/53.0','2017-06-01 11:19:37'),(34,1,'ADMIN','http://192.168.1.8/travelsmart/admin/data-file/employee/profile_pic_D1611171933091479407589.png','http://192.168.1.8/travelsmart/admin/b2c_do/list_all_credit_point_transaction_ajax/TSB2C1004','192.168.1.13','Firefox 53.0-Mac OS X','Mozilla/5.0 (Macintosh; Intel Mac OS X 10.11; rv:53.0) Gecko/20100101 Firefox/53.0','2017-06-01 11:19:46'),(35,1,'ADMIN','http://192.168.1.8/travelsmart/admin/data-file/employee/profile_pic_D1611171933091479407589.png','http://192.168.1.8/travelsmart/admin/b2c_do/list_flights_under_observation/TSB2C1004','192.168.1.13','Firefox 53.0-Mac OS X','Mozilla/5.0 (Macintosh; Intel Mac OS X 10.11; rv:53.0) Gecko/20100101 Firefox/53.0','2017-06-01 11:19:46'),(36,1,'ADMIN','http://192.168.1.8/travelsmart/admin/data-file/employee/profile_pic_D1611171933091479407589.png','http://192.168.1.8/travelsmart/admin/b2c_do/list_flights_history/TSB2C1004','192.168.1.13','Firefox 53.0-Mac OS X','Mozilla/5.0 (Macintosh; Intel Mac OS X 10.11; rv:53.0) Gecko/20100101 Firefox/53.0','2017-06-01 11:19:46'),(37,1,'ADMIN','http://192.168.1.8/travelsmart/admin/data-file/employee/profile_pic_D1611171933091479407589.png','http://192.168.1.8/travelsmart/admin/credit_points/charges','192.168.1.13','Firefox 53.0-Mac OS X','Mozilla/5.0 (Macintosh; Intel Mac OS X 10.11; rv:53.0) Gecko/20100101 Firefox/53.0','2017-06-01 11:20:10'),(38,1,'ADMIN','http://192.168.1.8/travelsmart/admin/data-file/employee/profile_pic_D1611171933091479407589.png','http://192.168.1.8/travelsmart/admin/bugs/store_bugs','192.168.1.13','Firefox 53.0-Mac OS X','Mozilla/5.0 (Macintosh; Intel Mac OS X 10.11; rv:53.0) Gecko/20100101 Firefox/53.0','2017-06-01 11:23:45'),(39,1,'ADMIN','http://192.168.1.8/travelsmart/admin/data-file/employee/profile_pic_D1611171933091479407589.png','http://192.168.1.8/travelsmart/admin/credit_points/charges','192.168.1.13','Firefox 53.0-Mac OS X','Mozilla/5.0 (Macintosh; Intel Mac OS X 10.11; rv:53.0) Gecko/20100101 Firefox/53.0','2017-06-01 11:23:46'),(40,1,'ADMIN','http://192.168.1.8/travelsmart/admin/data-file/employee/profile_pic_D1611171933091479407589.png','http://192.168.1.8/travelsmart/admin/credit_points_distribution/allot_to_users','192.168.1.13','Firefox 53.0-Mac OS X','Mozilla/5.0 (Macintosh; Intel Mac OS X 10.11; rv:53.0) Gecko/20100101 Firefox/53.0','2017-06-01 11:23:52'),(41,1,'ADMIN','http://192.168.1.8/travelsmart/admin/data-file/employee/profile_pic_D1611171933091479407589.png','http://192.168.1.8/travelsmart/admin/hits/generic_preview','192.168.1.13','Firefox 53.0-Mac OS X','Mozilla/5.0 (Macintosh; Intel Mac OS X 10.11; rv:53.0) Gecko/20100101 Firefox/53.0','2017-06-01 11:24:19'),(42,1,'ADMIN','http://192.168.1.8/travelsmart/admin/data-file/employee/profile_pic_D1611171933091479407589.png','http://192.168.1.8/travelsmart/admin/credit_points_distribution/allot_to_users','192.168.1.13','Firefox 53.0-Mac OS X','Mozilla/5.0 (Macintosh; Intel Mac OS X 10.11; rv:53.0) Gecko/20100101 Firefox/53.0','2017-06-01 11:24:50'),(43,1,'ADMIN','http://192.168.1.8/travelsmart/admin/data-file/employee/profile_pic_D1611171933091479407589.png','http://192.168.1.8/travelsmart/admin/credit_points/charges','192.168.1.13','Firefox 53.0-Mac OS X','Mozilla/5.0 (Macintosh; Intel Mac OS X 10.11; rv:53.0) Gecko/20100101 Firefox/53.0','2017-06-01 11:25:09'),(44,1,'ADMIN','http://192.168.1.8/travelsmart/admin/data-file/employee/profile_pic_D1611171933091479407589.png','http://192.168.1.8/travelsmart/admin/credit_points_distribution/credit_points_value','192.168.1.13','Firefox 53.0-Mac OS X','Mozilla/5.0 (Macintosh; Intel Mac OS X 10.11; rv:53.0) Gecko/20100101 Firefox/53.0','2017-06-01 11:25:23'),(45,1,'ADMIN','http://192.168.1.8/travelsmart/admin/data-file/employee/profile_pic_D1611171933091479407589.png','http://192.168.1.8/travelsmart/admin/credit_points_distribution/allot_to_users','192.168.1.13','Firefox 53.0-Mac OS X','Mozilla/5.0 (Macintosh; Intel Mac OS X 10.11; rv:53.0) Gecko/20100101 Firefox/53.0','2017-06-01 11:25:29'),(46,1,'ADMIN','http://192.168.1.8/travelsmart/admin/data-file/employee/profile_pic_D1611171933091479407589.png','http://192.168.1.8/travelsmart/admin/email/manage_emails','192.168.1.13','Firefox 53.0-Mac OS X','Mozilla/5.0 (Macintosh; Intel Mac OS X 10.11; rv:53.0) Gecko/20100101 Firefox/53.0','2017-06-01 11:54:27'),(47,1,'ADMIN','http://localhost/travelsmart/admin/data-file/employee/profile_pic_D1611171933091479407589.png','http://localhost/travelsmart/admin/home/index','::1','Chrome 58.0.3029.110-Windows 7','Mozilla/5.0 (Windows NT 6.1; Win64; x64) AppleWebKit/537.36 (KHTML, like Gecko) Chrome/58.0.3029.110 Safari/537.36','2017-06-07 07:28:59'),(48,1,'ADMIN','http://localhost/travelsmart/admin/data-file/employee/profile_pic_D1611171933091479407589.png','http://localhost/travelsmart/admin/email/add_email_theme','::1','Chrome 58.0.3029.110-Windows 7','Mozilla/5.0 (Windows NT 6.1; Win64; x64) AppleWebKit/537.36 (KHTML, like Gecko) Chrome/58.0.3029.110 Safari/537.36','2017-06-07 07:29:04'),(49,1,'ADMIN','http://localhost/travelsmart/admin/data-file/employee/profile_pic_D1611171933091479407589.png','http://localhost/travelsmart/admin/email/manage_emails/eyJtc2dfdHlwZSI6InN1Y2Nlc3MiLCJtc2ciOiJBZGRlZCBTdWNjZXNzZnVsbHkuIn0=','::1','Chrome 58.0.3029.110-Windows 7','Mozilla/5.0 (Windows NT 6.1; Win64; x64) AppleWebKit/537.36 (KHTML, like Gecko) Chrome/58.0.3029.110 Safari/537.36','2017-06-07 07:33:09'),(50,1,'ADMIN','http://localhost/travelsmart/admin/data-file/employee/profile_pic_D1611171933091479407589.png','http://localhost/travelsmart/admin/home/index','::1','Chrome 51.0.2684.0-Windows 7','Mozilla/5.0 (Windows NT 6.1; WOW64) AppleWebKit/537.36 (KHTML, like Gecko) Chrome/51.0.2684.0 Safari/537.36','2017-06-19 07:48:58'),(51,1,'ADMIN','http://localhost/travelsmart/admin/data-file/employee/profile_pic_D1611171933091479407589.png','http://localhost/travelsmart/admin/email/manage_emails','::1','Chrome 51.0.2684.0-Windows 7','Mozilla/5.0 (Windows NT 6.1; WOW64) AppleWebKit/537.36 (KHTML, like Gecko) Chrome/51.0.2684.0 Safari/537.36','2017-06-19 07:49:12'),(52,1,'ADMIN','http://localhost/travelsmart/admin/data-file/employee/profile_pic_D1611171933091479407589.png','http://localhost/travelsmart/admin/email/add_email_theme','::1','Chrome 51.0.2684.0-Windows 7','Mozilla/5.0 (Windows NT 6.1; WOW64) AppleWebKit/537.36 (KHTML, like Gecko) Chrome/51.0.2684.0 Safari/537.36','2017-06-19 07:49:15'),(53,1,'ADMIN','http://localhost/travelsmart/admin/data-file/employee/profile_pic_D1611171933091479407589.png','http://localhost/travelsmart/admin/email/email_settings','::1','Chrome 51.0.2684.0-Windows 7','Mozilla/5.0 (Windows NT 6.1; WOW64) AppleWebKit/537.36 (KHTML, like Gecko) Chrome/51.0.2684.0 Safari/537.36','2017-06-19 07:49:17'),(54,1,'ADMIN','http://localhost/travelsmart/admin/data-file/employee/profile_pic_D1611171933091479407589.png','http://localhost/travelsmart/admin/home/index','::1','Chrome 51.0.2684.0-Windows 7','Mozilla/5.0 (Windows NT 6.1; WOW64) AppleWebKit/537.36 (KHTML, like Gecko) Chrome/51.0.2684.0 Safari/537.36','2017-06-19 07:51:04'),(55,1,'ADMIN','http://localhost/travelsmart/admin/data-file/employee/profile_pic_D1611171933091479407589.png','http://localhost/travelsmart/admin/home/index','::1','Chrome 59.0.3071.115-Windows 7','Mozilla/5.0 (Windows NT 6.1; Win64; x64) AppleWebKit/537.36 (KHTML, like Gecko) Chrome/59.0.3071.115 Safari/537.36','2017-07-16 08:41:00'),(56,1,'ADMIN','http://localhost/travelsmart/admin/data-file/employee/profile_pic_D1611171933091479407589.png','http://localhost/travelsmart/admin/home/index','::1','Chrome 59.0.3071.115-Windows 7','Mozilla/5.0 (Windows NT 6.1; Win64; x64) AppleWebKit/537.36 (KHTML, like Gecko) Chrome/59.0.3071.115 Safari/537.36','2017-07-16 08:41:17'),(57,1,'ADMIN','http://localhost/travelsmart/admin/data-file/employee/profile_pic_D1611171933091479407589.png','http://localhost/travelsmart/admin/notification/change_status_none','::1','Chrome 59.0.3071.115-Windows 7','Mozilla/5.0 (Windows NT 6.1; Win64; x64) AppleWebKit/537.36 (KHTML, like Gecko) Chrome/59.0.3071.115 Safari/537.36','2017-07-16 08:41:20');
/*!40000 ALTER TABLE `employee_tracking` ENABLE KEYS */;
UNLOCK TABLES;

--
-- Table structure for table `flight_notification`
--

DROP TABLE IF EXISTS `flight_notification`;
/*!40101 SET @saved_cs_client     = @@character_set_client */;
/*!40101 SET character_set_client = utf8 */;
CREATE TABLE `flight_notification` (
  `flight_notification_id` int(11) NOT NULL AUTO_INCREMENT,
  `flight_notification_raw_id` int(11) DEFAULT NULL,
  `itinerary_id` varchar(255) DEFAULT NULL,
  `flight_change` enum('eta-etd-update','terminal-gate-change','incoming-eta-etd-update','incoming-aircraft-change','delay-index-update','initial-status') DEFAULT NULL,
  `flight_id` varchar(255) DEFAULT NULL,
  `flight_number` int(11) DEFAULT NULL,
  `flight_iata` varchar(255) DEFAULT NULL,
  `flight_name` varchar(255) DEFAULT NULL,
  `origin_iata` varchar(255) DEFAULT NULL,
  `origin_city` varchar(255) DEFAULT NULL,
  `origin_name` varchar(255) DEFAULT NULL,
  `destination_iata` varchar(255) DEFAULT NULL,
  `destination_city` varchar(255) DEFAULT NULL,
  `destination_name` varchar(255) DEFAULT NULL,
  `delay_index` tinyint(2) DEFAULT NULL,
  `delay_risk` enum('LOW','MODERATE','HIGH','SEVERE','UNKNOWN') DEFAULT NULL,
  `delay_causes` varchar(255) DEFAULT NULL,
  `prediction_last_changed` timestamp NULL DEFAULT NULL,
  `prediction_distribution` varchar(255) DEFAULT NULL,
  `flight_status` enum('Scheduled','Departed','In Air','Landed','Arrived','Expected','Delayed','Cancelled','No Recent Info - Call Airline') DEFAULT NULL,
  `departure_gmt` varchar(255) DEFAULT NULL,
  `departure_scheduled` timestamp NULL DEFAULT NULL,
  `departure_latest` timestamp NULL DEFAULT NULL,
  `departure_type` enum('scheduled','estimated','actual') NOT NULL,
  `departure_terminal` varchar(255) DEFAULT NULL,
  `departure_gate` varchar(255) DEFAULT NULL,
  `arrival_gmt` varchar(255) DEFAULT NULL,
  `arrival_scheduled` timestamp NULL DEFAULT NULL,
  `arrival_latest` timestamp NULL DEFAULT NULL,
  `arrival_type` enum('scheduled','estimated','actual') DEFAULT NULL,
  `arrival_terminal` varchar(255) DEFAULT NULL,
  `arrival_gate` varchar(255) DEFAULT NULL,
  `arrival_baggage_claim` varchar(255) DEFAULT NULL,
  `flight_cancelled_status` varchar(255) DEFAULT NULL,
  `flight_source` enum('flightview','schedule','swim') DEFAULT NULL,
  `flight_last_updated` timestamp NULL DEFAULT NULL,
  `connection_details` text NOT NULL,
  `origin_weather_icon` varchar(255) NOT NULL,
  `origin_weather_summary` varchar(255) DEFAULT NULL,
  `origin_weather_temperature` float(4,2) DEFAULT NULL,
  `origin_weather_precipitation` float(4,2) DEFAULT NULL,
  `origin_weather_hourly` tinyint(2) DEFAULT NULL,
  `destination_weather_icon` varchar(255) NOT NULL,
  `destination_weather_summary` varchar(255) DEFAULT NULL,
  `destination_weather_temperature` float(4,2) DEFAULT NULL,
  `destination_weather_precipitation` float(4,2) DEFAULT NULL,
  `destination_weather_hourly` tinyint(2) DEFAULT NULL,
  `created_timestamp` timestamp NULL DEFAULT CURRENT_TIMESTAMP,
  PRIMARY KEY (`flight_notification_id`),
  KEY `itinerary_id` (`itinerary_id`),
  KEY `flight_change` (`flight_change`),
  KEY `flight_id` (`flight_id`),
  KEY `flight_number` (`flight_number`),
  KEY `flight_name` (`flight_name`),
  KEY `origin_city` (`origin_city`),
  KEY `destination_city` (`destination_city`),
  KEY `delay_risk` (`delay_risk`),
  KEY `delay_index` (`delay_index`),
  KEY `flight_status` (`flight_status`),
  KEY `departure_scheduled` (`departure_scheduled`),
  KEY `arrival_scheduled` (`arrival_scheduled`),
  KEY `created_timestamp` (`created_timestamp`)
) ENGINE=InnoDB AUTO_INCREMENT=22 DEFAULT CHARSET=latin1 ROW_FORMAT=COMPACT;
/*!40101 SET character_set_client = @saved_cs_client */;

--
-- Dumping data for table `flight_notification`
--

LOCK TABLES `flight_notification` WRITE;
/*!40000 ALTER TABLE `flight_notification` DISABLE KEYS */;
INSERT INTO `flight_notification` VALUES (1,1,'51c3e797-fa66-4e79-9a2c-00da1ee2aed1','incoming-eta-etd-update','AA30LAXJFK1706160650',993,'B6','JetBlue Airways','BOS','Boston','General Edward Lawrence Logan Intl','DEN','Denver','Denver Intl',4,'MODERATE','arrival-airport-conditions,late-incoming-flight','2017-05-18 13:11:48','0.65,0.1,0.1,0.15','Scheduled','-04:00','2017-05-18 14:00:00','2017-05-18 14:00:00','estimated','C','C34','-06:00','2017-05-18 16:42:00','2017-05-18 16:47:00','estimated','A','A33','4','','flightview','2017-05-17 19:27:00','','partly-cloudy-day','Partly Cloudy',84.07,0.00,1,'rain','Rain',36.28,0.75,1,'2017-06-01 19:03:03'),(3,3,'51c3e797-fa66-4e79-9a2c-00da1ee2aed1','incoming-eta-etd-update','AA30LAXJFK1706160650',993,'B6','JetBlue Airways','BOS','Boston','General Edward Lawrence Logan Intl','DEN','Denver','Denver Intl',4,'MODERATE','arrival-airport-conditions,late-incoming-flight','2017-05-18 13:11:48','0.65,0.1,0.1,0.15','Scheduled','-04:00','2017-05-18 14:00:00','2017-05-18 14:00:00','estimated','C','C34','-06:00','2017-05-18 16:42:00','2017-05-18 16:47:00','estimated','A','A33','4','','flightview','2017-05-17 19:27:00','','partly-cloudy-day','Partly Cloudy',84.07,0.00,1,'rain','Rain',36.28,0.75,1,'2017-06-01 20:59:42'),(4,19,'7fabdaf6-8166-40d1-a7aa-c8b19bef7897','incoming-eta-etd-update','B6993BOSDEN1705182330',993,'B6','JetBlue Airways','BOS','Boston','General Edward Lawrence Logan Intl','DEN','Denver','Denver Intl',4,'MODERATE','arrival-airport-conditions,late-incoming-flight','2017-05-18 13:11:48','0.65,0.1,0.1,0.15','Scheduled','-04:00','2017-05-18 14:00:00','2017-05-18 14:00:00','estimated','C','C34','-06:00','2017-05-18 16:42:00','2017-05-18 16:47:00','estimated','A','A33','4','','flightview','2017-05-17 19:27:00','','partly-cloudy-day','Partly Cloudy',84.07,0.00,1,'rain','Rain',36.28,0.75,1,'2017-06-06 12:12:36'),(5,20,'7fabdaf6-8166-40d1-a7aa-c8b19bef7897','incoming-eta-etd-update','B6993BOSDEN1705182330',993,'B6','JetBlue Airways','BOS','Boston','General Edward Lawrence Logan Intl','DEN','Denver','Denver Intl',4,'MODERATE','arrival-airport-conditions,late-incoming-flight','2017-05-18 13:11:48','0.65,0.1,0.1,0.15','Scheduled','-04:00','2017-05-18 14:00:00','2017-05-18 14:00:00','estimated','','C34','-06:00','2017-05-18 16:42:00','2017-05-18 16:47:00','estimated','A','A33','4','','flightview','2017-05-17 19:27:00','','partly-cloudy-day','Partly Cloudy',84.07,0.00,1,'rain','Rain',36.28,0.75,1,'2017-06-06 12:12:43'),(6,21,'7fabdaf6-8166-40d1-a7aa-c8b19bef7897','incoming-eta-etd-update','B6993BOSDEN1705182330',993,'B6','JetBlue Airways','BOS','Boston','General Edward Lawrence Logan Intl','DEN','Denver','Denver Intl',4,'MODERATE','arrival-airport-conditions,late-incoming-flight','2017-05-18 13:11:48','0.65,0.1,0.1,0.15','Scheduled','-04:00','2017-05-18 14:00:00','2017-05-18 14:00:00','estimated','C','C34','-06:00','2017-05-18 16:42:00','2017-05-18 16:47:00','estimated','A','A33','4','','flightview','2017-05-17 19:27:00','','partly-cloudy-day','Partly Cloudy',84.07,0.00,1,'rain','Rain',36.28,0.75,1,'2017-06-06 12:13:14'),(7,22,'7fabdaf6-8166-40d1-a7aa-c8b19bef7897','incoming-eta-etd-update','B6993BOSDEN1705182330',993,'B6','JetBlue Airways','BOS','Boston','General Edward Lawrence Logan Intl','DEN','Denver','Denver Intl',4,'MODERATE','arrival-airport-conditions,late-incoming-flight','2017-05-18 13:11:48','0.65,0.1,0.1,0.15','Scheduled','-04:00','2017-05-18 14:00:00','2017-05-18 14:00:00','estimated','C','C34','-06:00','2017-05-18 16:42:00','2017-05-18 16:47:00','estimated','A','A33','4','','flightview','2017-05-17 19:27:00','','partly-cloudy-day','Partly Cloudy',84.07,0.00,1,'rain','Rain',36.28,0.75,1,'2017-06-06 12:13:37'),(21,2,'51c3e797-fa66-4e79-9a2c-00da1ee2aed1','incoming-eta-etd-update','AA30LAXJFK1706160650',9931,'B6','JetBlue Airways','BOS','Boston','General Edward Lawrence Logan Intl','DEN','Denver','Denver Intl',4,'MODERATE','arrival-airport-conditions,late-incoming-flight','2017-05-18 13:11:48','0.65,0.1,0.1,0.15','Scheduled','-04:00','2017-05-18 14:00:00','2017-05-18 14:00:00','estimated','C','C34','-06:00','2017-05-18 16:42:00','2017-05-18 16:47:00','estimated','A','A33','4','','flightview','2017-05-17 19:27:00','','partly-cloudy-day','Partly Cloudy',84.07,0.00,1,'rain','Rain',36.28,0.75,1,'2017-06-01 19:03:24');
/*!40000 ALTER TABLE `flight_notification` ENABLE KEYS */;
UNLOCK TABLES;

--
-- Table structure for table `flight_notification_alert`
--

DROP TABLE IF EXISTS `flight_notification_alert`;
/*!40101 SET @saved_cs_client     = @@character_set_client */;
/*!40101 SET character_set_client = utf8 */;
CREATE TABLE `flight_notification_alert` (
  `flight_notification_alert_id` int(255) NOT NULL AUTO_INCREMENT,
  `flight_registration_id` int(124) NOT NULL,
  `email_status` enum('START','PROCESS','SENT','FAILURE') NOT NULL,
  `created_timestamp` timestamp NOT NULL DEFAULT CURRENT_TIMESTAMP,
  PRIMARY KEY (`flight_notification_alert_id`)
) ENGINE=InnoDB DEFAULT CHARSET=latin1;
/*!40101 SET character_set_client = @saved_cs_client */;

--
-- Dumping data for table `flight_notification_alert`
--

LOCK TABLES `flight_notification_alert` WRITE;
/*!40000 ALTER TABLE `flight_notification_alert` DISABLE KEYS */;
/*!40000 ALTER TABLE `flight_notification_alert` ENABLE KEYS */;
UNLOCK TABLES;

--
-- Table structure for table `flight_notification_raw`
--

DROP TABLE IF EXISTS `flight_notification_raw`;
/*!40101 SET @saved_cs_client     = @@character_set_client */;
/*!40101 SET character_set_client = utf8 */;
CREATE TABLE `flight_notification_raw` (
  `flight_notification_raw_id` bigint(255) NOT NULL AUTO_INCREMENT,
  `notification_raw` longtext NOT NULL,
  `created_timestamp` timestamp NOT NULL DEFAULT CURRENT_TIMESTAMP,
  PRIMARY KEY (`flight_notification_raw_id`)
) ENGINE=InnoDB AUTO_INCREMENT=23 DEFAULT CHARSET=latin1;
/*!40101 SET character_set_client = @saved_cs_client */;

--
-- Dumping data for table `flight_notification_raw`
--

LOCK TABLES `flight_notification_raw` WRITE;
/*!40000 ALTER TABLE `flight_notification_raw` DISABLE KEYS */;
INSERT INTO `flight_notification_raw` VALUES (1,'{\"alert\":{\"itinerary_id\":\"7fabdaf6-8166-40d1-a7aa-c8b19bef7897\",\"change\":\"incoming-eta-etd-update\"},\"flight\":{\"id\":\"B6993BOSDEN1705182330\",\"number\":993,\"carrier\":{\"iata\":\"B6\",\"name\":\"JetBlue Airways\"},\"scheduled_departure\":\"2017-05-18T19:30:00-04:00\",\"scheduled_arrival\":\"2017-05-18T22:12:00-06:00\",\"origin\":{\"iata\":\"BOS\",\"city\":\"Boston\",\"name\":\"General Edward Lawrence Logan Intl\"},\"destination\":{\"iata\":\"DEN\",\"city\":\"Denver\",\"name\":\"Denver Intl\"}},\"prediction\":{\"delay_index\":4,\"distribution\":[0.65,0.1,0.1,0.15],\"risk\":\"MODERATE\",\"causes\":[\"arrival-airport-conditions\",\"late-incoming-flight\"],\"last_changed\":\"2017-05-18T18:41:48.580Z\"},\"status\":{\"text\":\"Scheduled\",\"departure\":{\"scheduled\":\"2017-05-18T19:30:00-04:00\",\"latest\":\"2017-05-18T19:30:00-04:00\",\"type\":\"estimated\",\"terminal\":\"C\",\"gate\":\"C34\"},\"arrival\":{\"scheduled\":\"2017-05-18T22:12:00-06:00\",\"latest\":\"2017-05-18T22:17:00-06:00\",\"type\":\"estimated\",\"terminal\":\"A\",\"gate\":\"A33\",\"baggage_claim\":\"4\"},\"cancelled\":false,\"source\":\"flightview\",\"last_updated\":\"2017-05-18T00:57:00Z\"},\"weather\":{\"origin\":{\"icon\":\"partly-cloudy-day\",\"summary\":\"Partly Cloudy\",\"temperature\":84.07,\"precipitation\":0,\"hourly\":true},\"destination\":{\"icon\":\"rain\",\"summary\":\"Rain\",\"temperature\":36.28,\"precipitation\":0.75,\"hourly\":true}}}','2017-06-01 19:03:03'),(2,'{\"alert\":{\"itinerary_id\":\"7fabdaf6-8166-40d1-a7aa-c8b19bef7897\",\"change\":\"incoming-eta-etd-update\"},\"flight\":{\"id\":\"B6993BOSDEN1705182330\",\"number\":993,\"carrier\":{\"iata\":\"B6\",\"name\":\"JetBlue Airways\"},\"scheduled_departure\":\"2017-05-18T19:30:00-04:00\",\"scheduled_arrival\":\"2017-05-18T22:12:00-06:00\",\"origin\":{\"iata\":\"BOS\",\"city\":\"Boston\",\"name\":\"General Edward Lawrence Logan Intl\"},\"destination\":{\"iata\":\"DEN\",\"city\":\"Denver\",\"name\":\"Denver Intl\"}},\"prediction\":{\"delay_index\":4,\"distribution\":[0.65,0.1,0.1,0.15],\"risk\":\"MODERATE\",\"causes\":[\"arrival-airport-conditions\",\"late-incoming-flight\"],\"last_changed\":\"2017-05-18T18:41:48.580Z\"},\"status\":{\"text\":\"Scheduled\",\"departure\":{\"scheduled\":\"2017-05-18T19:30:00-04:00\",\"latest\":\"2017-05-18T19:30:00-04:00\",\"type\":\"estimated\",\"terminal\":\"C\",\"gate\":\"C34\"},\"arrival\":{\"scheduled\":\"2017-05-18T22:12:00-06:00\",\"latest\":\"2017-05-18T22:17:00-06:00\",\"type\":\"estimated\",\"terminal\":\"A\",\"gate\":\"A33\",\"baggage_claim\":\"4\"},\"cancelled\":false,\"source\":\"flightview\",\"last_updated\":\"2017-05-18T00:57:00Z\"},\"weather\":{\"origin\":{\"icon\":\"partly-cloudy-day\",\"summary\":\"Partly Cloudy\",\"temperature\":84.07,\"precipitation\":0,\"hourly\":true},\"destination\":{\"icon\":\"rain\",\"summary\":\"Rain\",\"temperature\":36.28,\"precipitation\":0.75,\"hourly\":true}}}','2017-06-01 19:03:24'),(3,'{\"alert\":{\"itinerary_id\":\"7fabdaf6-8166-40d1-a7aa-c8b19bef7897\",\"change\":\"incoming-eta-etd-update\"},\"flight\":{\"id\":\"B6993BOSDEN1705182330\",\"number\":993,\"carrier\":{\"iata\":\"B6\",\"name\":\"JetBlue Airways\"},\"scheduled_departure\":\"2017-05-18T19:30:00-04:00\",\"scheduled_arrival\":\"2017-05-18T22:12:00-06:00\",\"origin\":{\"iata\":\"BOS\",\"city\":\"Boston\",\"name\":\"General Edward Lawrence Logan Intl\"},\"destination\":{\"iata\":\"DEN\",\"city\":\"Denver\",\"name\":\"Denver Intl\"}},\"prediction\":{\"delay_index\":4,\"distribution\":[0.65,0.1,0.1,0.15],\"risk\":\"MODERATE\",\"causes\":[\"arrival-airport-conditions\",\"late-incoming-flight\"],\"last_changed\":\"2017-05-18T18:41:48.580Z\"},\"status\":{\"text\":\"Scheduled\",\"departure\":{\"scheduled\":\"2017-05-18T19:30:00-04:00\",\"latest\":\"2017-05-18T19:30:00-04:00\",\"type\":\"estimated\",\"terminal\":\"C\",\"gate\":\"C34\"},\"arrival\":{\"scheduled\":\"2017-05-18T22:12:00-06:00\",\"latest\":\"2017-05-18T22:17:00-06:00\",\"type\":\"estimated\",\"terminal\":\"A\",\"gate\":\"A33\",\"baggage_claim\":\"4\"},\"cancelled\":false,\"source\":\"flightview\",\"last_updated\":\"2017-05-18T00:57:00Z\"},\"weather\":{\"origin\":{\"icon\":\"partly-cloudy-day\",\"summary\":\"Partly Cloudy\",\"temperature\":84.07,\"precipitation\":0,\"hourly\":true},\"destination\":{\"icon\":\"rain\",\"summary\":\"Rain\",\"temperature\":36.28,\"precipitation\":0.75,\"hourly\":true}}}','2017-06-01 20:54:06'),(4,'{\"alert\":{\"itinerary_id\":\"7fabdaf6-8166-40d1-a7aa-c8b19bef7897\",\"change\":\"incoming-eta-etd-update\"},\"flight\":{\"id\":\"B6993BOSDEN1705182330\",\"number\":993,\"carrier\":{\"iata\":\"B6\",\"name\":\"JetBlue Airways\"},\"scheduled_departure\":\"2017-05-18T19:30:00-04:00\",\"scheduled_arrival\":\"2017-05-18T22:12:00-06:00\",\"origin\":{\"iata\":\"BOS\",\"city\":\"Boston\",\"name\":\"General Edward Lawrence Logan Intl\"},\"destination\":{\"iata\":\"DEN\",\"city\":\"Denver\",\"name\":\"Denver Intl\"}},\"prediction\":{\"delay_index\":4,\"distribution\":[0.65,0.1,0.1,0.15],\"risk\":\"MODERATE\",\"causes\":[\"arrival-airport-conditions\",\"late-incoming-flight\"],\"last_changed\":\"2017-05-18T18:41:48.580Z\"},\"status\":{\"text\":\"Scheduled\",\"departure\":{\"scheduled\":\"2017-05-18T19:30:00-04:00\",\"latest\":\"2017-05-18T19:30:00-04:00\",\"type\":\"estimated\",\"terminal\":\"C\",\"gate\":\"C34\"},\"arrival\":{\"scheduled\":\"2017-05-18T22:12:00-06:00\",\"latest\":\"2017-05-18T22:17:00-06:00\",\"type\":\"estimated\",\"terminal\":\"A\",\"gate\":\"A33\",\"baggage_claim\":\"4\"},\"cancelled\":false,\"source\":\"flightview\",\"last_updated\":\"2017-05-18T00:57:00Z\"},\"weather\":{\"origin\":{\"icon\":\"partly-cloudy-day\",\"summary\":\"Partly Cloudy\",\"temperature\":84.07,\"precipitation\":0,\"hourly\":true},\"destination\":{\"icon\":\"rain\",\"summary\":\"Rain\",\"temperature\":36.28,\"precipitation\":0.75,\"hourly\":true}}}','2017-06-01 20:54:12'),(5,'{\"alert\":{\"itinerary_id\":\"7fabdaf6-8166-40d1-a7aa-c8b19bef7897\",\"change\":\"incoming-eta-etd-update\"},\"flight\":{\"id\":\"B6993BOSDEN1705182330\",\"number\":993,\"carrier\":{\"iata\":\"B6\",\"name\":\"JetBlue Airways\"},\"scheduled_departure\":\"2017-05-18T19:30:00-04:00\",\"scheduled_arrival\":\"2017-05-18T22:12:00-06:00\",\"origin\":{\"iata\":\"BOS\",\"city\":\"Boston\",\"name\":\"General Edward Lawrence Logan Intl\"},\"destination\":{\"iata\":\"DEN\",\"city\":\"Denver\",\"name\":\"Denver Intl\"}},\"prediction\":{\"delay_index\":4,\"distribution\":[0.65,0.1,0.1,0.15],\"risk\":\"MODERATE\",\"causes\":[\"arrival-airport-conditions\",\"late-incoming-flight\"],\"last_changed\":\"2017-05-18T18:41:48.580Z\"},\"status\":{\"text\":\"Scheduled\",\"departure\":{\"scheduled\":\"2017-05-18T19:30:00-04:00\",\"latest\":\"2017-05-18T19:30:00-04:00\",\"type\":\"estimated\",\"terminal\":\"C\",\"gate\":\"C34\"},\"arrival\":{\"scheduled\":\"2017-05-18T22:12:00-06:00\",\"latest\":\"2017-05-18T22:17:00-06:00\",\"type\":\"estimated\",\"terminal\":\"A\",\"gate\":\"A33\",\"baggage_claim\":\"4\"},\"cancelled\":false,\"source\":\"flightview\",\"last_updated\":\"2017-05-18T00:57:00Z\"},\"weather\":{\"origin\":{\"icon\":\"partly-cloudy-day\",\"summary\":\"Partly Cloudy\",\"temperature\":84.07,\"precipitation\":0,\"hourly\":true},\"destination\":{\"icon\":\"rain\",\"summary\":\"Rain\",\"temperature\":36.28,\"precipitation\":0.75,\"hourly\":true}}}','2017-06-01 20:54:13'),(6,'{\"alert\":{\"itinerary_id\":\"7fabdaf6-8166-40d1-a7aa-c8b19bef7897\",\"change\":\"incoming-eta-etd-update\"},\"flight\":{\"id\":\"B6993BOSDEN1705182330\",\"number\":993,\"carrier\":{\"iata\":\"B6\",\"name\":\"JetBlue Airways\"},\"scheduled_departure\":\"2017-05-18T19:30:00-04:00\",\"scheduled_arrival\":\"2017-05-18T22:12:00-06:00\",\"origin\":{\"iata\":\"BOS\",\"city\":\"Boston\",\"name\":\"General Edward Lawrence Logan Intl\"},\"destination\":{\"iata\":\"DEN\",\"city\":\"Denver\",\"name\":\"Denver Intl\"}},\"prediction\":{\"delay_index\":4,\"distribution\":[0.65,0.1,0.1,0.15],\"risk\":\"MODERATE\",\"causes\":[\"arrival-airport-conditions\",\"late-incoming-flight\"],\"last_changed\":\"2017-05-18T18:41:48.580Z\"},\"status\":{\"text\":\"Scheduled\",\"departure\":{\"scheduled\":\"2017-05-18T19:30:00-04:00\",\"latest\":\"2017-05-18T19:30:00-04:00\",\"type\":\"estimated\",\"terminal\":\"C\",\"gate\":\"C34\"},\"arrival\":{\"scheduled\":\"2017-05-18T22:12:00-06:00\",\"latest\":\"2017-05-18T22:17:00-06:00\",\"type\":\"estimated\",\"terminal\":\"A\",\"gate\":\"A33\",\"baggage_claim\":\"4\"},\"cancelled\":false,\"source\":\"flightview\",\"last_updated\":\"2017-05-18T00:57:00Z\"},\"weather\":{\"origin\":{\"icon\":\"partly-cloudy-day\",\"summary\":\"Partly Cloudy\",\"temperature\":84.07,\"precipitation\":0,\"hourly\":true},\"destination\":{\"icon\":\"rain\",\"summary\":\"Rain\",\"temperature\":36.28,\"precipitation\":0.75,\"hourly\":true}}}','2017-06-01 20:59:49'),(7,'{\"alert\":{\"itinerary_id\":\"7fabdaf6-8166-40d1-a7aa-c8b19bef7897\",\"change\":\"incoming-eta-etd-update\"},\"flight\":{\"id\":\"B6993BOSDEN1705182330\",\"number\":993,\"carrier\":{\"iata\":\"B6\",\"name\":\"JetBlue Airways\"},\"scheduled_departure\":\"2017-05-18T19:30:00-04:00\",\"scheduled_arrival\":\"2017-05-18T22:12:00-06:00\",\"origin\":{\"iata\":\"BOS\",\"city\":\"Boston\",\"name\":\"General Edward Lawrence Logan Intl\"},\"destination\":{\"iata\":\"DEN\",\"city\":\"Denver\",\"name\":\"Denver Intl\"}},\"prediction\":{\"delay_index\":4,\"distribution\":[0.65,0.1,0.1,0.15],\"risk\":\"MODERATE\",\"causes\":[\"arrival-airport-conditions\",\"late-incoming-flight\"],\"last_changed\":\"2017-05-18T18:41:48.580Z\"},\"status\":{\"text\":\"Scheduled\",\"departure\":{\"scheduled\":\"2017-05-18T19:30:00-04:00\",\"latest\":\"2017-05-18T19:30:00-04:00\",\"type\":\"estimated\",\"terminal\":\"C\",\"gate\":\"C34\"},\"arrival\":{\"scheduled\":\"2017-05-18T22:12:00-06:00\",\"latest\":\"2017-05-18T22:17:00-06:00\",\"type\":\"estimated\",\"terminal\":\"A\",\"gate\":\"A33\",\"baggage_claim\":\"4\"},\"cancelled\":false,\"source\":\"flightview\",\"last_updated\":\"2017-05-18T00:57:00Z\"},\"weather\":{\"origin\":{\"icon\":\"partly-cloudy-day\",\"summary\":\"Partly Cloudy\",\"temperature\":84.07,\"precipitation\":0,\"hourly\":true},\"destination\":{\"icon\":\"rain\",\"summary\":\"Rain\",\"temperature\":36.28,\"precipitation\":0.75,\"hourly\":true}}}','2017-06-01 21:00:28'),(8,'{\"alert\":{\"itinerary_id\":\"7fabdaf6-8166-40d1-a7aa-c8b19bef7897\",\"change\":\"incoming-eta-etd-update\"},\"flight\":{\"id\":\"B6993BOSDEN1705182330\",\"number\":993,\"carrier\":{\"iata\":\"B6\",\"name\":\"JetBlue Airways\"},\"scheduled_departure\":\"2017-05-18T19:30:00-04:00\",\"scheduled_arrival\":\"2017-05-18T22:12:00-06:00\",\"origin\":{\"iata\":\"BOS\",\"city\":\"Boston\",\"name\":\"General Edward Lawrence Logan Intl\"},\"destination\":{\"iata\":\"DEN\",\"city\":\"Denver\",\"name\":\"Denver Intl\"}},\"prediction\":{\"delay_index\":4,\"distribution\":[0.65,0.1,0.1,0.15],\"risk\":\"MODERATE\",\"causes\":[\"arrival-airport-conditions\",\"late-incoming-flight\"],\"last_changed\":\"2017-05-18T18:41:48.580Z\"},\"status\":{\"text\":\"Scheduled\",\"departure\":{\"scheduled\":\"2017-05-18T19:30:00-04:00\",\"latest\":\"2017-05-18T19:30:00-04:00\",\"type\":\"estimated\",\"terminal\":\"C\",\"gate\":\"C34\"},\"arrival\":{\"scheduled\":\"2017-05-18T22:12:00-06:00\",\"latest\":\"2017-05-18T22:17:00-06:00\",\"type\":\"estimated\",\"terminal\":\"A\",\"gate\":\"A33\",\"baggage_claim\":\"4\"},\"cancelled\":false,\"source\":\"flightview\",\"last_updated\":\"2017-05-18T00:57:00Z\"},\"weather\":{\"origin\":{\"icon\":\"partly-cloudy-day\",\"summary\":\"Partly Cloudy\",\"temperature\":84.07,\"precipitation\":0,\"hourly\":true},\"destination\":{\"icon\":\"rain\",\"summary\":\"Rain\",\"temperature\":36.28,\"precipitation\":0.75,\"hourly\":true}}}','2017-06-01 21:03:44'),(9,'{\"alert\":{\"itinerary_id\":\"7fabdaf6-8166-40d1-a7aa-c8b19bef7897\",\"change\":\"incoming-eta-etd-update\"},\"flight\":{\"id\":\"B6993BOSDEN1705182330\",\"number\":993,\"carrier\":{\"iata\":\"B6\",\"name\":\"JetBlue Airways\"},\"scheduled_departure\":\"2017-05-18T19:30:00-04:00\",\"scheduled_arrival\":\"2017-05-18T22:12:00-06:00\",\"origin\":{\"iata\":\"BOS\",\"city\":\"Boston\",\"name\":\"General Edward Lawrence Logan Intl\"},\"destination\":{\"iata\":\"DEN\",\"city\":\"Denver\",\"name\":\"Denver Intl\"}},\"prediction\":{\"delay_index\":4,\"distribution\":[0.65,0.1,0.1,0.15],\"risk\":\"MODERATE\",\"causes\":[\"arrival-airport-conditions\",\"late-incoming-flight\"],\"last_changed\":\"2017-05-18T18:41:48.580Z\"},\"status\":{\"text\":\"Scheduled\",\"departure\":{\"scheduled\":\"2017-05-18T19:30:00-04:00\",\"latest\":\"2017-05-18T19:30:00-04:00\",\"type\":\"estimated\",\"terminal\":\"C\",\"gate\":\"C34\"},\"arrival\":{\"scheduled\":\"2017-05-18T22:12:00-06:00\",\"latest\":\"2017-05-18T22:17:00-06:00\",\"type\":\"estimated\",\"terminal\":\"A\",\"gate\":\"A33\",\"baggage_claim\":\"4\"},\"cancelled\":false,\"source\":\"flightview\",\"last_updated\":\"2017-05-18T00:57:00Z\"},\"weather\":{\"origin\":{\"icon\":\"partly-cloudy-day\",\"summary\":\"Partly Cloudy\",\"temperature\":84.07,\"precipitation\":0,\"hourly\":true},\"destination\":{\"icon\":\"rain\",\"summary\":\"Rain\",\"temperature\":36.28,\"precipitation\":0.75,\"hourly\":true}}}','2017-06-02 00:18:19'),(10,'{\"alert\":{\"itinerary_id\":\"7fabdaf6-8166-40d1-a7aa-c8b19bef7897\",\"change\":\"incoming-eta-etd-update\"},\"flight\":{\"id\":\"B6993BOSDEN1705182330\",\"number\":993,\"carrier\":{\"iata\":\"B6\",\"name\":\"JetBlue Airways\"},\"scheduled_departure\":\"2017-05-18T19:30:00-04:00\",\"scheduled_arrival\":\"2017-05-18T22:12:00-06:00\",\"origin\":{\"iata\":\"BOS\",\"city\":\"Boston\",\"name\":\"General Edward Lawrence Logan Intl\"},\"destination\":{\"iata\":\"DEN\",\"city\":\"Denver\",\"name\":\"Denver Intl\"}},\"prediction\":{\"delay_index\":4,\"distribution\":[0.65,0.1,0.1,0.15],\"risk\":\"MODERATE\",\"causes\":[\"arrival-airport-conditions\",\"late-incoming-flight\"],\"last_changed\":\"2017-05-18T18:41:48.580Z\"},\"status\":{\"text\":\"Scheduled\",\"departure\":{\"scheduled\":\"2017-05-18T19:30:00-04:00\",\"latest\":\"2017-05-18T19:30:00-04:00\",\"type\":\"estimated\",\"terminal\":\"C\",\"gate\":\"C34\"},\"arrival\":{\"scheduled\":\"2017-05-18T22:12:00-06:00\",\"latest\":\"2017-05-18T22:17:00-06:00\",\"type\":\"estimated\",\"terminal\":\"A\",\"gate\":\"A33\",\"baggage_claim\":\"4\"},\"cancelled\":false,\"source\":\"flightview\",\"last_updated\":\"2017-05-18T00:57:00Z\"},\"weather\":{\"origin\":{\"icon\":\"partly-cloudy-day\",\"summary\":\"Partly Cloudy\",\"temperature\":84.07,\"precipitation\":0,\"hourly\":true},\"destination\":{\"icon\":\"rain\",\"summary\":\"Rain\",\"temperature\":36.28,\"precipitation\":0.75,\"hourly\":true}}}','2017-06-02 00:20:15'),(11,'{\"alert\":{\"itinerary_id\":\"7fabdaf6-8166-40d1-a7aa-c8b19bef7897\",\"change\":\"incoming-eta-etd-update\"},\"flight\":{\"id\":\"B6993BOSDEN1705182330\",\"number\":993,\"carrier\":{\"iata\":\"B6\",\"name\":\"JetBlue Airways\"},\"scheduled_departure\":\"2017-05-18T19:30:00-04:00\",\"scheduled_arrival\":\"2017-05-18T22:12:00-06:00\",\"origin\":{\"iata\":\"BOS\",\"city\":\"Boston\",\"name\":\"General Edward Lawrence Logan Intl\"},\"destination\":{\"iata\":\"DEN\",\"city\":\"Denver\",\"name\":\"Denver Intl\"}},\"prediction\":{\"delay_index\":4,\"distribution\":[0.65,0.1,0.1,0.15],\"risk\":\"MODERATE\",\"causes\":[\"arrival-airport-conditions\",\"late-incoming-flight\"],\"last_changed\":\"2017-05-18T18:41:48.580Z\"},\"status\":{\"text\":\"Scheduled\",\"departure\":{\"scheduled\":\"2017-05-18T19:30:00-04:00\",\"latest\":\"2017-05-18T19:30:00-04:00\",\"type\":\"estimated\",\"terminal\":\"C\",\"gate\":\"C34\"},\"arrival\":{\"scheduled\":\"2017-05-18T22:12:00-06:00\",\"latest\":\"2017-05-18T22:17:00-06:00\",\"type\":\"estimated\",\"terminal\":\"A\",\"gate\":\"A33\",\"baggage_claim\":\"4\"},\"cancelled\":false,\"source\":\"flightview\",\"last_updated\":\"2017-05-18T00:57:00Z\"},\"weather\":{\"origin\":{\"icon\":\"partly-cloudy-day\",\"summary\":\"Partly Cloudy\",\"temperature\":84.07,\"precipitation\":0,\"hourly\":true},\"destination\":{\"icon\":\"rain\",\"summary\":\"Rain\",\"temperature\":36.28,\"precipitation\":0.75,\"hourly\":true}}}','2017-06-02 05:35:34'),(12,'{\"alert\":{\"itinerary_id\":\"7fabdaf6-8166-40d1-a7aa-c8b19bef7897\",\"change\":\"incoming-eta-etd-update\"},\"flight\":{\"id\":\"B6993BOSDEN1705182330\",\"number\":993,\"carrier\":{\"iata\":\"B6\",\"name\":\"JetBlue Airways\"},\"scheduled_departure\":\"2017-05-18T19:30:00-04:00\",\"scheduled_arrival\":\"2017-05-18T22:12:00-06:00\",\"origin\":{\"iata\":\"BOS\",\"city\":\"Boston\",\"name\":\"General Edward Lawrence Logan Intl\"},\"destination\":{\"iata\":\"DEN\",\"city\":\"Denver\",\"name\":\"Denver Intl\"}},\"prediction\":{\"delay_index\":4,\"distribution\":[0.65,0.1,0.1,0.15],\"risk\":\"MODERATE\",\"causes\":[\"arrival-airport-conditions\",\"late-incoming-flight\"],\"last_changed\":\"2017-05-18T18:41:48.580Z\"},\"status\":{\"text\":\"Scheduled\",\"departure\":{\"scheduled\":\"2017-05-18T19:30:00-04:00\",\"latest\":\"2017-05-18T19:30:00-04:00\",\"type\":\"estimated\",\"terminal\":\"C\",\"gate\":\"C34\"},\"arrival\":{\"scheduled\":\"2017-05-18T22:12:00-06:00\",\"latest\":\"2017-05-18T22:17:00-06:00\",\"type\":\"estimated\",\"terminal\":\"A\",\"gate\":\"A33\",\"baggage_claim\":\"4\"},\"cancelled\":false,\"source\":\"flightview\",\"last_updated\":\"2017-05-18T00:57:00Z\"},\"weather\":{\"origin\":{\"icon\":\"partly-cloudy-day\",\"summary\":\"Partly Cloudy\",\"temperature\":84.07,\"precipitation\":0,\"hourly\":true},\"destination\":{\"icon\":\"rain\",\"summary\":\"Rain\",\"temperature\":36.28,\"precipitation\":0.75,\"hourly\":true}}}','2017-06-02 05:43:12'),(13,'{\"alert\":{\"itinerary_id\":\"7fabdaf6-8166-40d1-a7aa-c8b19bef7897\",\"change\":\"incoming-eta-etd-update\"},\"flight\":{\"id\":\"B6993BOSDEN1705182330\",\"number\":993,\"carrier\":{\"iata\":\"B6\",\"name\":\"JetBlue Airways\"},\"scheduled_departure\":\"2017-05-18T19:30:00-04:00\",\"scheduled_arrival\":\"2017-05-18T22:12:00-06:00\",\"origin\":{\"iata\":\"BOS\",\"city\":\"Boston\",\"name\":\"General Edward Lawrence Logan Intl\"},\"destination\":{\"iata\":\"DEN\",\"city\":\"Denver\",\"name\":\"Denver Intl\"}},\"prediction\":{\"delay_index\":4,\"distribution\":[0.65,0.1,0.1,0.15],\"risk\":\"MODERATE\",\"causes\":[\"arrival-airport-conditions\",\"late-incoming-flight\"],\"last_changed\":\"2017-05-18T18:41:48.580Z\"},\"status\":{\"text\":\"Scheduled\",\"departure\":{\"scheduled\":\"2017-05-18T19:30:00-04:00\",\"latest\":\"2017-05-18T19:30:00-04:00\",\"type\":\"estimated\",\"terminal\":\"C\",\"gate\":\"C34\"},\"arrival\":{\"scheduled\":\"2017-05-18T22:12:00-06:00\",\"latest\":\"2017-05-18T22:17:00-06:00\",\"type\":\"estimated\",\"terminal\":\"A\",\"gate\":\"A33\",\"baggage_claim\":\"4\"},\"cancelled\":false,\"source\":\"flightview\",\"last_updated\":\"2017-05-18T00:57:00Z\"},\"weather\":{\"origin\":{\"icon\":\"partly-cloudy-day\",\"summary\":\"Partly Cloudy\",\"temperature\":84.07,\"precipitation\":0,\"hourly\":true},\"destination\":{\"icon\":\"rain\",\"summary\":\"Rain\",\"temperature\":36.28,\"precipitation\":0.75,\"hourly\":true}}}','2017-06-02 07:24:34'),(14,'{\"alert\":{\"itinerary_id\":\"7fabdaf6-8166-40d1-a7aa-c8b19bef7897\",\"change\":\"incoming-eta-etd-update\"},\"flight\":{\"id\":\"B6993BOSDEN1705182330\",\"number\":993,\"carrier\":{\"iata\":\"B6\",\"name\":\"JetBlue Airways\"},\"scheduled_departure\":\"2017-05-18T19:30:00-04:00\",\"scheduled_arrival\":\"2017-05-18T22:12:00-06:00\",\"origin\":{\"iata\":\"BOS\",\"city\":\"Boston\",\"name\":\"General Edward Lawrence Logan Intl\"},\"destination\":{\"iata\":\"DEN\",\"city\":\"Denver\",\"name\":\"Denver Intl\"}},\"prediction\":{\"delay_index\":4,\"distribution\":[0.65,0.1,0.1,0.15],\"risk\":\"MODERATE\",\"causes\":[\"arrival-airport-conditions\",\"late-incoming-flight\"],\"last_changed\":\"2017-05-18T18:41:48.580Z\"},\"status\":{\"text\":\"Scheduled\",\"departure\":{\"scheduled\":\"2017-05-18T19:30:00-04:00\",\"latest\":\"2017-05-18T19:30:00-04:00\",\"type\":\"estimated\",\"terminal\":\"C\",\"gate\":\"C34\"},\"arrival\":{\"scheduled\":\"2017-05-18T22:12:00-06:00\",\"latest\":\"2017-05-18T22:17:00-06:00\",\"type\":\"estimated\",\"terminal\":\"A\",\"gate\":\"A33\",\"baggage_claim\":\"4\"},\"cancelled\":false,\"source\":\"flightview\",\"last_updated\":\"2017-05-18T00:57:00Z\"},\"weather\":{\"origin\":{\"icon\":\"partly-cloudy-day\",\"summary\":\"Partly Cloudy\",\"temperature\":84.07,\"precipitation\":0,\"hourly\":true},\"destination\":{\"icon\":\"rain\",\"summary\":\"Rain\",\"temperature\":36.28,\"precipitation\":0.75,\"hourly\":true}}}','2017-06-06 07:29:27'),(15,'{\"alert\":{\"itinerary_id\":\"7fabdaf6-8166-40d1-a7aa-c8b19bef7897\",\"change\":\"incoming-eta-etd-update\"},\"flight\":{\"id\":\"B6993BOSDEN1705182330\",\"number\":993,\"carrier\":{\"iata\":\"B6\",\"name\":\"JetBlue Airways\"},\"scheduled_departure\":\"2017-05-18T19:30:00-04:00\",\"scheduled_arrival\":\"2017-05-18T22:12:00-06:00\",\"origin\":{\"iata\":\"BOS\",\"city\":\"Boston\",\"name\":\"General Edward Lawrence Logan Intl\"},\"destination\":{\"iata\":\"DEN\",\"city\":\"Denver\",\"name\":\"Denver Intl\"}},\"prediction\":{\"delay_index\":4,\"distribution\":[0.65,0.1,0.1,0.15],\"risk\":\"MODERATE\",\"causes\":[\"arrival-airport-conditions\",\"late-incoming-flight\"],\"last_changed\":\"2017-05-18T18:41:48.580Z\"},\"status\":{\"text\":\"Scheduled\",\"departure\":{\"scheduled\":\"2017-05-18T19:30:00-04:00\",\"latest\":\"2017-05-18T19:30:00-04:00\",\"type\":\"estimated\",\"terminal\":\"C\",\"gate\":\"C34\"},\"arrival\":{\"scheduled\":\"2017-05-18T22:12:00-06:00\",\"latest\":\"2017-05-18T22:17:00-06:00\",\"type\":\"estimated\",\"terminal\":\"A\",\"gate\":\"A33\",\"baggage_claim\":\"4\"},\"cancelled\":false,\"source\":\"flightview\",\"last_updated\":\"2017-05-18T00:57:00Z\"},\"weather\":{\"origin\":{\"icon\":\"partly-cloudy-day\",\"summary\":\"Partly Cloudy\",\"temperature\":84.07,\"precipitation\":0,\"hourly\":true},\"destination\":{\"icon\":\"rain\",\"summary\":\"Rain\",\"temperature\":36.28,\"precipitation\":0.75,\"hourly\":true}}}','2017-06-06 07:29:29'),(16,'{\"alert\":{\"itinerary_id\":\"7fabdaf6-8166-40d1-a7aa-c8b19bef7897\",\"change\":\"incoming-eta-etd-update\"},\"flight\":{\"id\":\"B6993BOSDEN1705182330\",\"number\":993,\"carrier\":{\"iata\":\"B6\",\"name\":\"JetBlue Airways\"},\"scheduled_departure\":\"2017-05-18T19:30:00-04:00\",\"scheduled_arrival\":\"2017-05-18T22:12:00-06:00\",\"origin\":{\"iata\":\"BOS\",\"city\":\"Boston\",\"name\":\"General Edward Lawrence Logan Intl\"},\"destination\":{\"iata\":\"DEN\",\"city\":\"Denver\",\"name\":\"Denver Intl\"}},\"prediction\":{\"delay_index\":4,\"distribution\":[0.65,0.1,0.1,0.15],\"risk\":\"MODERATE\",\"causes\":[\"arrival-airport-conditions\",\"late-incoming-flight\"],\"last_changed\":\"2017-05-18T18:41:48.580Z\"},\"status\":{\"text\":\"Scheduled\",\"departure\":{\"scheduled\":\"2017-05-18T19:30:00-04:00\",\"latest\":\"2017-05-18T19:30:00-04:00\",\"type\":\"estimated\",\"terminal\":\"C\",\"gate\":\"C34\"},\"arrival\":{\"scheduled\":\"2017-05-18T22:12:00-06:00\",\"latest\":\"2017-05-18T22:17:00-06:00\",\"type\":\"estimated\",\"terminal\":\"A\",\"gate\":\"A33\",\"baggage_claim\":\"4\"},\"cancelled\":false,\"source\":\"flightview\",\"last_updated\":\"2017-05-18T00:57:00Z\"},\"weather\":{\"origin\":{\"icon\":\"partly-cloudy-day\",\"summary\":\"Partly Cloudy\",\"temperature\":84.07,\"precipitation\":0,\"hourly\":true},\"destination\":{\"icon\":\"rain\",\"summary\":\"Rain\",\"temperature\":36.28,\"precipitation\":0.75,\"hourly\":true}}}','2017-06-06 07:29:33'),(17,'{\"alert\":{\"itinerary_id\":\"7fabdaf6-8166-40d1-a7aa-c8b19bef7897\",\"change\":\"incoming-eta-etd-update\"},\"flight\":{\"id\":\"B6993BOSDEN1705182330\",\"number\":993,\"carrier\":{\"iata\":\"B6\",\"name\":\"JetBlue Airways\"},\"scheduled_departure\":\"2017-05-18T19:30:00-04:00\",\"scheduled_arrival\":\"2017-05-18T22:12:00-06:00\",\"origin\":{\"iata\":\"BOS\",\"city\":\"Boston\",\"name\":\"General Edward Lawrence Logan Intl\"},\"destination\":{\"iata\":\"DEN\",\"city\":\"Denver\",\"name\":\"Denver Intl\"}},\"prediction\":{\"delay_index\":4,\"distribution\":[0.65,0.1,0.1,0.15],\"risk\":\"MODERATE\",\"causes\":[\"arrival-airport-conditions\",\"late-incoming-flight\"],\"last_changed\":\"2017-05-18T18:41:48.580Z\"},\"status\":{\"text\":\"Scheduled\",\"departure\":{\"scheduled\":\"2017-05-18T19:30:00-04:00\",\"latest\":\"2017-05-18T19:30:00-04:00\",\"type\":\"estimated\",\"terminal\":\"C\",\"gate\":\"C34\"},\"arrival\":{\"scheduled\":\"2017-05-18T22:12:00-06:00\",\"latest\":\"2017-05-18T22:17:00-06:00\",\"type\":\"estimated\",\"terminal\":\"A\",\"gate\":\"A33\",\"baggage_claim\":\"4\"},\"cancelled\":false,\"source\":\"flightview\",\"last_updated\":\"2017-05-18T00:57:00Z\"},\"weather\":{\"origin\":{\"icon\":\"partly-cloudy-day\",\"summary\":\"Partly Cloudy\",\"temperature\":84.07,\"precipitation\":0,\"hourly\":true},\"destination\":{\"icon\":\"rain\",\"summary\":\"Rain\",\"temperature\":36.28,\"precipitation\":0.75,\"hourly\":true}}}','2017-06-06 07:29:41'),(18,'{\"alert\":{\"itinerary_id\":\"7fabdaf6-8166-40d1-a7aa-c8b19bef7897\",\"change\":\"incoming-eta-etd-update\"},\"flight\":{\"id\":\"B6993BOSDEN1705182330\",\"number\":993,\"carrier\":{\"iata\":\"B6\",\"name\":\"JetBlue Airways\"},\"scheduled_departure\":\"2017-05-18T19:30:00-04:00\",\"scheduled_arrival\":\"2017-05-18T22:12:00-06:00\",\"origin\":{\"iata\":\"BOS\",\"city\":\"Boston\",\"name\":\"General Edward Lawrence Logan Intl\"},\"destination\":{\"iata\":\"DEN\",\"city\":\"Denver\",\"name\":\"Denver Intl\"}},\"prediction\":{\"delay_index\":4,\"distribution\":[0.65,0.1,0.1,0.15],\"risk\":\"MODERATE\",\"causes\":[\"arrival-airport-conditions\",\"late-incoming-flight\"],\"last_changed\":\"2017-05-18T18:41:48.580Z\"},\"status\":{\"text\":\"Scheduled\",\"departure\":{\"scheduled\":\"2017-05-18T19:30:00-04:00\",\"latest\":\"2017-05-18T19:30:00-04:00\",\"type\":\"estimated\",\"terminal\":\"C\",\"gate\":\"C34\"},\"arrival\":{\"scheduled\":\"2017-05-18T22:12:00-06:00\",\"latest\":\"2017-05-18T22:17:00-06:00\",\"type\":\"estimated\",\"terminal\":\"A\",\"gate\":\"A33\",\"baggage_claim\":\"4\"},\"cancelled\":false,\"source\":\"flightview\",\"last_updated\":\"2017-05-18T00:57:00Z\"},\"weather\":{\"origin\":{\"icon\":\"partly-cloudy-day\",\"summary\":\"Partly Cloudy\",\"temperature\":84.07,\"precipitation\":0,\"hourly\":true},\"destination\":{\"icon\":\"rain\",\"summary\":\"Rain\",\"temperature\":36.28,\"precipitation\":0.75,\"hourly\":true}}}','2017-06-06 07:34:41'),(19,'{\"alert\":{\"itinerary_id\":\"7fabdaf6-8166-40d1-a7aa-c8b19bef7897\",\"change\":\"incoming-eta-etd-update\"},\"flight\":{\"id\":\"B6993BOSDEN1705182330\",\"number\":993,\"carrier\":{\"iata\":\"B6\",\"name\":\"JetBlue Airways\"},\"scheduled_departure\":\"2017-05-18T19:30:00-04:00\",\"scheduled_arrival\":\"2017-05-18T22:12:00-06:00\",\"origin\":{\"iata\":\"BOS\",\"city\":\"Boston\",\"name\":\"General Edward Lawrence Logan Intl\"},\"destination\":{\"iata\":\"DEN\",\"city\":\"Denver\",\"name\":\"Denver Intl\"}},\"prediction\":{\"delay_index\":4,\"distribution\":[0.65,0.1,0.1,0.15],\"risk\":\"MODERATE\",\"causes\":[\"arrival-airport-conditions\",\"late-incoming-flight\"],\"last_changed\":\"2017-05-18T18:41:48.580Z\"},\"status\":{\"text\":\"Scheduled\",\"departure\":{\"scheduled\":\"2017-05-18T19:30:00-04:00\",\"latest\":\"2017-05-18T19:30:00-04:00\",\"type\":\"estimated\",\"terminal\":\"C\",\"gate\":\"C34\"},\"arrival\":{\"scheduled\":\"2017-05-18T22:12:00-06:00\",\"latest\":\"2017-05-18T22:17:00-06:00\",\"type\":\"estimated\",\"terminal\":\"A\",\"gate\":\"A33\",\"baggage_claim\":\"4\"},\"cancelled\":false,\"source\":\"flightview\",\"last_updated\":\"2017-05-18T00:57:00Z\"},\"weather\":{\"origin\":{\"icon\":\"partly-cloudy-day\",\"summary\":\"Partly Cloudy\",\"temperature\":84.07,\"precipitation\":0,\"hourly\":true},\"destination\":{\"icon\":\"rain\",\"summary\":\"Rain\",\"temperature\":36.28,\"precipitation\":0.75,\"hourly\":true}}}','2017-06-06 12:12:36'),(20,'{\"alert\":{\"itinerary_id\":\"7fabdaf6-8166-40d1-a7aa-c8b19bef7897\",\"change\":\"incoming-eta-etd-update\"},\"flight\":{\"id\":\"B6993BOSDEN1705182330\",\"number\":993,\"carrier\":{\"iata\":\"B6\",\"name\":\"JetBlue Airways\"},\"scheduled_departure\":\"2017-05-18T19:30:00-04:00\",\"scheduled_arrival\":\"2017-05-18T22:12:00-06:00\",\"origin\":{\"iata\":\"BOS\",\"city\":\"Boston\",\"name\":\"General Edward Lawrence Logan Intl\"},\"destination\":{\"iata\":\"DEN\",\"city\":\"Denver\",\"name\":\"Denver Intl\"}},\"prediction\":{\"delay_index\":4,\"distribution\":[0.65,0.1,0.1,0.15],\"risk\":\"MODERATE\",\"causes\":[\"arrival-airport-conditions\",\"late-incoming-flight\"],\"last_changed\":\"2017-05-18T18:41:48.580Z\"},\"status\":{\"text\":\"Scheduled\",\"departure\":{\"scheduled\":\"2017-05-18T19:30:00-04:00\",\"latest\":\"2017-05-18T19:30:00-04:00\",\"type\":\"estimated\",\"terminal\":\"C\",\"gate\":\"C34\"},\"arrival\":{\"scheduled\":\"2017-05-18T22:12:00-06:00\",\"latest\":\"2017-05-18T22:17:00-06:00\",\"type\":\"estimated\",\"terminal\":\"A\",\"gate\":\"A33\",\"baggage_claim\":\"4\"},\"cancelled\":false,\"source\":\"flightview\",\"last_updated\":\"2017-05-18T00:57:00Z\"},\"weather\":{\"origin\":{\"icon\":\"partly-cloudy-day\",\"summary\":\"Partly Cloudy\",\"temperature\":84.07,\"precipitation\":0,\"hourly\":true},\"destination\":{\"icon\":\"rain\",\"summary\":\"Rain\",\"temperature\":36.28,\"precipitation\":0.75,\"hourly\":true}}}','2017-06-06 12:12:43'),(21,'{\"alert\":{\"itinerary_id\":\"7fabdaf6-8166-40d1-a7aa-c8b19bef7897\",\"change\":\"incoming-eta-etd-update\"},\"flight\":{\"id\":\"B6993BOSDEN1705182330\",\"number\":993,\"carrier\":{\"iata\":\"B6\",\"name\":\"JetBlue Airways\"},\"scheduled_departure\":\"2017-05-18T19:30:00-04:00\",\"scheduled_arrival\":\"2017-05-18T22:12:00-06:00\",\"origin\":{\"iata\":\"BOS\",\"city\":\"Boston\",\"name\":\"General Edward Lawrence Logan Intl\"},\"destination\":{\"iata\":\"DEN\",\"city\":\"Denver\",\"name\":\"Denver Intl\"}},\"prediction\":{\"delay_index\":4,\"distribution\":[0.65,0.1,0.1,0.15],\"risk\":\"MODERATE\",\"causes\":[\"arrival-airport-conditions\",\"late-incoming-flight\"],\"last_changed\":\"2017-05-18T18:41:48.580Z\"},\"status\":{\"text\":\"Scheduled\",\"departure\":{\"scheduled\":\"2017-05-18T19:30:00-04:00\",\"latest\":\"2017-05-18T19:30:00-04:00\",\"type\":\"estimated\",\"terminal\":\"C\",\"gate\":\"C34\"},\"arrival\":{\"scheduled\":\"2017-05-18T22:12:00-06:00\",\"latest\":\"2017-05-18T22:17:00-06:00\",\"type\":\"estimated\",\"terminal\":\"A\",\"gate\":\"A33\",\"baggage_claim\":\"4\"},\"cancelled\":false,\"source\":\"flightview\",\"last_updated\":\"2017-05-18T00:57:00Z\"},\"weather\":{\"origin\":{\"icon\":\"partly-cloudy-day\",\"summary\":\"Partly Cloudy\",\"temperature\":84.07,\"precipitation\":0,\"hourly\":true},\"destination\":{\"icon\":\"rain\",\"summary\":\"Rain\",\"temperature\":36.28,\"precipitation\":0.75,\"hourly\":true}}}','2017-06-06 12:13:14'),(22,'{\"alert\":{\"itinerary_id\":\"7fabdaf6-8166-40d1-a7aa-c8b19bef7897\",\"change\":\"incoming-eta-etd-update\"},\"flight\":{\"id\":\"B6993BOSDEN1705182330\",\"number\":993,\"carrier\":{\"iata\":\"B6\",\"name\":\"JetBlue Airways\"},\"scheduled_departure\":\"2017-05-18T19:30:00-04:00\",\"scheduled_arrival\":\"2017-05-18T22:12:00-06:00\",\"origin\":{\"iata\":\"BOS\",\"city\":\"Boston\",\"name\":\"General Edward Lawrence Logan Intl\"},\"destination\":{\"iata\":\"DEN\",\"city\":\"Denver\",\"name\":\"Denver Intl\"}},\"prediction\":{\"delay_index\":4,\"distribution\":[0.65,0.1,0.1,0.15],\"risk\":\"MODERATE\",\"causes\":[\"arrival-airport-conditions\",\"late-incoming-flight\"],\"last_changed\":\"2017-05-18T18:41:48.580Z\"},\"status\":{\"text\":\"Scheduled\",\"departure\":{\"scheduled\":\"2017-05-18T19:30:00-04:00\",\"latest\":\"2017-05-18T19:30:00-04:00\",\"type\":\"estimated\",\"terminal\":\"C\",\"gate\":\"C34\"},\"arrival\":{\"scheduled\":\"2017-05-18T22:12:00-06:00\",\"latest\":\"2017-05-18T22:17:00-06:00\",\"type\":\"estimated\",\"terminal\":\"A\",\"gate\":\"A33\",\"baggage_claim\":\"4\"},\"cancelled\":false,\"source\":\"flightview\",\"last_updated\":\"2017-05-18T00:57:00Z\"},\"weather\":{\"origin\":{\"icon\":\"partly-cloudy-day\",\"summary\":\"Partly Cloudy\",\"temperature\":84.07,\"precipitation\":0,\"hourly\":true},\"destination\":{\"icon\":\"rain\",\"summary\":\"Rain\",\"temperature\":36.28,\"precipitation\":0.75,\"hourly\":true}}}','2017-06-06 12:13:37');
/*!40000 ALTER TABLE `flight_notification_raw` ENABLE KEYS */;
UNLOCK TABLES;

--
-- Table structure for table `flight_registration`
--

DROP TABLE IF EXISTS `flight_registration`;
/*!40101 SET @saved_cs_client     = @@character_set_client */;
/*!40101 SET character_set_client = utf8 */;
CREATE TABLE `flight_registration` (
  `flight_registration_id` int(124) NOT NULL AUTO_INCREMENT,
  `registration_number` varchar(5) NOT NULL,
  `flight_id` varchar(124) NOT NULL,
  `user_id` int(124) NOT NULL,
  `itinerary_id` varchar(255) NOT NULL,
  `depature_airport_code` varchar(3) NOT NULL,
  `arrival_airport_code` varchar(3) NOT NULL,
  `airline_no` varchar(12) NOT NULL,
  `airline_name` varchar(255) NOT NULL,
  `date_of_journey` date NOT NULL,
  `depature_airport_city` varchar(124) NOT NULL,
  `scheduled_depatute_time` timestamp NOT NULL DEFAULT '0000-00-00 00:00:00',
  `scheduled_arrival_time` timestamp NOT NULL DEFAULT '0000-00-00 00:00:00',
  `arrival_airport_city` varchar(124) NOT NULL,
  `delay_index` int(2) NOT NULL,
  `delay_risk` enum('LOW','MODERATE','HIGH','SEVERE','UNKNOWN') NOT NULL,
  `current_status` varchar(64) NOT NULL,
  `delay_prediction` varchar(255) NOT NULL,
  `status` enum('ACTIVE','INACTIVE','ERROR') NOT NULL,
  `created_timestamp` timestamp NOT NULL DEFAULT CURRENT_TIMESTAMP,
  PRIMARY KEY (`flight_registration_id`)
) ENGINE=InnoDB AUTO_INCREMENT=11 DEFAULT CHARSET=latin1;
/*!40101 SET character_set_client = @saved_cs_client */;

--
-- Dumping data for table `flight_registration`
--

LOCK TABLES `flight_registration` WRITE;
/*!40000 ALTER TABLE `flight_registration` DISABLE KEYS */;
INSERT INTO `flight_registration` VALUES (1,'6TWAK','AA30LAXJFK1706160650',4,'51c3e797-fa66-4e79-9a2c-00da1ee2aed1','LAX','JFK','AA-30','American Airlines','2017-06-15','Los Angeles','2017-06-15 18:20:00','2017-06-16 03:03:00','New York',2,'LOW','Scheduled','','ACTIVE','2017-06-06 07:34:41'),(2,'6TWAK','B6993BOSDEN1705182330',4,'7fabdaf6-8166-40d1-a7aa-c8b19bef7897','','','','','0000-00-00','','0000-00-00 00:00:00','0000-00-00 00:00:00','',0,'','','','','2017-06-07 05:24:32'),(3,'B7XC0','BA282LAXLHR1706162235',4,'sdssd','LAX','LHR','BA-282','British Airways','2017-06-16','Los Angeles','2017-06-16 10:05:00','2017-06-17 04:40:00','London',2,'LOW','-','','ACTIVE','2017-06-07 06:27:54'),(4,'B7XC0','AA81LHRDFW1706181150',4,'sdssd','LHR','DFW','AA-81','American Airlines','2017-06-18','London','2017-06-18 07:20:00','2017-06-18 11:30:00','Dallas-Fort Worth',1,'LOW','-','','ACTIVE','2017-06-07 06:27:54'),(5,'ES3NR','BA282LAXLHR1706162235',4,'sdssd','LAX','LHR','BA-282','British Airways','2017-06-16','Los Angeles','2017-06-16 10:05:00','2017-06-17 04:40:00','London',2,'LOW','-','','ACTIVE','2017-06-07 06:28:52'),(6,'ES3NR','AA81LHRDFW1706181150',4,'sdssd','LHR','DFW','AA-81','American Airlines','2017-06-18','London','2017-06-18 07:20:00','2017-06-18 11:30:00','Dallas-Fort Worth',1,'LOW','-','','ACTIVE','2017-06-07 06:28:52'),(7,'WPA9Y','BA282LAXLHR1706162235',4,'sdssd','LAX','LHR','BA-282','British Airways','2017-06-16','Los Angeles','2017-06-16 10:05:00','2017-06-17 04:40:00','London',2,'LOW','-','','ACTIVE','2017-06-07 06:29:47'),(8,'WPA9Y','AA81LHRDFW1706181150',4,'sdssd','LHR','DFW','AA-81','American Airlines','2017-06-18','London','2017-06-18 07:20:00','2017-06-18 11:30:00','Dallas-Fort Worth',1,'LOW','-','','ACTIVE','2017-06-07 06:29:47'),(9,'Y1M8Y','BA282LAXLHR1706162235',4,'12345678','LAX','LHR','BA-282','British Airways','2017-06-16','Los Angeles','2017-06-16 10:05:00','2017-06-17 04:40:00','London',2,'LOW','-','','ACTIVE','2017-06-07 06:29:57'),(10,'Y1M8Y','AA81LHRDFW1706181150',4,'12345678','LHR','DFW','AA-81','American Airlines','2017-06-18','London','2017-06-18 07:20:00','2017-06-18 11:30:00','Dallas-Fort Worth',1,'LOW','-','','ACTIVE','2017-06-07 06:29:57');
/*!40000 ALTER TABLE `flight_registration` ENABLE KEYS */;
UNLOCK TABLES;

--
-- Table structure for table `help`
--

DROP TABLE IF EXISTS `help`;
/*!40101 SET @saved_cs_client     = @@character_set_client */;
/*!40101 SET character_set_client = utf8 */;
CREATE TABLE `help` (
  `help_id` int(32) NOT NULL AUTO_INCREMENT,
  `help_code` varchar(32) NOT NULL,
  `question` text NOT NULL,
  `answer` text NOT NULL,
  `status` enum('INACTIVE','ACTIVE') NOT NULL,
  `created_timestamp` timestamp NOT NULL DEFAULT CURRENT_TIMESTAMP,
  `updated_timestamp` timestamp NOT NULL DEFAULT CURRENT_TIMESTAMP ON UPDATE CURRENT_TIMESTAMP,
  PRIMARY KEY (`help_id`),
  UNIQUE KEY `help_code` (`help_code`)
) ENGINE=InnoDB DEFAULT CHARSET=utf8;
/*!40101 SET character_set_client = @saved_cs_client */;

--
-- Dumping data for table `help`
--

LOCK TABLES `help` WRITE;
/*!40000 ALTER TABLE `help` DISABLE KEYS */;
/*!40000 ALTER TABLE `help` ENABLE KEYS */;
UNLOCK TABLES;

--
-- Table structure for table `language`
--

DROP TABLE IF EXISTS `language`;
/*!40101 SET @saved_cs_client     = @@character_set_client */;
/*!40101 SET character_set_client = utf8 */;
CREATE TABLE `language` (
  `language_id` int(11) NOT NULL AUTO_INCREMENT,
  `lang_code` varchar(3) NOT NULL,
  `lang_name` varchar(64) NOT NULL,
  `created_timestamp` timestamp NOT NULL DEFAULT CURRENT_TIMESTAMP ON UPDATE CURRENT_TIMESTAMP,
  PRIMARY KEY (`language_id`)
) ENGINE=InnoDB AUTO_INCREMENT=136 DEFAULT CHARSET=latin1;
/*!40101 SET character_set_client = @saved_cs_client */;

--
-- Dumping data for table `language`
--

LOCK TABLES `language` WRITE;
/*!40000 ALTER TABLE `language` DISABLE KEYS */;
INSERT INTO `language` VALUES (1,'en','English','2016-12-26 09:54:55'),(2,'aa','Afar','2016-12-26 09:54:55'),(3,'ab','Abkhazian','2016-12-26 09:54:55'),(4,'af','Afrikaans','2016-12-26 09:54:55'),(5,'am','Amharic','2016-12-26 09:54:55'),(6,'ar','Arabic','2016-12-26 09:54:55'),(7,'as','Assamese','2016-12-26 09:54:55'),(8,'ay','Aymara','2016-12-26 09:54:55'),(9,'az','Azerbaijani','2016-12-26 09:54:55'),(10,'ba','Bashkir','2016-12-26 09:54:55'),(11,'be','Byelorussian','2016-12-26 09:54:55'),(12,'bg','Bulgarian','2016-12-26 09:54:55'),(13,'bh','Bihari','2016-12-26 09:54:55'),(14,'bi','Bislama','2016-12-26 09:54:55'),(15,'bn','Bengali/Bangla','2016-12-26 09:54:55'),(16,'bo','Tibetan','2016-12-26 09:54:55'),(17,'br','Breton','2016-12-26 09:54:55'),(18,'ca','Catalan','2016-12-26 09:54:55'),(19,'co','Corsican','2016-12-26 09:54:55'),(20,'cs','Czech','2016-12-26 09:54:55'),(21,'cy','Welsh','2016-12-26 09:54:55'),(22,'da','Danish','2016-12-26 09:54:55'),(23,'de','German','2016-12-26 09:54:55'),(24,'dz','Bhutani','2016-12-26 09:54:55'),(25,'el','Greek','2016-12-26 09:54:55'),(26,'eo','Esperanto','2016-12-26 09:54:55'),(27,'es','Spanish','2016-12-26 09:54:55'),(28,'et','Estonian','2016-12-26 09:54:55'),(29,'eu','Basque','2016-12-26 09:54:55'),(30,'fa','Persian','2016-12-26 09:54:55'),(31,'fi','Finnish','2016-12-26 09:54:55'),(32,'fj','Fiji','2016-12-26 09:54:55'),(33,'fo','Faeroese','2016-12-26 09:54:55'),(34,'fr','French','2016-12-26 09:54:55'),(35,'fy','Frisian','2016-12-26 09:54:55'),(36,'ga','Irish','2016-12-26 09:54:55'),(37,'gd','Scots/Gaelic','2016-12-26 09:54:55'),(38,'gl','Galician','2016-12-26 09:54:55'),(39,'gn','Guarani','2016-12-26 09:54:55'),(40,'gu','Gujarati','2016-12-26 09:54:55'),(41,'ha','Hausa','2016-12-26 09:54:55'),(42,'hi','Hindi','2016-12-26 09:54:55'),(43,'hr','Croatian','2016-12-26 09:54:55'),(44,'hu','Hungarian','2016-12-26 09:54:55'),(45,'hy','Armenian','2016-12-26 09:54:55'),(46,'ia','Interlingua','2016-12-26 09:54:55'),(47,'ie','Interlingue','2016-12-26 09:54:55'),(48,'ik','Inupiak','2016-12-26 09:54:55'),(49,'in','Indonesian','2016-12-26 09:54:55'),(50,'is','Icelandic','2016-12-26 09:54:55'),(51,'it','Italian','2016-12-26 09:54:55'),(52,'iw','Hebrew','2016-12-26 09:54:55'),(53,'ja','Japanese','2016-12-26 09:54:55'),(54,'ji','Yiddish','2016-12-26 09:54:55'),(55,'jw','Javanese','2016-12-26 09:54:55'),(56,'ka','Georgian','2016-12-26 09:54:55'),(57,'kk','Kazakh','2016-12-26 09:54:55'),(58,'kl','Greenlandic','2016-12-26 09:54:55'),(59,'km','Cambodian','2016-12-26 09:54:55'),(60,'kn','Kannada','2016-12-26 09:54:55'),(61,'ko','Korean','2016-12-26 09:54:55'),(62,'ks','Kashmiri','2016-12-26 09:54:55'),(63,'ku','Kurdish','2016-12-26 09:54:55'),(64,'ky','Kirghiz','2016-12-26 09:54:55'),(65,'la','Latin','2016-12-26 09:54:55'),(66,'ln','Lingala','2016-12-26 09:54:55'),(67,'lo','Laothian','2016-12-26 09:54:55'),(68,'lt','Lithuanian','2016-12-26 09:54:55'),(69,'lv','Latvian/Lettish','2016-12-26 09:54:55'),(70,'mg','Malagasy','2016-12-26 09:54:55'),(71,'mi','Maori','2016-12-26 09:54:55'),(72,'mk','Macedonian','2016-12-26 09:54:55'),(73,'ml','Malayalam','2016-12-26 09:54:55'),(74,'mn','Mongolian','2016-12-26 09:54:55'),(75,'mo','Moldavian','2016-12-26 09:54:55'),(76,'mr','Marathi','2016-12-26 09:54:55'),(77,'ms','Malay','2016-12-26 09:54:55'),(78,'mt','Maltese','2016-12-26 09:54:55'),(79,'my','Burmese','2016-12-26 09:54:55'),(80,'na','Nauru','2016-12-26 09:54:55'),(81,'ne','Nepali','2016-12-26 09:54:55'),(82,'nl','Dutch','2016-12-26 09:54:55'),(83,'no','Norwegian','2016-12-26 09:54:55'),(84,'oc','Occitan','2016-12-26 09:54:55'),(85,'om','Afroasiatic','2017-02-07 10:14:30'),(86,'pa','Punjabi','2016-12-26 09:54:55'),(87,'pl','Polish','2016-12-26 09:54:55'),(88,'ps','Pashto/Pushto','2016-12-26 09:54:55'),(89,'pt','Portuguese','2016-12-26 09:54:55'),(90,'qu','Quechua','2016-12-26 09:54:55'),(91,'rm','Rhaeto-Romance','2016-12-26 09:54:55'),(92,'rn','Kirundi','2016-12-26 09:54:55'),(93,'ro','Romanian','2016-12-26 09:54:55'),(94,'ru','Russian','2016-12-26 09:54:55'),(95,'rw','Kinyarwanda','2016-12-26 09:54:55'),(96,'sa','Sanskrit','2016-12-26 09:54:55'),(97,'sd','Sindhi','2016-12-26 09:54:55'),(98,'sg','Sangro','2016-12-26 09:54:55'),(99,'sh','Serbo-Croatian','2016-12-26 09:54:55'),(100,'si','Singhalese','2016-12-26 09:54:55'),(101,'sk','Slovak','2016-12-26 09:54:55'),(102,'sl','Slovenian','2016-12-26 09:54:55'),(103,'sm','Samoan','2016-12-26 09:54:55'),(104,'sn','Shona','2016-12-26 09:54:55'),(105,'so','Somali','2016-12-26 09:54:55'),(106,'sq','Albanian','2016-12-26 09:54:55'),(107,'sr','Serbian','2016-12-26 09:54:55'),(108,'ss','Siswati','2016-12-26 09:54:55'),(109,'st','Sesotho','2016-12-26 09:54:55'),(110,'su','Sundanese','2016-12-26 09:54:55'),(111,'sv','Swedish','2016-12-26 09:54:55'),(112,'sw','Swahili','2016-12-26 09:54:55'),(113,'ta','Tamil','2016-12-26 09:54:55'),(114,'te','Tegulu','2016-12-26 09:54:55'),(115,'tg','Tajik','2016-12-26 09:54:55'),(116,'th','Thai','2016-12-26 09:54:55'),(117,'ti','Tigrinya','2016-12-26 09:54:55'),(118,'tk','Turkmen','2016-12-26 09:54:55'),(119,'tl','Tagalog','2016-12-26 09:54:55'),(120,'tn','Setswana','2016-12-26 09:54:55'),(121,'to','Tonga','2016-12-26 09:54:55'),(122,'tr','Turkish','2016-12-26 09:54:55'),(123,'ts','Tsonga','2016-12-26 09:54:55'),(124,'tt','Tatar','2016-12-26 09:54:55'),(125,'tw','Twi','2016-12-26 09:54:55'),(126,'uk','Ukrainian','2016-12-26 09:54:55'),(127,'ur','Urdu','2016-12-26 09:54:55'),(128,'uz','Uzbek','2016-12-26 09:54:55'),(129,'vi','Vietnamese','2016-12-26 09:54:55'),(130,'vo','Volapuk','2016-12-26 09:54:55'),(131,'wo','Wolof','2016-12-26 09:54:55'),(132,'xh','Xhosa','2016-12-26 09:54:55'),(133,'yo','Yoruba','2016-12-26 09:54:55'),(134,'zh','Chinese','2016-12-26 09:54:55'),(135,'zu','Zulu','2016-12-26 09:54:55');
/*!40000 ALTER TABLE `language` ENABLE KEYS */;
UNLOCK TABLES;

--
-- Table structure for table `notification`
--

DROP TABLE IF EXISTS `notification`;
/*!40101 SET @saved_cs_client     = @@character_set_client */;
/*!40101 SET character_set_client = utf8 */;
CREATE TABLE `notification` (
  `notification_id` int(250) NOT NULL AUTO_INCREMENT,
  `from_user_type` varchar(12) NOT NULL,
  `from_user_id` int(12) NOT NULL,
  `title` varchar(32) NOT NULL,
  `name` varchar(32) NOT NULL,
  `picture` text NOT NULL,
  `message` text NOT NULL,
  `url` text NOT NULL,
  `to_user_type` varchar(12) NOT NULL,
  `to_user_id` int(12) NOT NULL,
  `status` enum('NONE','READ') NOT NULL,
  `faicon` varchar(124) NOT NULL,
  `created_timestamp` timestamp NOT NULL DEFAULT CURRENT_TIMESTAMP ON UPDATE CURRENT_TIMESTAMP,
  PRIMARY KEY (`notification_id`)
) ENGINE=InnoDB DEFAULT CHARSET=latin1;
/*!40101 SET character_set_client = @saved_cs_client */;

--
-- Dumping data for table `notification`
--

LOCK TABLES `notification` WRITE;
/*!40000 ALTER TABLE `notification` DISABLE KEYS */;
/*!40000 ALTER TABLE `notification` ENABLE KEYS */;
UNLOCK TABLES;

--
-- Table structure for table `notification_message`
--

DROP TABLE IF EXISTS `notification_message`;
/*!40101 SET @saved_cs_client     = @@character_set_client */;
/*!40101 SET character_set_client = utf8 */;
CREATE TABLE `notification_message` (
  `notification_message_id` int(255) NOT NULL AUTO_INCREMENT,
  `notification_message_code` varchar(32) NOT NULL,
  `user_type` varchar(32) NOT NULL,
  `user_id` int(32) NOT NULL,
  `from_user_id` int(32) NOT NULL,
  `from_user_type` varchar(32) NOT NULL,
  `from_user_picture` text NOT NULL,
  `from_user_name` varchar(124) NOT NULL,
  `other_user_list` varchar(255) NOT NULL,
  `subject` varchar(255) NOT NULL,
  `last_update_time` varchar(124) NOT NULL,
  `status` enum('OPEN','CLOSE') NOT NULL,
  `visiblity` enum('NONE','READ') NOT NULL,
  `paperclip` enum('NO','YES') NOT NULL,
  `created_timestamp` timestamp NOT NULL DEFAULT CURRENT_TIMESTAMP,
  PRIMARY KEY (`notification_message_id`)
) ENGINE=InnoDB DEFAULT CHARSET=latin1;
/*!40101 SET character_set_client = @saved_cs_client */;

--
-- Dumping data for table `notification_message`
--

LOCK TABLES `notification_message` WRITE;
/*!40000 ALTER TABLE `notification_message` DISABLE KEYS */;
/*!40000 ALTER TABLE `notification_message` ENABLE KEYS */;
UNLOCK TABLES;

--
-- Table structure for table `notification_message_history`
--

DROP TABLE IF EXISTS `notification_message_history`;
/*!40101 SET @saved_cs_client     = @@character_set_client */;
/*!40101 SET character_set_client = utf8 */;
CREATE TABLE `notification_message_history` (
  `notification_message_history_id` int(255) NOT NULL AUTO_INCREMENT,
  `notification_message_code` varchar(32) NOT NULL,
  `from_usertype` varchar(32) NOT NULL,
  `from_userid` int(124) NOT NULL,
  `from_user_picture` text NOT NULL,
  `from_user_name` varchar(124) NOT NULL,
  `to_userlist` varchar(124) NOT NULL,
  `message` text NOT NULL,
  `attachment_url` text NOT NULL,
  `created_timestamp` timestamp NOT NULL DEFAULT CURRENT_TIMESTAMP,
  PRIMARY KEY (`notification_message_history_id`)
) ENGINE=InnoDB DEFAULT CHARSET=latin1;
/*!40101 SET character_set_client = @saved_cs_client */;

--
-- Dumping data for table `notification_message_history`
--

LOCK TABLES `notification_message_history` WRITE;
/*!40000 ALTER TABLE `notification_message_history` DISABLE KEYS */;
/*!40000 ALTER TABLE `notification_message_history` ENABLE KEYS */;
UNLOCK TABLES;

--
-- Table structure for table `privileges`
--

DROP TABLE IF EXISTS `privileges`;
/*!40101 SET @saved_cs_client     = @@character_set_client */;
/*!40101 SET character_set_client = utf8 */;
CREATE TABLE `privileges` (
  `privileges_id` int(12) NOT NULL AUTO_INCREMENT,
  `privileges_module_id` int(12) NOT NULL,
  `privileges_name` varchar(32) NOT NULL,
  `controller_name` varchar(32) NOT NULL,
  `method_name` varchar(32) NOT NULL,
  `privileges_icon` varchar(32) NOT NULL,
  `status` enum('INACTIVE','ACTIVE') NOT NULL,
  `visibility_status` enum('SHOW','HIDE') NOT NULL,
  `created_timestamp` timestamp NOT NULL DEFAULT CURRENT_TIMESTAMP,
  PRIMARY KEY (`privileges_id`),
  KEY `privileges_privileges_module_id_fkey` (`privileges_module_id`),
  CONSTRAINT `privileges_privileges_module_id_fkey` FOREIGN KEY (`privileges_module_id`) REFERENCES `privileges_module` (`privileges_module_id`) ON DELETE CASCADE
) ENGINE=InnoDB AUTO_INCREMENT=54 DEFAULT CHARSET=utf8;
/*!40101 SET character_set_client = @saved_cs_client */;

--
-- Dumping data for table `privileges`
--

LOCK TABLES `privileges` WRITE;
/*!40000 ALTER TABLE `privileges` DISABLE KEYS */;
INSERT INTO `privileges` VALUES (1,1,'All Department','department','list_all','fa fa-folder-open-o','ACTIVE','SHOW','2016-11-17 19:09:47'),(2,1,'Edit Department','department','edit_department','fa fa-folder-open-o','ACTIVE','HIDE','2016-11-17 19:09:47'),(3,1,'Delete Department','department','delete_department','fa fa-folder-open-o','ACTIVE','HIDE','2016-11-17 19:09:47'),(6,6,'Home','home','index','icon-home','ACTIVE','SHOW','2016-11-17 19:09:47'),(7,3,'Manage Theme','email','manage_emails','fa fa-navicon','ACTIVE','SHOW','2016-11-17 19:16:06'),(8,3,'Email Settings','email','email_settings','fa fa-gear','ACTIVE','SHOW','2016-11-17 19:16:06'),(9,7,'All List','employee','list_all','fa fa-navicon','ACTIVE','SHOW','2016-11-17 19:16:06'),(10,1,'Add New Depatrment','department','add_new','fa fa-folder-open-o','ACTIVE','SHOW','2016-11-17 19:16:06'),(11,2,'Privileges','role','manage_privileges','icon-key','INACTIVE','SHOW','2016-11-17 19:16:06'),(13,2,'Allot Privileges','role','allot_privileges','icon-key','INACTIVE','SHOW','2016-11-17 19:16:06'),(14,7,'Add New','employee','add_new','fa fa-user-plus','ACTIVE','SHOW','2016-11-17 19:16:06'),(15,2,'Privileges Module','role','privileges_module','icon-key','INACTIVE','SHOW','2016-11-17 19:16:06'),(17,4,'List All','help','list_all','fa fa-navicon','ACTIVE','SHOW','2016-11-17 19:21:59'),(18,4,'Add Help','help','add_help','fa fa-plus-circle','ACTIVE','SHOW','2016-11-17 19:21:59'),(19,5,'Inbox','support_ticket','inbox','fa fa-inbox','INACTIVE','SHOW','2016-11-17 19:21:59'),(20,5,'Sent','support_ticket','sent','fa fa-send-o','ACTIVE','SHOW','2016-11-17 19:21:59'),(21,5,'Closed','support_ticket','closed','fa fa-sign-out','ACTIVE','SHOW','2016-11-17 19:21:59'),(22,5,'Subject Line','support_ticket','subject_line','fa fa-cube','ACTIVE','SHOW','2016-11-17 19:21:59'),(23,3,'Edit Email Template','email','edit_template','fa fa-envelope-o','ACTIVE','HIDE','2016-11-17 19:21:59'),(24,4,'Edit Help','help','edit_help','fa fa-info','ACTIVE','HIDE','2016-11-17 19:21:59'),(25,4,'Delete Help','help','delete_help','fa fa-info','ACTIVE','HIDE','2016-11-17 19:21:59'),(27,3,'Add Email Template','email','add_email_theme','fa fa-plus-circle','ACTIVE','SHOW','2016-11-17 19:26:50'),(33,7,'Employee Profile','employee','my_profile','fa fa-user','ACTIVE','HIDE','2016-11-25 06:15:47'),(34,7,'Employee Home Page','employee_do','index','fa fa-user','ACTIVE','HIDE','2016-12-02 05:13:30'),(46,12,'All Users','b2c','list_all','fa fa-list','ACTIVE','SHOW','2017-05-01 09:26:34'),(47,13,'Credit Points Charges','credit_points','charges','fa fa-credit-card','ACTIVE','SHOW','2017-05-27 18:35:25'),(48,13,'Welcome Credits','credit_points','welcome_credits','fa fa-ticket','ACTIVE','SHOW','2017-05-27 18:35:25'),(49,14,'Credit Points Value','credit_points_distribution','credit_points_value','fa fa-eur','ACTIVE','SHOW','2017-05-27 18:39:14'),(50,14,'Allot To Users','credit_points_distribution','allot_to_users','icon-user-following','ACTIVE','SHOW','2017-05-27 18:45:50'),(51,14,'History','credit_points_distribution','history','fa fa-history','ACTIVE','SHOW','2017-05-27 18:54:55'),(52,12,'Add User','b2c','add_user','fa fa-user-plus','ACTIVE','SHOW','2017-05-29 07:42:56'),(53,15,'Generic Priview','hits','generic_preview','fa fa-magic','ACTIVE','SHOW','2017-05-29 11:16:21');
/*!40000 ALTER TABLE `privileges` ENABLE KEYS */;
UNLOCK TABLES;

--
-- Table structure for table `privileges_module`
--

DROP TABLE IF EXISTS `privileges_module`;
/*!40101 SET @saved_cs_client     = @@character_set_client */;
/*!40101 SET character_set_client = utf8 */;
CREATE TABLE `privileges_module` (
  `privileges_module_id` int(32) NOT NULL AUTO_INCREMENT,
  `group_name` varchar(32) NOT NULL,
  `module_name` varchar(32) NOT NULL,
  `module_icon` varchar(32) NOT NULL,
  `priority` int(12) NOT NULL,
  `created_timestamp` timestamp NOT NULL DEFAULT CURRENT_TIMESTAMP,
  `updated_timestamp` timestamp NOT NULL DEFAULT CURRENT_TIMESTAMP ON UPDATE CURRENT_TIMESTAMP,
  PRIMARY KEY (`privileges_module_id`)
) ENGINE=InnoDB AUTO_INCREMENT=16 DEFAULT CHARSET=utf8;
/*!40101 SET character_set_client = @saved_cs_client */;

--
-- Dumping data for table `privileges_module`
--

LOCK TABLES `privileges_module` WRITE;
/*!40000 ALTER TABLE `privileges_module` DISABLE KEYS */;
INSERT INTO `privileges_module` VALUES (1,'ADMIN CONSOLE','Department','fa fa-folder-open-o',3,'2016-11-17 18:56:58','2016-11-17 18:56:58'),(2,'ADMIN CONSOLE','Privileges','icon-key',2,'2016-11-17 18:56:58','2016-11-24 11:27:21'),(3,'SUPPORT','Manage Emails','fa fa-support',5,'2016-11-17 18:56:58','2017-05-29 11:19:11'),(4,'SUPPORT','Help','fa fa-info',5,'2016-11-17 18:56:58','2016-11-17 18:56:58'),(5,'SUPPORT','Support Ticket','fa fa-envelope-o',5,'2016-11-17 18:56:58','2017-05-29 11:19:14'),(6,'ADMIN CONSOLE','Dashboard','icon-home',1,'2016-11-17 18:56:58','2016-11-17 18:56:58'),(7,'ADMIN CONSOLE','Employee','icon-user',4,'2016-11-17 18:56:58','2016-11-17 18:56:58'),(12,'CUSTOMER','Users','icon-user',2,'2017-05-01 09:25:47','2017-05-27 12:42:22'),(13,'CREDIT POINTS','Credit Points Charge','icon-wallet',3,'2017-05-27 18:28:05','2017-05-27 18:28:05'),(14,'CREDIT POINTS','Distribution','icon-paper-plane',4,'2017-05-27 18:37:33','2017-05-29 06:53:52'),(15,'HITS','User Hits','icon-magic-wand',4,'2017-05-29 11:10:26','2017-05-29 11:10:26');
/*!40000 ALTER TABLE `privileges_module` ENABLE KEYS */;
UNLOCK TABLES;

--
-- Table structure for table `role`
--

DROP TABLE IF EXISTS `role`;
/*!40101 SET @saved_cs_client     = @@character_set_client */;
/*!40101 SET character_set_client = utf8 */;
CREATE TABLE `role` (
  `role_id` int(32) NOT NULL AUTO_INCREMENT,
  `department_id` int(32) NOT NULL,
  `role_code` varchar(32) NOT NULL,
  `role_name` varchar(32) NOT NULL,
  `status` enum('INACTIVE','ACTIVE') NOT NULL,
  `created_timestamp` timestamp NOT NULL DEFAULT CURRENT_TIMESTAMP,
  `updated_timestamp` timestamp NOT NULL DEFAULT CURRENT_TIMESTAMP ON UPDATE CURRENT_TIMESTAMP,
  PRIMARY KEY (`role_id`),
  UNIQUE KEY `role_code` (`role_code`),
  UNIQUE KEY `role_name` (`role_name`),
  KEY `role_department_id_fkey` (`department_id`),
  CONSTRAINT `role_department_id_fkey` FOREIGN KEY (`department_id`) REFERENCES `department` (`department_id`) ON DELETE CASCADE
) ENGINE=InnoDB DEFAULT CHARSET=utf8;
/*!40101 SET character_set_client = @saved_cs_client */;

--
-- Dumping data for table `role`
--

LOCK TABLES `role` WRITE;
/*!40000 ALTER TABLE `role` DISABLE KEYS */;
/*!40000 ALTER TABLE `role` ENABLE KEYS */;
UNLOCK TABLES;

--
-- Table structure for table `role_actions`
--

DROP TABLE IF EXISTS `role_actions`;
/*!40101 SET @saved_cs_client     = @@character_set_client */;
/*!40101 SET character_set_client = utf8 */;
CREATE TABLE `role_actions` (
  `role_actions_id` int(32) NOT NULL AUTO_INCREMENT,
  `role_id` int(12) NOT NULL,
  `privileges_id` int(12) NOT NULL,
  `status` enum('INACTIVE','ACTIVE') NOT NULL,
  `created_timestamp` timestamp NOT NULL DEFAULT CURRENT_TIMESTAMP,
  PRIMARY KEY (`role_actions_id`),
  KEY `role_actions_role_id_fkey` (`role_id`),
  KEY `role_actions_privileges_id_fkey` (`privileges_id`),
  CONSTRAINT `role_actions_privileges_id_fkey` FOREIGN KEY (`privileges_id`) REFERENCES `privileges` (`privileges_id`) ON DELETE CASCADE,
  CONSTRAINT `role_actions_role_id_fkey` FOREIGN KEY (`role_id`) REFERENCES `role` (`role_id`) ON DELETE CASCADE
) ENGINE=InnoDB DEFAULT CHARSET=utf8;
/*!40101 SET character_set_client = @saved_cs_client */;

--
-- Dumping data for table `role_actions`
--

LOCK TABLES `role_actions` WRITE;
/*!40000 ALTER TABLE `role_actions` DISABLE KEYS */;
/*!40000 ALTER TABLE `role_actions` ENABLE KEYS */;
UNLOCK TABLES;

--
-- Table structure for table `send_message_to_support`
--

DROP TABLE IF EXISTS `send_message_to_support`;
/*!40101 SET @saved_cs_client     = @@character_set_client */;
/*!40101 SET character_set_client = utf8 */;
CREATE TABLE `send_message_to_support` (
  `send_message_to_support_id` int(255) NOT NULL AUTO_INCREMENT,
  `from_name` varchar(124) NOT NULL,
  `from_email` varchar(124) NOT NULL,
  `message` text NOT NULL,
  `ip_address` varchar(32) NOT NULL,
  `created_timestamp` timestamp NOT NULL DEFAULT CURRENT_TIMESTAMP ON UPDATE CURRENT_TIMESTAMP,
  PRIMARY KEY (`send_message_to_support_id`)
) ENGINE=InnoDB AUTO_INCREMENT=12 DEFAULT CHARSET=latin1;
/*!40101 SET character_set_client = @saved_cs_client */;

--
-- Dumping data for table `send_message_to_support`
--

LOCK TABLES `send_message_to_support` WRITE;
/*!40000 ALTER TABLE `send_message_to_support` DISABLE KEYS */;
INSERT INTO `send_message_to_support` VALUES (1,'sd','ruby@refundme.in','ds','::1','2017-04-06 08:55:01'),(2,'sd','ruby@refundme.in','ds','::1','2017-04-06 08:55:46'),(3,'sd','ruby@refundme.in','ds','::1','2017-04-06 08:55:58'),(4,'sda','ruby@refundme.in','dada','::1','2017-04-06 08:59:01'),(5,'sda','ruby@refundme.in','dada','::1','2017-04-06 08:59:27'),(6,'sda','ruby@refundme.in','dada','::1','2017-04-06 09:00:18'),(7,'Ruby','ruby@refundme.in','Hi sir, i cant access to my account.','::1','2017-04-06 09:00:52'),(8,'sdasa','ruby@refundme.in','sada','::1','2017-04-06 09:09:00'),(9,'sdsds','ruby@refundme.in','sdsds','::1','2017-04-06 09:23:10'),(10,'Pari','ruby@refundme.in','About 19,90,00,000 results (0.47 seconds) \\r\\nSearch Results\\r\\n5 Things To Consider When Choosing An Asset Finance Provider ...\\r\\ncountyfinancegroup.co.uk/resource/5-things-consider-choosing-asset-finance-provider/\\r\\n5 Things To Consider When Choosing An Asset Finance Provider. Whether this is the first time ... We\\\'ll be back in touch as soon as possible. Type of Financing ...\\r\\nFidelity Careers :: FAQs','::1','2017-04-06 09:29:44'),(11,'Ruby','ruby@refundme.in','Test','::1','2017-04-07 06:18:46');
/*!40000 ALTER TABLE `send_message_to_support` ENABLE KEYS */;
UNLOCK TABLES;

--
-- Table structure for table `tracking_query`
--

DROP TABLE IF EXISTS `tracking_query`;
/*!40101 SET @saved_cs_client     = @@character_set_client */;
/*!40101 SET character_set_client = utf8 */;
CREATE TABLE `tracking_query` (
  `tracking_query_id` bigint(255) NOT NULL AUTO_INCREMENT,
  `query_type` varchar(12) NOT NULL,
  `query_table` varchar(32) NOT NULL,
  `query_content` longtext NOT NULL,
  `created_timestamp` timestamp NOT NULL DEFAULT CURRENT_TIMESTAMP ON UPDATE CURRENT_TIMESTAMP,
  PRIMARY KEY (`tracking_query_id`)
) ENGINE=InnoDB DEFAULT CHARSET=latin1;
/*!40101 SET character_set_client = @saved_cs_client */;

--
-- Dumping data for table `tracking_query`
--

LOCK TABLES `tracking_query` WRITE;
/*!40000 ALTER TABLE `tracking_query` DISABLE KEYS */;
/*!40000 ALTER TABLE `tracking_query` ENABLE KEYS */;
UNLOCK TABLES;

--
-- Table structure for table `user`
--

DROP TABLE IF EXISTS `user`;
/*!40101 SET @saved_cs_client     = @@character_set_client */;
/*!40101 SET character_set_client = utf8 */;
CREATE TABLE `user` (
  `user_id` int(124) NOT NULL AUTO_INCREMENT,
  `user_type` int(12) NOT NULL,
  `user_code` varchar(12) NOT NULL,
  `email_address` varchar(124) NOT NULL,
  `password` varchar(255) NOT NULL,
  `first_name` varchar(32) NOT NULL,
  `last_name` varchar(32) NOT NULL,
  `profile_pic` text NOT NULL,
  `status` enum('INACTIVE','PENDING','ACTIVE') NOT NULL,
  `updated_timestamp` timestamp NOT NULL DEFAULT CURRENT_TIMESTAMP ON UPDATE CURRENT_TIMESTAMP,
  `created_timestamp` timestamp NULL DEFAULT CURRENT_TIMESTAMP,
  PRIMARY KEY (`user_id`)
) ENGINE=InnoDB AUTO_INCREMENT=5 DEFAULT CHARSET=latin1;
/*!40101 SET character_set_client = @saved_cs_client */;

--
-- Dumping data for table `user`
--

LOCK TABLES `user` WRITE;
/*!40000 ALTER TABLE `user` DISABLE KEYS */;
INSERT INTO `user` VALUES (1,0,'TSB2C1001','rubys@refundme.in','MTIzNDU=','Ruby','','http://localhost/travelsmart/data-file/user/profile-pic-default.png','','2017-05-31 06:27:39','2017-05-31 04:53:09'),(2,0,'TSB2C1002','akanksha@refund.me','MTIzNDU2','Akanksha Anshu','','http://192.168.1.8/travelsmart/data-file/user/profile-pic-default.png','ACTIVE','2017-05-31 05:22:24','2017-05-31 05:22:08'),(3,0,'TSB2C1003','rubsy@refundme.in','MTIzNDU=','Ruby','Kathiravan','http://localhost/travelsmart/data-file/user/profile_pic_D1705310828271496212107.jpg','ACTIVE','2017-05-31 06:29:45','2017-05-31 06:28:27'),(4,0,'TSB2C1004','ruby@refundme.in','MTIzNDU=','Ruby','Kathiravan','http://localhost/travelsmart/data-file/user/profile_pic_D1705310830421496212242.jpg','ACTIVE','2017-05-31 16:33:57','2017-05-31 06:30:42');
/*!40000 ALTER TABLE `user` ENABLE KEYS */;
UNLOCK TABLES;

--
-- Table structure for table `user_credit_points`
--

DROP TABLE IF EXISTS `user_credit_points`;
/*!40101 SET @saved_cs_client     = @@character_set_client */;
/*!40101 SET character_set_client = utf8 */;
CREATE TABLE `user_credit_points` (
  `user_credit_points_id` int(124) NOT NULL AUTO_INCREMENT,
  `user_id` int(124) NOT NULL,
  `credit_points` int(11) NOT NULL,
  `created_timestamp` timestamp NOT NULL DEFAULT CURRENT_TIMESTAMP,
  `modified_timestamp` timestamp NOT NULL DEFAULT '0000-00-00 00:00:00' ON UPDATE CURRENT_TIMESTAMP,
  PRIMARY KEY (`user_credit_points_id`)
) ENGINE=InnoDB AUTO_INCREMENT=5 DEFAULT CHARSET=latin1;
/*!40101 SET character_set_client = @saved_cs_client */;

--
-- Dumping data for table `user_credit_points`
--

LOCK TABLES `user_credit_points` WRITE;
/*!40000 ALTER TABLE `user_credit_points` DISABLE KEYS */;
INSERT INTO `user_credit_points` VALUES (1,1,122,'2017-05-31 04:53:09','0000-00-00 00:00:00'),(2,2,122,'2017-05-31 05:22:08','0000-00-00 00:00:00'),(3,3,122,'2017-05-31 06:28:27','0000-00-00 00:00:00'),(4,4,2500,'2017-05-31 06:30:42','2017-06-07 06:32:27');
/*!40000 ALTER TABLE `user_credit_points` ENABLE KEYS */;
UNLOCK TABLES;

--
-- Table structure for table `user_credit_points_charges`
--

DROP TABLE IF EXISTS `user_credit_points_charges`;
/*!40101 SET @saved_cs_client     = @@character_set_client */;
/*!40101 SET character_set_client = utf8 */;
CREATE TABLE `user_credit_points_charges` (
  `user_credit_points_charges_id` int(12) NOT NULL AUTO_INCREMENT,
  `user_credit_points_charges_history_id` int(124) NOT NULL,
  `charge_type` enum('PREVIEW','SINGLE','JOURNEY','WELCOME') NOT NULL,
  `charge_value` int(12) NOT NULL,
  `status` enum('INACTIVE','ACTIVE') NOT NULL,
  `created_timestamp` timestamp NOT NULL DEFAULT CURRENT_TIMESTAMP,
  `modified_timestamp` timestamp NOT NULL DEFAULT CURRENT_TIMESTAMP ON UPDATE CURRENT_TIMESTAMP,
  PRIMARY KEY (`user_credit_points_charges_id`)
) ENGINE=InnoDB AUTO_INCREMENT=5 DEFAULT CHARSET=latin1;
/*!40101 SET character_set_client = @saved_cs_client */;

--
-- Dumping data for table `user_credit_points_charges`
--

LOCK TABLES `user_credit_points_charges` WRITE;
/*!40000 ALTER TABLE `user_credit_points_charges` DISABLE KEYS */;
INSERT INTO `user_credit_points_charges` VALUES (1,48,'PREVIEW',10,'ACTIVE','2017-05-27 12:33:23','2017-06-01 07:41:34'),(2,49,'SINGLE',2,'ACTIVE','2017-05-27 12:33:23','2017-06-01 09:26:22'),(3,50,'JOURNEY',12,'ACTIVE','2017-05-27 12:33:29','2017-05-29 07:01:24'),(4,47,'WELCOME',122,'ACTIVE','2017-05-28 11:29:50','2017-05-29 11:32:50');
/*!40000 ALTER TABLE `user_credit_points_charges` ENABLE KEYS */;
UNLOCK TABLES;

--
-- Table structure for table `user_credit_points_charges_history`
--

DROP TABLE IF EXISTS `user_credit_points_charges_history`;
/*!40101 SET @saved_cs_client     = @@character_set_client */;
/*!40101 SET character_set_client = utf8 */;
CREATE TABLE `user_credit_points_charges_history` (
  `user_credit_points_charges_history_id` bigint(124) NOT NULL AUTO_INCREMENT,
  `charge_type` enum('PREVIEW','SINGLE','JOURNEY','WELCOME') NOT NULL,
  `charge_value` int(12) NOT NULL,
  `created_timestamp` timestamp NOT NULL DEFAULT CURRENT_TIMESTAMP,
  PRIMARY KEY (`user_credit_points_charges_history_id`)
) ENGINE=InnoDB AUTO_INCREMENT=51 DEFAULT CHARSET=latin1;
/*!40101 SET character_set_client = @saved_cs_client */;

--
-- Dumping data for table `user_credit_points_charges_history`
--

LOCK TABLES `user_credit_points_charges_history` WRITE;
/*!40000 ALTER TABLE `user_credit_points_charges_history` DISABLE KEYS */;
INSERT INTO `user_credit_points_charges_history` VALUES (1,'WELCOME',30,'2017-05-29 05:46:52'),(2,'WELCOME',302,'2017-05-29 06:09:35'),(3,'WELCOME',302,'2017-05-29 06:10:16'),(4,'WELCOME',302,'2017-05-29 06:10:21'),(5,'WELCOME',302,'2017-05-29 06:10:22'),(6,'WELCOME',302,'2017-05-29 06:10:23'),(7,'WELCOME',302,'2017-05-29 06:10:24'),(8,'WELCOME',302,'2017-05-29 06:10:28'),(9,'WELCOME',302,'2017-05-29 06:10:28'),(10,'WELCOME',302,'2017-05-29 06:10:30'),(11,'WELCOME',302,'2017-05-29 06:10:34'),(12,'WELCOME',302,'2017-05-29 06:10:35'),(13,'WELCOME',302,'2017-05-29 06:26:27'),(14,'WELCOME',302,'2017-05-29 06:26:34'),(15,'WELCOME',302,'2017-05-29 06:28:15'),(16,'WELCOME',302,'2017-05-29 06:28:21'),(17,'WELCOME',302,'2017-05-29 06:29:15'),(18,'WELCOME',302,'2017-05-29 06:29:18'),(19,'WELCOME',302,'2017-05-29 06:30:15'),(20,'WELCOME',302,'2017-05-29 06:30:16'),(21,'WELCOME',302,'2017-05-29 06:30:17'),(22,'WELCOME',302,'2017-05-29 06:30:19'),(23,'WELCOME',302,'2017-05-29 06:30:29'),(24,'WELCOME',302,'2017-05-29 06:30:29'),(25,'PREVIEW',10,'2017-05-29 06:35:46'),(26,'PREVIEW',10,'2017-05-29 06:35:50'),(27,'PREVIEW',10,'2017-05-29 06:35:51'),(28,'PREVIEW',10,'2017-05-29 06:35:52'),(29,'PREVIEW',10,'2017-05-29 06:35:53'),(30,'PREVIEW',10,'2017-05-29 06:35:53'),(31,'SINGLE',300,'2017-05-29 06:35:57'),(32,'SINGLE',300,'2017-05-29 06:35:58'),(33,'SINGLE',300,'2017-05-29 06:35:58'),(34,'JOURNEY',12,'2017-05-29 06:36:01'),(35,'JOURNEY',12,'2017-05-29 06:36:02'),(36,'JOURNEY',12,'2017-05-29 06:36:03'),(37,'JOURNEY',12,'2017-05-29 06:36:04'),(38,'PREVIEW',10,'2017-05-29 06:36:11'),(39,'PREVIEW',10,'2017-05-29 06:36:12'),(40,'SINGLE',300,'2017-05-29 06:36:15'),(41,'SINGLE',300,'2017-05-29 06:36:16'),(42,'JOURNEY',12,'2017-05-29 06:36:17'),(43,'JOURNEY',12,'2017-05-29 06:36:34'),(44,'JOURNEY',12,'2017-05-29 06:36:36'),(45,'SINGLE',300,'2017-05-29 06:36:38'),(46,'PREVIEW',10,'2017-05-29 06:36:40'),(47,'WELCOME',122,'2017-05-29 07:17:32'),(48,'PREVIEW',10,'2017-05-29 07:17:45'),(49,'SINGLE',300,'2017-05-29 07:17:47'),(50,'JOURNEY',12,'2017-05-29 07:17:50');
/*!40000 ALTER TABLE `user_credit_points_charges_history` ENABLE KEYS */;
UNLOCK TABLES;

--
-- Table structure for table `user_credit_points_transaction`
--

DROP TABLE IF EXISTS `user_credit_points_transaction`;
/*!40101 SET @saved_cs_client     = @@character_set_client */;
/*!40101 SET character_set_client = utf8 */;
CREATE TABLE `user_credit_points_transaction` (
  `user_credit_points_transaction_id` bigint(124) NOT NULL AUTO_INCREMENT,
  `user_credit_points_value` int(32) NOT NULL,
  `user_credit_points_value_final` int(32) NOT NULL,
  `credit_points_charge_type` enum('PREVIEW','SINGLE','JOURNEY','WELCOME','PAYMENT','RECHARGE') NOT NULL,
  `transaction_mode` enum('DEBIT','CREDIT') NOT NULL,
  `created_timestamp` timestamp NOT NULL DEFAULT CURRENT_TIMESTAMP,
  PRIMARY KEY (`user_credit_points_transaction_id`)
) ENGINE=InnoDB AUTO_INCREMENT=128 DEFAULT CHARSET=latin1;
/*!40101 SET character_set_client = @saved_cs_client */;

--
-- Dumping data for table `user_credit_points_transaction`
--

LOCK TABLES `user_credit_points_transaction` WRITE;
/*!40000 ALTER TABLE `user_credit_points_transaction` DISABLE KEYS */;
INSERT INTO `user_credit_points_transaction` VALUES (1,122,0,'WELCOME','CREDIT','2017-05-31 04:53:09'),(2,122,0,'WELCOME','CREDIT','2017-05-31 05:22:08'),(3,122,122,'WELCOME','CREDIT','2017-05-31 06:28:27'),(4,122,122,'WELCOME','CREDIT','2017-05-31 06:30:42'),(5,10,10,'PREVIEW','DEBIT','2017-06-01 10:03:07'),(6,10,0,'PREVIEW','DEBIT','2017-06-01 11:12:54'),(7,12,4432,'PREVIEW','DEBIT','2017-06-01 15:12:51'),(8,10,4422,'SINGLE','DEBIT','2017-06-01 16:18:22'),(9,10,4412,'SINGLE','DEBIT','2017-06-01 16:35:22'),(10,10,4402,'SINGLE','DEBIT','2017-06-01 16:37:22'),(11,20,4382,'JOURNEY','DEBIT','2017-06-01 16:45:28'),(12,20,4362,'JOURNEY','DEBIT','2017-06-01 16:51:28'),(13,20,4342,'JOURNEY','DEBIT','2017-06-01 16:54:08'),(14,20,4322,'JOURNEY','DEBIT','2017-06-01 16:56:13'),(15,20,4302,'JOURNEY','DEBIT','2017-06-01 16:58:36'),(16,20,4282,'JOURNEY','DEBIT','2017-06-01 17:00:58'),(17,20,4262,'JOURNEY','DEBIT','2017-06-01 17:07:03'),(18,20,4242,'JOURNEY','DEBIT','2017-06-01 17:10:27'),(19,20,4222,'JOURNEY','DEBIT','2017-06-01 17:10:42'),(20,10,4212,'JOURNEY','DEBIT','2017-06-01 17:15:57'),(21,10,4202,'JOURNEY','DEBIT','2017-06-01 17:21:09'),(22,10,4192,'JOURNEY','DEBIT','2017-06-01 17:24:30'),(23,10,4182,'JOURNEY','DEBIT','2017-06-01 17:25:31'),(24,10,4172,'JOURNEY','DEBIT','2017-06-01 17:25:46'),(25,10,4162,'JOURNEY','DEBIT','2017-06-01 17:27:15'),(26,20,4142,'JOURNEY','DEBIT','2017-06-01 17:42:49'),(27,10,4132,'JOURNEY','DEBIT','2017-06-01 18:03:38'),(28,10,4122,'SINGLE','DEBIT','2017-06-01 18:04:44'),(29,10,4112,'SINGLE','DEBIT','2017-06-01 18:04:56'),(30,10,4102,'PREVIEW','DEBIT','2017-06-01 19:15:14'),(31,10,4092,'PREVIEW','DEBIT','2017-06-01 19:16:00'),(32,10,4082,'PREVIEW','DEBIT','2017-06-01 19:16:05'),(33,10,4072,'PREVIEW','DEBIT','2017-06-01 19:30:35'),(34,10,4062,'PREVIEW','DEBIT','2017-06-01 19:32:02'),(35,10,4052,'PREVIEW','DEBIT','2017-06-01 19:32:08'),(36,10,4042,'PREVIEW','DEBIT','2017-06-01 19:40:27'),(37,10,4032,'PREVIEW','DEBIT','2017-06-01 19:40:52'),(38,10,4022,'PREVIEW','DEBIT','2017-06-01 19:42:02'),(39,2,4020,'SINGLE','DEBIT','2017-06-01 20:08:53'),(40,2,4018,'SINGLE','DEBIT','2017-06-01 20:09:22'),(41,2,4016,'SINGLE','DEBIT','2017-06-01 20:40:21'),(42,2,4014,'SINGLE','DEBIT','2017-06-01 20:51:48'),(43,2,4012,'SINGLE','DEBIT','2017-06-01 20:54:13'),(44,2,4010,'SINGLE','DEBIT','2017-06-01 20:54:24'),(45,2,4008,'SINGLE','DEBIT','2017-06-01 20:56:30'),(46,2,4006,'SINGLE','DEBIT','2017-06-02 00:18:11'),(47,2,4004,'SINGLE','DEBIT','2017-06-02 00:20:07'),(48,2,4002,'SINGLE','DEBIT','2017-06-06 07:34:41'),(49,10,3992,'PREVIEW','DEBIT','2017-06-06 12:32:08'),(50,10,3982,'PREVIEW','DEBIT','2017-06-06 12:33:32'),(51,10,3972,'PREVIEW','DEBIT','2017-06-06 12:34:35'),(52,20,3952,'PREVIEW','DEBIT','2017-06-06 12:35:55'),(53,20,3932,'PREVIEW','DEBIT','2017-06-06 12:41:56'),(54,20,3912,'PREVIEW','DEBIT','2017-06-06 12:45:26'),(55,20,3892,'PREVIEW','DEBIT','2017-06-06 12:45:40'),(56,20,3872,'PREVIEW','DEBIT','2017-06-06 12:47:43'),(57,20,3852,'PREVIEW','DEBIT','2017-06-06 12:57:19'),(58,20,3832,'PREVIEW','DEBIT','2017-06-06 12:58:00'),(59,20,3812,'PREVIEW','DEBIT','2017-06-06 12:58:04'),(60,20,3792,'PREVIEW','DEBIT','2017-06-06 12:58:07'),(61,20,3772,'PREVIEW','DEBIT','2017-06-06 12:59:26'),(62,20,3752,'PREVIEW','DEBIT','2017-06-06 12:59:38'),(63,20,3732,'PREVIEW','DEBIT','2017-06-06 12:59:43'),(64,20,3712,'PREVIEW','DEBIT','2017-06-06 13:00:38'),(65,20,3692,'PREVIEW','DEBIT','2017-06-06 13:00:41'),(66,20,3672,'PREVIEW','DEBIT','2017-06-06 13:00:43'),(67,20,3652,'PREVIEW','DEBIT','2017-06-06 13:00:58'),(68,20,3632,'PREVIEW','DEBIT','2017-06-06 13:01:28'),(69,20,3612,'PREVIEW','DEBIT','2017-06-06 13:02:07'),(70,20,3592,'PREVIEW','DEBIT','2017-06-06 13:02:43'),(71,20,3572,'PREVIEW','DEBIT','2017-06-06 13:04:32'),(72,20,3552,'PREVIEW','DEBIT','2017-06-06 13:07:14'),(73,20,3532,'PREVIEW','DEBIT','2017-06-06 13:08:13'),(74,20,3512,'PREVIEW','DEBIT','2017-06-06 13:08:37'),(75,20,3492,'PREVIEW','DEBIT','2017-06-06 13:09:03'),(76,20,3472,'PREVIEW','DEBIT','2017-06-06 13:09:48'),(77,20,3452,'PREVIEW','DEBIT','2017-06-06 13:10:04'),(78,20,3432,'PREVIEW','DEBIT','2017-06-06 13:11:13'),(79,20,3412,'PREVIEW','DEBIT','2017-06-06 13:11:29'),(80,20,3392,'PREVIEW','DEBIT','2017-06-06 13:14:24'),(81,20,3372,'PREVIEW','DEBIT','2017-06-06 13:15:07'),(82,20,3352,'PREVIEW','DEBIT','2017-06-06 13:20:18'),(83,20,3332,'PREVIEW','DEBIT','2017-06-06 13:21:11'),(84,10,3322,'PREVIEW','DEBIT','2017-06-07 04:54:56'),(85,10,3312,'PREVIEW','DEBIT','2017-06-07 04:56:24'),(86,10,3302,'PREVIEW','DEBIT','2017-06-07 05:02:39'),(87,10,3292,'PREVIEW','DEBIT','2017-06-07 05:02:54'),(88,10,3282,'PREVIEW','DEBIT','2017-06-07 05:03:26'),(89,20,3262,'PREVIEW','DEBIT','2017-06-07 05:05:29'),(90,20,3242,'PREVIEW','DEBIT','2017-06-07 05:08:03'),(91,20,3222,'PREVIEW','DEBIT','2017-06-07 05:12:57'),(92,20,3202,'PREVIEW','DEBIT','2017-06-07 05:13:28'),(93,20,3182,'PREVIEW','DEBIT','2017-06-07 05:28:43'),(94,20,3162,'PREVIEW','DEBIT','2017-06-07 05:34:42'),(95,20,3142,'PREVIEW','DEBIT','2017-06-07 05:39:49'),(96,20,3122,'PREVIEW','DEBIT','2017-06-07 05:41:41'),(97,20,3102,'PREVIEW','DEBIT','2017-06-07 05:42:22'),(98,20,3082,'PREVIEW','DEBIT','2017-06-07 05:42:25'),(99,20,3062,'PREVIEW','DEBIT','2017-06-07 05:42:44'),(100,20,3042,'PREVIEW','DEBIT','2017-06-07 05:42:46'),(101,20,3022,'PREVIEW','DEBIT','2017-06-07 05:51:54'),(102,20,3002,'PREVIEW','DEBIT','2017-06-07 05:56:45'),(103,20,2982,'PREVIEW','DEBIT','2017-06-07 05:57:24'),(104,20,2962,'PREVIEW','DEBIT','2017-06-07 05:58:09'),(105,20,2942,'PREVIEW','DEBIT','2017-06-07 06:01:54'),(106,20,2922,'PREVIEW','DEBIT','2017-06-07 06:09:17'),(107,20,2902,'PREVIEW','DEBIT','2017-06-07 06:13:31'),(108,20,2882,'PREVIEW','DEBIT','2017-06-07 06:15:13'),(109,20,2862,'PREVIEW','DEBIT','2017-06-07 06:16:25'),(110,20,2842,'PREVIEW','DEBIT','2017-06-07 06:16:29'),(111,20,2822,'PREVIEW','DEBIT','2017-06-07 06:17:21'),(112,20,2802,'PREVIEW','DEBIT','2017-06-07 06:18:28'),(113,20,2782,'PREVIEW','DEBIT','2017-06-07 06:18:46'),(114,20,2762,'PREVIEW','DEBIT','2017-06-07 06:19:08'),(115,20,2742,'PREVIEW','DEBIT','2017-06-07 06:19:11'),(116,20,2722,'PREVIEW','DEBIT','2017-06-07 06:19:34'),(117,20,2702,'PREVIEW','DEBIT','2017-06-07 06:20:36'),(118,30,2672,'PREVIEW','DEBIT','2017-06-07 06:22:28'),(119,30,2642,'PREVIEW','DEBIT','2017-06-07 06:23:39'),(120,12,2630,'JOURNEY','DEBIT','2017-06-07 06:27:54'),(121,30,2600,'PREVIEW','DEBIT','2017-06-07 06:28:23'),(122,12,2588,'JOURNEY','DEBIT','2017-06-07 06:28:52'),(123,12,2576,'JOURNEY','DEBIT','2017-06-07 06:29:17'),(124,12,2564,'JOURNEY','DEBIT','2017-06-07 06:29:23'),(125,12,2552,'JOURNEY','DEBIT','2017-06-07 06:29:47'),(126,12,2540,'JOURNEY','DEBIT','2017-06-07 06:29:57'),(127,40,2500,'PREVIEW','DEBIT','2017-06-07 06:32:27');
/*!40000 ALTER TABLE `user_credit_points_transaction` ENABLE KEYS */;
UNLOCK TABLES;

--
-- Table structure for table `user_credit_points_value`
--

DROP TABLE IF EXISTS `user_credit_points_value`;
/*!40101 SET @saved_cs_client     = @@character_set_client */;
/*!40101 SET character_set_client = utf8 */;
CREATE TABLE `user_credit_points_value` (
  `user_credit_points_value_id` int(12) NOT NULL AUTO_INCREMENT,
  `user_credit_points_value_history_id` int(124) NOT NULL,
  `credit_points_value` int(12) NOT NULL,
  `created_timestamp` timestamp NOT NULL DEFAULT CURRENT_TIMESTAMP,
  `modified_timestamp` timestamp NOT NULL DEFAULT CURRENT_TIMESTAMP ON UPDATE CURRENT_TIMESTAMP,
  PRIMARY KEY (`user_credit_points_value_id`)
) ENGINE=InnoDB AUTO_INCREMENT=2 DEFAULT CHARSET=latin1;
/*!40101 SET character_set_client = @saved_cs_client */;

--
-- Dumping data for table `user_credit_points_value`
--

LOCK TABLES `user_credit_points_value` WRITE;
/*!40000 ALTER TABLE `user_credit_points_value` DISABLE KEYS */;
INSERT INTO `user_credit_points_value` VALUES (1,13,70,'2017-05-29 06:49:33','2017-05-29 07:18:59');
/*!40000 ALTER TABLE `user_credit_points_value` ENABLE KEYS */;
UNLOCK TABLES;

--
-- Table structure for table `user_credit_points_value_history`
--

DROP TABLE IF EXISTS `user_credit_points_value_history`;
/*!40101 SET @saved_cs_client     = @@character_set_client */;
/*!40101 SET character_set_client = utf8 */;
CREATE TABLE `user_credit_points_value_history` (
  `user_credit_points_value_history_id` int(124) NOT NULL AUTO_INCREMENT,
  `credit_points_value` int(12) NOT NULL,
  `created_timestamp` timestamp NOT NULL DEFAULT CURRENT_TIMESTAMP,
  PRIMARY KEY (`user_credit_points_value_history_id`)
) ENGINE=InnoDB AUTO_INCREMENT=14 DEFAULT CHARSET=latin1;
/*!40101 SET character_set_client = @saved_cs_client */;

--
-- Dumping data for table `user_credit_points_value_history`
--

LOCK TABLES `user_credit_points_value_history` WRITE;
/*!40000 ALTER TABLE `user_credit_points_value_history` DISABLE KEYS */;
INSERT INTO `user_credit_points_value_history` VALUES (1,40,'2017-05-29 06:51:54'),(2,40,'2017-05-29 06:51:56'),(3,40,'2017-05-29 06:51:57'),(4,40,'2017-05-29 06:51:57'),(5,40,'2017-05-29 06:52:00'),(6,40,'2017-05-29 06:52:01'),(7,70,'2017-05-29 06:52:06'),(8,70,'2017-05-29 07:18:02'),(9,70,'2017-05-29 07:18:02'),(10,70,'2017-05-29 07:18:35'),(11,70,'2017-05-29 07:18:35'),(12,70,'2017-05-29 07:18:57'),(13,70,'2017-05-29 07:18:59');
/*!40000 ALTER TABLE `user_credit_points_value_history` ENABLE KEYS */;
UNLOCK TABLES;

--
-- Table structure for table `user_details`
--

DROP TABLE IF EXISTS `user_details`;
/*!40101 SET @saved_cs_client     = @@character_set_client */;
/*!40101 SET character_set_client = utf8 */;
CREATE TABLE `user_details` (
  `user_details_id` int(11) NOT NULL AUTO_INCREMENT,
  `user_id` int(11) NOT NULL,
  `city` varchar(124) NOT NULL,
  `street` text NOT NULL,
  `country` varchar(124) NOT NULL,
  `state` varchar(255) NOT NULL,
  `postal_code` varchar(32) NOT NULL,
  `phone_number` varchar(32) NOT NULL,
  `created_timestamp` timestamp NOT NULL DEFAULT CURRENT_TIMESTAMP,
  `updated_timestamp` timestamp NOT NULL DEFAULT CURRENT_TIMESTAMP ON UPDATE CURRENT_TIMESTAMP,
  PRIMARY KEY (`user_details_id`)
) ENGINE=InnoDB AUTO_INCREMENT=5 DEFAULT CHARSET=latin1;
/*!40101 SET character_set_client = @saved_cs_client */;

--
-- Dumping data for table `user_details`
--

LOCK TABLES `user_details` WRITE;
/*!40000 ALTER TABLE `user_details` DISABLE KEYS */;
INSERT INTO `user_details` VALUES (1,1,'city','street','United States Minor Outlying Islands','state','1234123','9686040071','2017-05-31 04:53:10','2017-05-31 04:53:10'),(2,2,'NOIDA','sector 62','India','Uttar Pradesh','201301','9986426245','2017-05-31 05:22:08','2017-05-31 05:22:08'),(3,3,'','','South Georgia and the South Sandwich Islands','','132121','123121','2017-05-31 06:28:27','2017-05-31 06:28:27'),(4,4,'','','Barbados','','ssdd','12121','2017-05-31 06:30:42','2017-05-31 06:30:42');
/*!40000 ALTER TABLE `user_details` ENABLE KEYS */;
UNLOCK TABLES;

--
-- Table structure for table `user_generic_hits`
--

DROP TABLE IF EXISTS `user_generic_hits`;
/*!40101 SET @saved_cs_client     = @@character_set_client */;
/*!40101 SET character_set_client = utf8 */;
CREATE TABLE `user_generic_hits` (
  `user_generic_hits_id` int(124) NOT NULL AUTO_INCREMENT,
  `hits_type` enum('GENERIC','ONETIMESEARCH') NOT NULL,
  `hits_count` int(11) NOT NULL,
  `ip_address` varchar(32) NOT NULL,
  `user_id` int(124) NOT NULL,
  `hit_date` date NOT NULL,
  `created_timestamp` timestamp NOT NULL DEFAULT CURRENT_TIMESTAMP,
  `modified_timestamp` timestamp NOT NULL DEFAULT CURRENT_TIMESTAMP ON UPDATE CURRENT_TIMESTAMP,
  PRIMARY KEY (`user_generic_hits_id`)
) ENGINE=InnoDB AUTO_INCREMENT=5 DEFAULT CHARSET=latin1;
/*!40101 SET character_set_client = @saved_cs_client */;

--
-- Dumping data for table `user_generic_hits`
--

LOCK TABLES `user_generic_hits` WRITE;
/*!40000 ALTER TABLE `user_generic_hits` DISABLE KEYS */;
INSERT INTO `user_generic_hits` VALUES (1,'GENERIC',1,'::1',0,'2017-06-01','2017-06-01 14:21:50','2017-06-01 14:21:50'),(2,'GENERIC',19,'::1',4,'2017-06-01','2017-06-01 14:25:34','2017-06-01 20:24:43'),(3,'GENERIC',20,'::1',4,'2017-06-06','2017-06-06 06:19:54','2017-06-06 06:40:02'),(4,'GENERIC',2,'::1',4,'2017-06-07','2017-06-07 05:54:46','2017-06-07 05:57:42');
/*!40000 ALTER TABLE `user_generic_hits` ENABLE KEYS */;
UNLOCK TABLES;

--
-- Table structure for table `user_generic_hits_count`
--

DROP TABLE IF EXISTS `user_generic_hits_count`;
/*!40101 SET @saved_cs_client     = @@character_set_client */;
/*!40101 SET character_set_client = utf8 */;
CREATE TABLE `user_generic_hits_count` (
  `user_generic_hits_count_id` int(12) NOT NULL AUTO_INCREMENT,
  `total_hits` int(12) NOT NULL,
  `created_timestamp` timestamp NOT NULL DEFAULT CURRENT_TIMESTAMP,
  `modified_timestamp` timestamp NOT NULL DEFAULT CURRENT_TIMESTAMP ON UPDATE CURRENT_TIMESTAMP,
  PRIMARY KEY (`user_generic_hits_count_id`)
) ENGINE=InnoDB AUTO_INCREMENT=2 DEFAULT CHARSET=latin1;
/*!40101 SET character_set_client = @saved_cs_client */;

--
-- Dumping data for table `user_generic_hits_count`
--

LOCK TABLES `user_generic_hits_count` WRITE;
/*!40000 ALTER TABLE `user_generic_hits_count` DISABLE KEYS */;
INSERT INTO `user_generic_hits_count` VALUES (1,23,'2017-05-29 12:05:20','2017-06-01 20:13:01');
/*!40000 ALTER TABLE `user_generic_hits_count` ENABLE KEYS */;
UNLOCK TABLES;

--
-- Table structure for table `user_transaction`
--

DROP TABLE IF EXISTS `user_transaction`;
/*!40101 SET @saved_cs_client     = @@character_set_client */;
/*!40101 SET character_set_client = utf8 */;
CREATE TABLE `user_transaction` (
  `user_transaction_id` bigint(124) NOT NULL AUTO_INCREMENT,
  `user_credit_points_transaction_id` int(32) NOT NULL,
  `user_id` int(32) NOT NULL,
  `process_by` enum('USER','ADMIN') NOT NULL,
  `ip_address` varchar(64) NOT NULL,
  `created_timestamp` timestamp NOT NULL DEFAULT CURRENT_TIMESTAMP,
  PRIMARY KEY (`user_transaction_id`)
) ENGINE=InnoDB AUTO_INCREMENT=128 DEFAULT CHARSET=latin1;
/*!40101 SET character_set_client = @saved_cs_client */;

--
-- Dumping data for table `user_transaction`
--

LOCK TABLES `user_transaction` WRITE;
/*!40000 ALTER TABLE `user_transaction` DISABLE KEYS */;
INSERT INTO `user_transaction` VALUES (1,1,1,'USER','::1','2017-05-31 04:53:09'),(2,2,2,'USER','192.168.1.13','2017-05-31 05:22:08'),(3,3,3,'ADMIN','::1','2017-05-31 06:28:27'),(4,4,4,'ADMIN','::1','2017-05-31 06:30:42'),(5,5,4,'USER','::1','2017-06-01 10:03:07'),(6,6,4,'USER','192.168.1.13','2017-06-01 11:12:54'),(7,7,4,'USER','::1','2017-06-01 15:12:51'),(8,8,4,'USER','::1','2017-06-01 16:18:22'),(9,9,4,'USER','::1','2017-06-01 16:35:22'),(10,10,4,'USER','::1','2017-06-01 16:37:22'),(11,11,4,'USER','::1','2017-06-01 16:45:28'),(12,12,4,'USER','::1','2017-06-01 16:51:28'),(13,13,4,'USER','::1','2017-06-01 16:54:08'),(14,14,4,'USER','::1','2017-06-01 16:56:13'),(15,15,4,'USER','::1','2017-06-01 16:58:36'),(16,16,4,'USER','::1','2017-06-01 17:00:58'),(17,17,4,'USER','::1','2017-06-01 17:07:03'),(18,18,4,'USER','::1','2017-06-01 17:10:27'),(19,19,4,'USER','::1','2017-06-01 17:10:42'),(20,20,4,'USER','::1','2017-06-01 17:15:57'),(21,21,4,'USER','::1','2017-06-01 17:21:09'),(22,22,4,'USER','::1','2017-06-01 17:24:30'),(23,23,4,'USER','::1','2017-06-01 17:25:31'),(24,24,4,'USER','::1','2017-06-01 17:25:46'),(25,25,4,'USER','::1','2017-06-01 17:27:15'),(26,26,4,'USER','::1','2017-06-01 17:42:49'),(27,27,4,'USER','::1','2017-06-01 18:03:38'),(28,28,4,'USER','::1','2017-06-01 18:04:44'),(29,29,4,'USER','::1','2017-06-01 18:04:56'),(30,30,4,'USER','::1','2017-06-01 19:15:14'),(31,31,4,'USER','::1','2017-06-01 19:16:00'),(32,32,4,'USER','::1','2017-06-01 19:16:05'),(33,33,4,'USER','::1','2017-06-01 19:30:35'),(34,34,4,'USER','::1','2017-06-01 19:32:02'),(35,35,4,'USER','::1','2017-06-01 19:32:08'),(36,36,4,'USER','::1','2017-06-01 19:40:27'),(37,37,4,'USER','::1','2017-06-01 19:40:52'),(38,38,4,'USER','::1','2017-06-01 19:42:02'),(39,39,4,'USER','::1','2017-06-01 20:08:53'),(40,40,4,'USER','::1','2017-06-01 20:09:22'),(41,41,4,'USER','::1','2017-06-01 20:40:21'),(42,42,4,'USER','::1','2017-06-01 20:51:49'),(43,43,4,'USER','::1','2017-06-01 20:54:13'),(44,44,4,'USER','::1','2017-06-01 20:54:24'),(45,45,4,'USER','::1','2017-06-01 20:56:30'),(46,46,4,'USER','::1','2017-06-02 00:18:11'),(47,47,4,'USER','::1','2017-06-02 00:20:07'),(48,48,4,'USER','::1','2017-06-06 07:34:41'),(49,49,4,'USER','::1','2017-06-06 12:32:08'),(50,50,4,'USER','::1','2017-06-06 12:33:32'),(51,51,4,'USER','::1','2017-06-06 12:34:35'),(52,52,4,'USER','::1','2017-06-06 12:35:55'),(53,53,4,'USER','::1','2017-06-06 12:41:56'),(54,54,4,'USER','::1','2017-06-06 12:45:26'),(55,55,4,'USER','::1','2017-06-06 12:45:40'),(56,56,4,'USER','::1','2017-06-06 12:47:43'),(57,57,4,'USER','::1','2017-06-06 12:57:19'),(58,58,4,'USER','::1','2017-06-06 12:58:00'),(59,59,4,'USER','::1','2017-06-06 12:58:04'),(60,60,4,'USER','::1','2017-06-06 12:58:07'),(61,61,4,'USER','::1','2017-06-06 12:59:26'),(62,62,4,'USER','::1','2017-06-06 12:59:38'),(63,63,4,'USER','::1','2017-06-06 12:59:43'),(64,64,4,'USER','::1','2017-06-06 13:00:38'),(65,65,4,'USER','::1','2017-06-06 13:00:41'),(66,66,4,'USER','::1','2017-06-06 13:00:44'),(67,67,4,'USER','::1','2017-06-06 13:00:58'),(68,68,4,'USER','::1','2017-06-06 13:01:28'),(69,69,4,'USER','::1','2017-06-06 13:02:07'),(70,70,4,'USER','::1','2017-06-06 13:02:43'),(71,71,4,'USER','::1','2017-06-06 13:04:32'),(72,72,4,'USER','::1','2017-06-06 13:07:14'),(73,73,4,'USER','::1','2017-06-06 13:08:13'),(74,74,4,'USER','::1','2017-06-06 13:08:37'),(75,75,4,'USER','::1','2017-06-06 13:09:03'),(76,76,4,'USER','::1','2017-06-06 13:09:48'),(77,77,4,'USER','::1','2017-06-06 13:10:04'),(78,78,4,'USER','::1','2017-06-06 13:11:13'),(79,79,4,'USER','::1','2017-06-06 13:11:29'),(80,80,4,'USER','::1','2017-06-06 13:14:24'),(81,81,4,'USER','::1','2017-06-06 13:15:07'),(82,82,4,'USER','::1','2017-06-06 13:20:18'),(83,83,4,'USER','::1','2017-06-06 13:21:11'),(84,84,4,'USER','::1','2017-06-07 04:54:56'),(85,85,4,'USER','::1','2017-06-07 04:56:24'),(86,86,4,'USER','::1','2017-06-07 05:02:39'),(87,87,4,'USER','::1','2017-06-07 05:02:54'),(88,88,4,'USER','::1','2017-06-07 05:03:26'),(89,89,4,'USER','::1','2017-06-07 05:05:30'),(90,90,4,'USER','::1','2017-06-07 05:08:03'),(91,91,4,'USER','::1','2017-06-07 05:12:57'),(92,92,4,'USER','::1','2017-06-07 05:13:28'),(93,93,4,'USER','::1','2017-06-07 05:28:43'),(94,94,4,'USER','::1','2017-06-07 05:34:42'),(95,95,4,'USER','::1','2017-06-07 05:39:49'),(96,96,4,'USER','::1','2017-06-07 05:41:41'),(97,97,4,'USER','::1','2017-06-07 05:42:22'),(98,98,4,'USER','::1','2017-06-07 05:42:25'),(99,99,4,'USER','::1','2017-06-07 05:42:44'),(100,100,4,'USER','::1','2017-06-07 05:42:46'),(101,101,4,'USER','::1','2017-06-07 05:51:54'),(102,102,4,'USER','::1','2017-06-07 05:56:45'),(103,103,4,'USER','::1','2017-06-07 05:57:24'),(104,104,4,'USER','::1','2017-06-07 05:58:09'),(105,105,4,'USER','::1','2017-06-07 06:01:54'),(106,106,4,'USER','::1','2017-06-07 06:09:17'),(107,107,4,'USER','::1','2017-06-07 06:13:31'),(108,108,4,'USER','::1','2017-06-07 06:15:13'),(109,109,4,'USER','::1','2017-06-07 06:16:25'),(110,110,4,'USER','::1','2017-06-07 06:16:29'),(111,111,4,'USER','::1','2017-06-07 06:17:21'),(112,112,4,'USER','::1','2017-06-07 06:18:28'),(113,113,4,'USER','::1','2017-06-07 06:18:46'),(114,114,4,'USER','::1','2017-06-07 06:19:08'),(115,115,4,'USER','::1','2017-06-07 06:19:11'),(116,116,4,'USER','::1','2017-06-07 06:19:34'),(117,117,4,'USER','::1','2017-06-07 06:20:36'),(118,118,4,'USER','::1','2017-06-07 06:22:28'),(119,119,4,'USER','::1','2017-06-07 06:23:39'),(120,120,4,'USER','::1','2017-06-07 06:27:54'),(121,121,4,'USER','::1','2017-06-07 06:28:23'),(122,122,4,'USER','::1','2017-06-07 06:28:52'),(123,123,4,'USER','::1','2017-06-07 06:29:17'),(124,124,4,'USER','::1','2017-06-07 06:29:23'),(125,125,4,'USER','::1','2017-06-07 06:29:47'),(126,126,4,'USER','::1','2017-06-07 06:29:57'),(127,127,4,'USER','192.168.1.13','2017-06-07 06:32:27');
/*!40000 ALTER TABLE `user_transaction` ENABLE KEYS */;
UNLOCK TABLES;

--
-- Table structure for table `user_verifications`
--

DROP TABLE IF EXISTS `user_verifications`;
/*!40101 SET @saved_cs_client     = @@character_set_client */;
/*!40101 SET character_set_client = utf8 */;
CREATE TABLE `user_verifications` (
  `user_verifications_id` int(124) NOT NULL AUTO_INCREMENT,
  `user_id` int(124) NOT NULL,
  `temp_email_opt` varchar(6) NOT NULL,
  `email_verify` enum('0','1') NOT NULL,
  `verification_url` text NOT NULL,
  `verification_code` text NOT NULL,
  `v_secret` text NOT NULL,
  `v_key` text NOT NULL,
  `created_timestamp` timestamp NOT NULL DEFAULT CURRENT_TIMESTAMP ON UPDATE CURRENT_TIMESTAMP,
  PRIMARY KEY (`user_verifications_id`)
) ENGINE=InnoDB AUTO_INCREMENT=5 DEFAULT CHARSET=latin1;
/*!40101 SET character_set_client = @saved_cs_client */;

--
-- Dumping data for table `user_verifications`
--

LOCK TABLES `user_verifications` WRITE;
/*!40000 ALTER TABLE `user_verifications` DISABLE KEYS */;
INSERT INTO `user_verifications` VALUES (1,1,'','0','','','75845b5267119bc7594b71c5a78847bb','179OYJD9.Z358GB9KJKN8JBTHQN1NLFN0JJCVG7QSRVG5PJ9F7','2017-05-31 04:53:10'),(2,2,'','1','','','','','2017-05-31 05:22:24'),(3,3,'','0','','','','','2017-05-31 06:28:27'),(4,4,'','0','','','','','2017-05-31 06:41:51');
/*!40000 ALTER TABLE `user_verifications` ENABLE KEYS */;
UNLOCK TABLES;
/*!40103 SET TIME_ZONE=@OLD_TIME_ZONE */;

/*!40101 SET SQL_MODE=@OLD_SQL_MODE */;
/*!40014 SET FOREIGN_KEY_CHECKS=@OLD_FOREIGN_KEY_CHECKS */;
/*!40014 SET UNIQUE_CHECKS=@OLD_UNIQUE_CHECKS */;
/*!40101 SET CHARACTER_SET_CLIENT=@OLD_CHARACTER_SET_CLIENT */;
/*!40101 SET CHARACTER_SET_RESULTS=@OLD_CHARACTER_SET_RESULTS */;
/*!40101 SET COLLATION_CONNECTION=@OLD_COLLATION_CONNECTION */;
/*!40111 SET SQL_NOTES=@OLD_SQL_NOTES */;

-- Dump completed on 2017-07-25  0:07:05
